master_record_number,agency,agency_tracking_number,county,city,collision_date,vehicles_involved,number_injured,number_dead,latitude,longitude,roadway_name,roadway_suffix,roadway_number,roadway_local_id,distance_from_reference,miles-feet_indicator,direction_from_reference,intersection_road_name,intersection_road_name_suffix,intersection_road_number,intersection_local_id,mile_marker,intersection_indicator,intersect_type,interchange_related_indicator,relation_to_junction,work_zone_type,construction_maintenance_zone,construction_maintenance_zone_location,fatal_case_number,officer_first_name,officer_last_name,weather_condition(s),manner_of_crash,pedestrian,bicycle,scooter,parking,hitrun,mou
102435186,METROPOLITAN NASHVILLE POLICE DEPT,20190499103,Davidson,Not in City Limit,7/2/2019 4:23:00 PM,2,1,0,36.326090,-86.881090,I 24,,,,0.00,,,,,,,34.25,N,Not at Intersection, ,Non-Junction,None,,,         ,Justin,Vaughn,Clear,Angle,no,no,no,no,no,False
102435187,METROPOLITAN NASHVILLE POLICE DEPT,20190499198,Davidson,Nashville,7/2/2019 5:25:00 PM,1,1,0,36.154810,-86.831520,I 40,,,,0.00,,,,,,,205.40,N,Not at Intersection,N,Non-Junction,None,,,         ,Walter,Gray II,Clear,Not Collision with Motor Vehicle in Transport,no,no,no,no,no,False
102435201,METROPOLITAN NASHVILLE POLICE DEPT,20190499303,Davidson,Not in City Limit,7/2/2019 6:15:00 PM,2,0,0,36.264100,-86.724180,OLD HICKORY BLVDW,,,,0.00,,,HERITAGE DR,,,,0.00,Y,T-Intersection,N,Intersection,None,,,         ,Christopher,Littles,Clear,Front to Rear,no,no,no,no,yes,False
102435203,METROPOLITAN NASHVILLE POLICE DEPT,20190499235,Davidson,Nashville,7/2/2019 5:41:00 PM,2,1,0,36.110290,-86.800350,GRAYBAR LN,,,,0.00,,,BELMONT BLVD,,,,0.00,Y,Four-Way, ,Intersection,None,,,         ,FELIKS,ABRAHAMYAN,Clear,Angle,no,no,no,no,no,False
102435223,METROPOLITAN NASHVILLE POLICE DEPT,20190499216,Davidson,Nashville,7/2/2019 4:42:00 PM,3,0,0,36.125400,-86.733490,I 440,,,,0.00,,,,,,,7.20,N,Not at Intersection,N,Non-Junction,Construction Zone,Work On Shoulder Or Median,Unknown,         ,Jarret,Sonnenberg,Clear,Front to Rear,no,no,no,no,no,False
102435226,METROPOLITAN NASHVILLE POLICE DEPT,20190499308,Davidson,Nashville,7/2/2019 6:24:00 PM,2,0,0,36.038990,-86.782580,OLD HICKORY BLVD,,,,0.00,Feet,East,I65 N EXT RAMP,,,,0.00,N,Not at Intersection, ,Non-Junction,None,,,         ,John,Timm,Clear,Front to Rear,no,no,no,no,no,False
102435229,METROPOLITAN NASHVILLE POLICE DEPT,20190498925,Davidson,Nashville,7/2/2019 12:00:00 AM,1,1,0,36.110180,-86.744830,COLLIER AV,,,,0.00,,,NOLENSVILLE PKE,,,,0.00,Y,T-Intersection,N,Intersection-Related,None,,,         ,Jacob,Robbins,Clear,Not Collision with Motor Vehicle in Transport,no,yes,no,no,yes,False
102435230,METROPOLITAN NASHVILLE POLICE DEPT,20190499356,Davidson,Nashville,7/2/2019 6:40:00 PM,2,0,0,36.187950,-86.821600,ED TEMPLE BLVD,,,,20.00,Feet,South,ROSA L PARKS BLVD,,,,0.00,N,Not at Intersection, ,Non-Junction,None,,,         ,Justin,Vaughn,Clear,Front to Rear,no,no,no,no,no,False
102435239,METROPOLITAN NASHVILLE POLICE DEPT,20190499112,Davidson,Nashville,7/2/2019 4:54:00 PM,2,0,0,36.111900,-86.723210,I 24,,,,0.00,,,,,,,53.55,N,Not at Intersection, ,Non-Junction,None,,,         ,Andrew,Brazee,Clear,Front to Rear,no,no,no,no,no,False
102435240,METROPOLITAN NASHVILLE POLICE DEPT,20190499171,Davidson,Nashville,7/2/2019 4:46:00 PM,2,0,0,36.111900,-86.723210,I 24,,,,0.00,,,,,,,53.55,N,Not at Intersection, ,Non-Junction,None,,,         ,Andrew,Brazee,Clear,Front to Rear,no,no,no,no,no,False
102435241,METROPOLITAN NASHVILLE POLICE DEPT,20190499244,Davidson,Antioch,7/2/2019 3:21:00 PM,2,0,0,36.042660,-86.606880,HOBSON PKE,,,,119.00,Feet,West,MURFREESBORO PKE,,,,0.00,N,Not at Intersection, ,Non-Junction,None,,,         ,Andrew,Brazee,Cloudy,"Sideswipe, Same Direction",no,no,no,no,no,False
102435243,METROPOLITAN NASHVILLE POLICE DEPT,20190499369,Davidson,Nashville,7/2/2019 6:10:00 PM,2,0,0,36.151580,-86.795850,BROADWAY,,,,240.00,Feet,South,18TH AVS,,,,0.00,N,Not at Intersection, ,,None,,,         ,Akira,McSwain,,,no,no,no,no,no,False
102435244,METROPOLITAN NASHVILLE POLICE DEPT,20190499177,Davidson,Nashville,7/2/2019 5:16:00 PM,2,1,0,36.086160,-86.649090,UNA ANTIOCH PKE,,,,302.00,Feet,South,NASHBORO BLVD,,,,0.00,N,Not at Intersection, ,Non-Junction,None,,,         ,Jesse,Cox,Clear,Angle,no,no,no,no,no,False
102435251,METROPOLITAN NASHVILLE POLICE DEPT,20190499493,Davidson,Nashville,7/2/2019 6:41:00 PM,2,0,0,36.169330,-86.806570,DR D B TODD JR BLVD,,,,50.00,Feet,South,JEFFERSON ST,,,,0.00,N,Not at Intersection, ,Non-Junction,None,,,         ,Justin,Vaughn,Clear,Front to Rear,no,no,no,no,yes,False
102435253,METROPOLITAN NASHVILLE POLICE DEPT,20190499463,Davidson,Nashville,7/2/2019 6:20:00 PM,2,0,0,36.176600,-86.678710,MCGAVOCK PKE,,,,0.00,,,MAPLECREST DR,,,,0.00,Y,Four-Way, ,Intersection,None,,,         ,Tony,Mingsing,Rain,Front to Rear,no,no,no,no,no,False
102435264,METROPOLITAN NASHVILLE POLICE DEPT,20190499072,Davidson,Nashville,7/2/2019 4:06:00 PM,2,0,0,36.114220,-86.706590,BRILEY PKWYN,,,,543.00,Feet,East,BRILEY PKWYS,,,,0.00,N,Not at Intersection,N,Non-Junction,None,,,         ,Jedidayah,Merriweather,Cloudy,Front to Rear,no,no,no,no,no,False
102435266,METROPOLITAN NASHVILLE POLICE DEPT,20190499397,Davidson,Nashville,7/2/2019 7:10:00 PM,2,1,0,36.110360,-86.766900,POWELL AV,,,,231.00,Feet,South,OLD POWELL AV,,,,0.00,N,Not at Intersection,N,Non-Junction,None,,,         ,FELIKS,ABRAHAMYAN,Clear,Angle,no,no,no,no,no,False
102435270,METROPOLITAN NASHVILLE POLICE DEPT,20190499417,Davidson,Nashville,7/2/2019 7:10:00 PM,2,0,0,36.080370,-86.685700,ANTIOCH PKE,,,,0.00,Feet,,FRANKLIN LIMESTONE RD,,,,0.00,Y,Four-Way,Y,Intersection,None,,,         ,Daniel,Fuentes,Clear,Angle,no,no,no,no,no,False
102435274,METROPOLITAN NASHVILLE POLICE DEPT,20190499472,Davidson,Nashville,7/2/2019 12:00:00 AM,2,1,0,36.153010,-86.764980,I 40,,,,0.00,,,,,,,210.70,N,Not at Intersection,Y,Non-Junction,None,,,         ,Alexander,Spradling,Cloudy,Front to Rear,no,no,no,no,no,False
102435280,METROPOLITAN NASHVILLE POLICE DEPT,20190499427,Davidson,Nashville,7/2/2019 7:22:00 PM,2,0,0,36.172500,-86.599280,CENTRAL PKE,,,,344.00,Feet,West,CENTRAL CT,,,,0.00,N,Not at Intersection,N,Non-Junction,None,,,         ,Abbey,Sawl,Clear,Front to Rear,no,no,no,no,no,False
102435296,METROPOLITAN NASHVILLE POLICE DEPT,20190499272,Davidson,Nashville,7/2/2019 5:55:00 PM,3,1,0,36.085030,-86.703110,HARDING PL,,,,86.00,Feet,West,I24 E EXT RAMP,,,,0.00,N,Not at Intersection,N,Non-Junction,None,,,         ,Jesse,Cox,Clear,Angle,no,no,no,no,no,False
102435305,METROPOLITAN NASHVILLE POLICE DEPT,20190499406,Davidson,Nashville,7/2/2019 7:16:00 PM,2,1,0,36.078090,-86.695300,I 24,,,,0.00,,,,,,,56.35,N,Not at Intersection,N,Non-Junction,None,,,         ,Sean,Weaver,Clear,Angle,no,no,no,no,no,False
102435312,METROPOLITAN NASHVILLE POLICE DEPT,20190499432,Davidson,Nashville,7/2/2019 7:29:00 PM,2,0,0,36.067340,-86.691220,HICKORY LAKE APTS PVTDR,,,,106.00,Feet,North,APACHE TRL,,,,0.00,N,Not at Intersection, ,,None,,,         ,Jesse,Cox,,,no,no,no,no,no,False
102435334,METROPOLITAN NASHVILLE POLICE DEPT,20190499284,Davidson,Nashville,7/2/2019 6:05:00 PM,2,0,0,36.077150,-86.734090,HARDING PL,,,,0.00,,,OVERCREST DR,,,,0.00,Y,T-Intersection, ,Intersection-Related,None,,,         ,Jacob,Robbins,Clear,Angle,no,no,no,no,no,False
102435378,METROPOLITAN NASHVILLE POLICE DEPT,20190499518,Davidson,Nashville,7/2/2019 7:51:00 PM,2,0,0,36.099430,-86.710920,I 24,,,,0.00,,,,,,,54.60,N,Not at Intersection,N,Non-Junction,None,,,         ,Andrew,Brazee,Clear,Front to Rear,no,no,no,no,yes,False
102435387,METROPOLITAN NASHVILLE POLICE DEPT,20190499326,Davidson,Nashville,7/2/2019 5:40:00 PM,2,0,0,36.151650,-86.810030,PATTERSON ST,,,,410.00,Feet,East,CENTENNIAL PARK PVTDR,,,,0.00,N,Not at Intersection, ,Non-Junction,None,,,         ,Darryl,Williams,Clear,"Sideswipe, Same Direction",no,no,no,yes,yes,False
102435388,METROPOLITAN NASHVILLE POLICE DEPT,20190499640,Davidson,Nashville,7/2/2019 6:19:00 PM,3,0,0,36.077700,-86.725750,NOLENSVILLE PKE,,,,711.00,Feet,South,HARDING PL,,,,0.00,N,Not at Intersection,N,Non-Junction,None,,,         ,Akira,McSwain,Clear,Front to Rear,no,no,no,no,yes,False
102435395,METROPOLITAN NASHVILLE POLICE DEPT,20190499617,Davidson,Nashville,7/2/2019 8:40:00 PM,3,2,0,36.215090,-86.764010,DELLWAY DR,,,,0.00,,,DICKERSON PKE,,,,0.00,Y,T-Intersection,N,Non-Junction,None,,,         ,Gregory,Cenicola,Clear,Angle,no,no,no,no,no,False
102435399,METROPOLITAN NASHVILLE POLICE DEPT,20190499661,Davidson,Nashville,7/2/2019 8:50:00 PM,2,1,0,36.117990,-86.700360,BRILEY PKWY N EXT RAMP,,,,0.00,Feet,East,BRILEY PKWYN,,,,0.00,N,Not at Intersection,N,Non-Junction,None,,,         ,Jedidayah,Merriweather,Cloudy,Front to Rear,no,no,no,no,yes,False
102435427,METROPOLITAN NASHVILLE POLICE DEPT,20190499637,Davidson,Nashville,7/2/2019 8:46:00 PM,2,0,0,36.151930,-86.674140,ELM HILL PKE,,,,0.00,,,,,,,0.00,,,N,OtherLocation,None,,,         ,Allyson,Reis,Clear,Angle,no,no,no,yes,yes,False
102435465,METROPOLITAN NASHVILLE POLICE DEPT,20190499829,Davidson,Nashville,7/2/2019 10:26:00 PM,2,2,0,36.095590,-86.707830,I 24,,,,0.00,,,,,,,54.90,N,Not at Intersection,N,Non-Junction,None,,,         ,Andrew,Brazee,Clear,Front to Rear,no,no,no,no,no,False
102435466,METROPOLITAN NASHVILLE POLICE DEPT,20190499872,Davidson,Nashville,7/2/2019 8:00:00 PM,1,1,0,36.154440,-86.781720,10TH AVS,,,,79.00,Feet,North,PALMER PL,,,,0.00,N,Not at Intersection,N,Non-Junction,None,,,         ,John,Anderson,Clear,Not Collision with Motor Vehicle in Transport,yes,no,no,no,yes,False
102435482,METROPOLITAN NASHVILLE POLICE DEPT,20190500013,Davidson,Nashville,7/3/2019 12:08:00 AM,1,0,0,36.185700,-86.691360,BRILEY PKWYS,,,,329.00,Feet,South,BRILEY PKWYN,,,,0.00,N,Not at Intersection,N,Non-Junction,None,,,         ,Curtis,Fisher,Clear,Not Collision with Motor Vehicle in Transport,no,no,no,no,no,False
102435497,METROPOLITAN NASHVILLE POLICE DEPT,20190499949,Davidson,Nashville,7/2/2019 11:30:00 PM,2,0,0,36.162900,-86.776860,3RD AVN,,,,0.00,Feet,East,COMMERCE ST,,,,0.00,N,Not at Intersection,N,Non-Junction,None,,,         ,Brenton,Adcox,Clear,"Sideswipe, Same Direction",no,no,no,no,yes,False
102435502,METROPOLITAN NASHVILLE POLICE DEPT,20190499983,Davidson,Not in City Limit,7/2/2019 11:40:00 PM,1,0,0,36.323830,-86.872160,EATONS CREEK RD,,,,159.00,Feet,East,BINKLEY RD,,,,0.00,N,Not at Intersection,N,Non-Junction,None,,,         ,Abigail,Malone,Rain,Not Collision with Motor Vehicle in Transport,no,no,no,no,no,False
102435507,METROPOLITAN NASHVILLE POLICE DEPT,20190499857,Davidson,Nashville,7/2/2019 10:22:00 PM,2,0,0,36.169050,-86.772240,S 1ST ST,,,,0.00,,,WOODLAND ST,,,,0.00,Y,Four-Way,N,Intersection,None,,,         ,Kelcey,Bell,Clear,Angle,no,no,no,no,yes,False
102435513,METROPOLITAN NASHVILLE POLICE DEPT,20190500352,Davidson,Madison,7/3/2019 2:58:00 AM,1,0,0,36.309200,-86.678570,GALLATIN PKEN,,,,0.00,,,,,,,0.00,,, ,,None,,,         ,Patrick,McGinnis,,,no,no,no,no,no,False
102435543,METROPOLITAN NASHVILLE POLICE DEPT,20190500348,Davidson,Nashville,7/2/2019 9:00:00 PM,2,0,0,36.182450,-86.812190,DR D B TODD JR BLVD,,,,63.00,Feet,South,CLAY ST,,,,0.00,N,Not at Intersection,N,Non-Junction,None,,,         ,Charles,Duke,Clear,Rear to Rear,no,no,no,yes,yes,False
102435567,METROPOLITAN NASHVILLE POLICE DEPT,20190500623,Davidson,Nashville,7/3/2019 5:31:00 AM,1,1,0,36.232690,-86.759470,W MAPLEWOOD LN,,,,0.00,,,,,,,0.00,,,N,Non-Junction,None,,,         ,Lindsey,Anderson,Clear,Not Collision with Motor Vehicle in Transport,yes,no,no,yes,no,False
102435568,METROPOLITAN NASHVILLE POLICE DEPT,20190500578,Davidson,Nashville,7/3/2019 5:15:00 AM,1,0,0,36.146740,-86.753680,EXPRESSWAY PARK DR,,,,284.00,Feet,North,MURFREESBORO PKE,,,,0.00,N,Not at Intersection,N,Non-Junction,None,,,         ,Meghan,Pope,Clear,Not Collision with Motor Vehicle in Transport,no,no,no,no,no,False
102435607,METROPOLITAN NASHVILLE POLICE DEPT,20190500695,Davidson,Nashville,7/3/2019 6:27:00 AM,1,0,0,36.036890,-86.713290,NOLENSVILLE PKE,,,,485.00,Feet,North,BRENTWOOD HIGHLANDS DR,,,,0.00,N,Not at Intersection,N,Non-Junction,None,,,         ,Jessie,Meadows,Clear,Not Collision with Motor Vehicle in Transport,no,no,no,no,no,False
102435609,METROPOLITAN NASHVILLE POLICE DEPT,20190500544,Davidson,Nashville,7/3/2019 5:00:00 AM,2,2,0,36.047840,-86.612050,MURFREESBORO PKE,,,,1284.00,Feet,North,MOUNTAIN SPRINGS RD,,,,0.00,N,Not at Intersection,Y,OtherLocation,None,,,         ,Alexander,Hartle,Clear,Angle,no,no,no,no,no,False
102435617,METROPOLITAN NASHVILLE POLICE DEPT,20190500569,Davidson,Nashville,7/3/2019 5:10:00 AM,1,1,0,36.177540,-86.776090,COWAN ST,,,,243.00,Feet,North,SPRING ST,,,,0.00,N,Not at Intersection,N,Non-Junction,None,,,         ,Kelcey,Bell,Clear,Not Collision with Motor Vehicle in Transport,no,no,no,no,no,False
102435628,METROPOLITAN NASHVILLE POLICE DEPT,20190500682,Davidson,Nashville,7/3/2019 6:45:00 AM,2,1,0,36.158940,-86.842600,MICHIGAN AV,,,,0.00,,,46TH AVN,,,,0.00,Y,T-Intersection,N,Intersection,None,,,         ,Curtis,Rich,Clear,Angle,no,no,no,no,no,False
102435635,METROPOLITAN NASHVILLE POLICE DEPT,20190500869,Davidson,Nashville,7/3/2019 7:57:00 AM,2,0,0,36.159000,-86.760460,I 24,,,,0.00,,,,,,,49.50,N,Not at Intersection,N,Non-Junction,None,,,         ,Kyle,Eicholtz,Clear,Front to Rear,no,no,no,no,no,False
102435639,METROPOLITAN NASHVILLE POLICE DEPT,20190500722,Davidson,Nashville,7/3/2019 6:52:00 AM,2,0,0,36.106210,-86.673060,MURFREESBORO PKE,,,,0.00,,,DONELSON PKE,,,,0.00,Y,Four-Way,N,Intersection-Related,None,,,         ,Tien,Nguyen,Cloudy,"Sideswipe, Same Direction",no,no,no,no,yes,False
102435642,METROPOLITAN NASHVILLE POLICE DEPT,20190500835,Davidson,Nashville,7/3/2019 7:50:00 AM,2,0,0,36.146000,-86.819540,OMAN ST,,,,25.00,Feet,North,LONG BLVD,,,,0.00,N,Not at Intersection, ,Non-Junction,None,,,         ,Earl,Davis,Cloudy,"Sideswipe, Same Direction",no,no,no,no,no,False
102435644,METROPOLITAN NASHVILLE POLICE DEPT,20190500767,Davidson,Nashville,7/3/2019 7:20:00 AM,2,0,0,36.085400,-86.690650,ANTIOCH PKE,,,,50.00,Feet,South,PERIMETER HILL DR,,,,0.00,N,Not at Intersection, ,Non-Junction,None,,,         ,Brian,Lamb,Clear,"Sideswipe, Same Direction",no,no,no,no,no,False
102435711,METROPOLITAN NASHVILLE POLICE DEPT,20190500998,Davidson,Nashville,7/3/2019 8:44:00 AM,2,0,0,36.144790,-86.813320,29TH AVN,,,,94.00,Feet,North,WEST END AV,,,,0.00,N,Not at Intersection, ,Non-Junction,None,,,         ,Phillip,Murphy,Clear,Angle,no,no,no,no,no,Campus
102435712,METROPOLITAN NASHVILLE POLICE DEPT,20190500887,Davidson,Nashville,7/3/2019 8:00:00 AM,2,0,0,36.217050,-86.696090,MCGAVOCK PKE,,,,87.00,Feet,East,MUSIC VALLEY DR,,,,0.00,N,Not at Intersection, ,Non-Junction,None,,,         ,Lee,Davis,Cloudy,Front to Rear,no,no,no,no,no,False
102435713,METROPOLITAN NASHVILLE POLICE DEPT,20190500874,Davidson,Nashville,7/3/2019 7:59:00 AM,3,1,0,36.146100,-86.741870,I 40,,,,0.00,,,,,,,212.15,N,Not at Intersection,N,Non-Junction,None,,,         ,Larry,Benz,Clear,Front to Rear,no,no,no,no,no,False
102435715,METROPOLITAN NASHVILLE POLICE DEPT,20190499237,Davidson,Nashville,7/2/2019 5:36:00 PM,2,0,0,36.168150,-86.777420,JAMES ROBERTSON PKWY,,,,0.00,,,GAY ST,,,,0.00,Y,OTHER, ,Non-Junction,None,,,         ,Michael,Douglas,Clear,Front to Rear,no,no,no,no,no,False
102435736,VANDERBILT UNIVERSITY POLICE,2019-0498731,Davidson,Nashville,7/2/2019 12:00:00 AM,2,0,0,36.139270,-86.804630,CHILDRENS WAY,,,,0.00,,,,,,,0.00,,,N,Non-Junction,None,,,         ,Casey,Campbell,Cloudy,Rear to Side,no,no,no,yes,yes,Campus
102435753,METROPOLITAN NASHVILLE POLICE DEPT,20190500905,Davidson,Nashville,7/3/2019 8:07:00 AM,2,0,0,36.147430,-86.799390,21ST AVS,,,,0.00,,,GRAND AV,,,,0.00,Y,T-Intersection,N,Intersection,None,,,         ,Earl,Davis,Cloudy,"Sideswipe, Same Direction",no,no,no,no,no,Campus
102435757,METROPOLITAN NASHVILLE POLICE DEPT,20190500781,Davidson,Not in City Limit,7/3/2019 6:50:00 AM,1,0,0,36.137000,-86.935670,RIVER ROAD PKE,,,,420.00,Feet,West,OLD RIVER RD,,,,0.00,N,Not at Intersection,N,Non-Junction,None,,,         ,Benjamin,Cantrell,Clear,Not Collision with Motor Vehicle in Transport,no,no,no,no,yes,False
102435761,METROPOLITAN NASHVILLE POLICE DEPT,20190501036,Davidson,Not in City Limit,7/3/2019 9:01:00 AM,1,0,0,36.307720,-86.820970,I 24,,,,0.00,,,,,,,38.05,N,Not at Intersection,N,Non-Junction,None,,,         ,James,Wray,Clear,Not Collision with Motor Vehicle in Transport,no,no,no,no,yes,False
102435762,METROPOLITAN NASHVILLE POLICE DEPT,20190500896,Davidson,Nashville,7/3/2019 8:02:00 AM,2,0,0,36.155050,-86.791090,BROADWAY,,,,150.00,Feet,West,15TH AVN,,,,0.00,N,Not at Intersection, ,Non-Junction,None,,,         ,Phillip,Murphy,Clear,"Sideswipe, Same Direction",no,no,no,no,no,False
102435765,METROPOLITAN NASHVILLE POLICE DEPT,20190501161,Davidson,Nashville,7/3/2019 9:30:00 AM,2,0,0,36.041700,-86.748100,OLD HICKORY BLVD,,,,28.00,Feet,West,BRENTWOOD MEADOWS CIR,,,,0.00,N,Not at Intersection,N,Non-Junction,None,,,         ,Kiana,Perry,Clear,Front to Rear,no,no,no,no,yes,False
102435772,METROPOLITAN NASHVILLE POLICE DEPT,20190501148,Davidson,Nashville,7/3/2019 9:50:00 AM,2,0,0,36.208590,-86.841080,W HAMILTON RD,,,,0.00,,,MEADOW RD,,,,0.00,Y,T-Intersection, ,Intersection,None,,,         ,Wesley,Young,Cloudy,Angle,no,no,no,no,no,False
102435783,METROPOLITAN NASHVILLE POLICE DEPT,20190501331,Davidson,Nashville,7/3/2019 10:45:00 AM,2,0,0,36.252290,-86.718650,W WEBSTER ST,,,,314.00,Feet,West,GALLATIN PKES,,,,0.00,N,Not at Intersection,N,Non-Junction,None,,,         ,Brian,Otto,Cloudy,Angle,no,no,no,yes,yes,False
102435784,METROPOLITAN NASHVILLE POLICE DEPT,20190501203,Davidson,Nashville,7/3/2019 10:00:00 AM,2,0,0,36.127880,-86.843300,HARDING PKE,,,,205.00,Feet,East,WOODLAWN DR,,,,0.00,N,Not at Intersection, ,Non-Junction,None,,,         ,Brian,Myatt,Clear,Front to Rear,no,no,no,no,no,False
102435794,METROPOLITAN NASHVILLE POLICE DEPT,20190501217,Davidson,Nashville,7/3/2019 10:01:00 AM,2,0,0,36.161540,-86.775970,3RD AVS,,,,0.00,,,BROADWAY,,,,0.00,Y,Four-Way, ,Intersection,None,,,         ,Joshua,Reece,Clear,"Sideswipe, Same Direction",no,no,no,no,no,False
102435813,METROPOLITAN NASHVILLE POLICE DEPT,20190500909,Davidson,Nashville,7/3/2019 8:10:00 AM,2,0,0,36.176750,-86.755540,MCFERRIN AV,,,,0.00,,,MAIN ST,,,,0.00,Y,Four-Way, ,Intersection,None,,,         ,Russell,Freeman,Cloudy,"Sideswipe, Same Direction",no,no,no,no,no,False
102435819,METROPOLITAN NASHVILLE POLICE DEPT,20190501363,Davidson,Nashville,7/3/2019 10:26:00 AM,2,0,0,36.139820,-86.823990,MURPHY RD,,,,59.00,Feet,East,PARK CIR,,,,0.00,N,Not at Intersection, ,Non-Junction,None,,,         ,Nelson,Hemingway,Clear,"Sideswipe, Same Direction",no,no,no,no,yes,False
102435823,METROPOLITAN NASHVILLE POLICE DEPT,20190501098,Davidson,Nashville,7/3/2019 9:23:00 AM,3,0,0,36.121710,-86.755820,I 440,,,,0.00,,,,,,,6.00,N,Not at Intersection,N,Non-Junction,Construction Zone,Work On Shoulder Or Median,Activity Area,         ,Earl,Davis,Cloudy,Front to Rear,no,no,no,no,no,False
102435827,METROPOLITAN NASHVILLE POLICE DEPT,20190501322,Davidson,Nashville,7/3/2019 10:48:00 AM,2,0,0,36.148750,-86.745970,I 40,,,,0.00,,,,,,,211.85,N,Not at Intersection, ,Non-Junction,None,,,         ,Tien,Nguyen,Cloudy,"Sideswipe, Same Direction",no,no,no,no,no,False
102435833,METROPOLITAN NASHVILLE POLICE DEPT,20190501231,Davidson,Nashville,7/3/2019 9:50:00 AM,2,0,0,36.121040,-86.803540,I 440,,,,0.00,,,,,,,2.90,N,Not at Intersection, ,Non-Junction,Construction Zone,,,         ,Christian,Downen,Cloudy,"Sideswipe, Same Direction",no,no,no,no,yes,False
102435840,METROPOLITAN NASHVILLE POLICE DEPT,20190501298,Davidson,Nashville,7/3/2019 10:15:00 AM,2,0,0,36.201410,-86.758260,JONES AV,,,,121.00,Feet,North,CHICKASAW AV,,,,0.00,N,Not at Intersection,N,Non-Junction,None,,,         ,Russell,Freeman,Cloudy,"Sideswipe, Opposite Direction",no,no,no,no,yes,False
102435841,METROPOLITAN NASHVILLE POLICE DEPT,20190501493,Davidson,Nashville,7/3/2019 11:58:00 AM,2,0,0,36.169430,-86.672800,LEBANON PKE,,,,146.00,Feet,South,OLD LEBANON PKE,,,,0.00,N,Not at Intersection, ,Non-Junction,None,,,         ,Michael,Dance,Clear,Rear to Side,no,no,no,yes,no,False
102435849,METROPOLITAN NASHVILLE POLICE DEPT,20190501270,Davidson,Nashville,7/3/2019 10:15:00 AM,2,0,0,36.169470,-86.806620,DR D B TODD JR BLVD,,,,0.00,,,JEFFERSON ST,,,,0.00,Y,Four-Way, ,Intersection,None,,,         ,Wesley,Young,Cloudy,Front to Rear,no,no,no,no,no,False
102435882,METROPOLITAN NASHVILLE POLICE DEPT,20190501403,Davidson,Nashville,7/3/2019 11:30:00 AM,2,1,0,36.192140,-86.839430,HYDES FERRY RD,,,,0.00,,,ASHTON AV,,,,0.00,Y,T-Intersection,N,Intersection,None,,,         ,Wesley,Young,Clear,Front to Rear,no,no,no,no,yes,False
102435888,METROPOLITAN NASHVILLE POLICE DEPT,20190501398,Davidson,Nashville,7/3/2019 11:19:00 AM,4,1,0,36.152210,-86.787050,I 40,,,,0.00,,,,,,,209.40,N,Not at Intersection,N,Non-Junction,None,,,         ,Earl,Davis,Cloudy,Front to Rear,no,no,no,no,no,False
102435889,METROPOLITAN NASHVILLE POLICE DEPT,20190501452,Davidson,Nashville,7/3/2019 11:45:00 AM,2,0,0,36.158060,-86.802640,JO JOHNSTON AV,,,,0.00,,,,,,,0.00,,, ,Non-Junction,None,,,         ,Wesley,Young,Clear,Angle,no,no,no,yes,no,False
102435890,METROPOLITAN NASHVILLE POLICE DEPT,20190501479,Davidson,Nashville,7/3/2019 12:00:00 PM,2,0,0,36.156660,-86.787310,BROADWAY,,,,57.00,Feet,East,12TH AVS,,,,0.00,N,Not at Intersection, ,Non-Junction,None,,,         ,Brandon,O'Guin,Clear,Front to Rear,no,no,no,no,no,False
102435915,METROPOLITAN NASHVILLE POLICE DEPT,20190501420,Davidson,Antioch,7/3/2019 11:32:00 AM,1,0,0,36.047840,-86.612050,MURFREESBORO PKE,,,,1284.00,Feet,North,MOUNTAIN SPRINGS RD,,,,0.00,N,Not at Intersection,N,Non-Junction,Construction Zone,Lane Shift-Crossover,Activity Area,         ,Jessie,Meadows,Clear,Not Collision with Motor Vehicle in Transport,no,no,no,no,no,False
102435917,METROPOLITAN NASHVILLE POLICE DEPT,20190501608,Davidson,Nashville,7/3/2019 12:40:00 PM,2,0,0,36.242800,-86.760350,SKYLINE COMMONS PVTDR,,,,200.00,Feet,North,DOVERSIDE DR,,,,0.00,N,Not at Intersection,N,Non-Junction,None,,,         ,Cyretha,Frazier,Cloudy,Front to Rear,no,no,no,yes,yes,False
102435947,METROPOLITAN NASHVILLE POLICE DEPT,20190501670,Davidson,Not in City Limit,7/3/2019 1:15:00 PM,2,1,0,36.263890,-86.702520,STATE RT 45,,,,452.00,Feet,North,BURWOOD AV,,,,0.00,N,Not at Intersection,N,Non-Junction,None,,,         ,Brian,Otto,Cloudy,Front to Rear,no,no,no,no,no,False
102435963,BERRY HILL POLICE DEPT,19-2519,Davidson,Berry Hill,7/3/2019 12:21:00 PM,2,0,0,36.127470,-86.777510,FRANKLIN PKE,,,,0.00,,,MELPARK DR,,,,0.00,Y,T-Intersection, ,Intersection,None,,,         ,Ronnie,Hill,Cloudy,Front to Rear,no,no,no,no,no,False
102435967,METROPOLITAN NASHVILLE POLICE DEPT,20190501703,Davidson,Nashville,7/3/2019 1:30:00 PM,2,0,0,36.133200,-86.891930,CHARLOTTE PKE,,,,190.00,Feet,North,OLD CHARLOTTE PKE,,,,0.00,N,Not at Intersection, ,Non-Junction,None,,,         ,Curtis,Rich,Clear,Front to Rear,no,no,no,no,no,False