master_record_number,agency,agency_tracking_number,county,city,collision_date,vehicles_involved,number_injured,number_dead,latitude,longitude,roadway_name,roadway_suffix,roadway_number,roadway_local_id,distance_from_reference,miles-feet_indicator,direction_from_reference,intersection_road_name,intersection_road_name_suffix,intersection_road_number,intersection_local_id,mile_marker,intersection_indicator,intersect_type,interchange_related_indicator,relation_to_junction,work_zone_type,construction_maintenance_zone,construction_maintenance_zone_location,fatal_case_number,officer_first_name,officer_last_name,weather_condition(s),manner_of_crash,pedestrian,bicycle,scooter,parking,hitrun,mou
102436528,METROPOLITAN NASHVILLE POLICE DEPT,20190502221,Davidson,Nashville,7/3/2019 3:48:00 PM,2,0,0,36.159770,-86.795880,CHARLOTTE AV,,,,160.00,Feet,West,15TH AVN,,,,0.00,N,Not at Intersection, ,Non-Junction,None,,,         ,Darryl,Williams,Rain,Front to Rear,no,no,no,no,no,False
102436564,METROPOLITAN NASHVILLE POLICE DEPT,20190502712,Davidson,Nashville,7/3/2019 9:27:00 PM,1,2,0,36.146290,-86.666550,DONELSON PKE,,,,125.00,Feet,North,ROYAL PKWY,,,,0.00,N,Not at Intersection,N,Non-Junction,None,,,         ,Allyson,Reis,Rain,Not Collision with Motor Vehicle in Transport,yes,no,no,no,no,False
102436576,METROPOLITAN NASHVILLE POLICE DEPT,20190502832,Davidson,Nashville,7/3/2019 10:35:00 PM,2,0,0,36.156510,-86.848820,INDIANA AV,,,,0.00,,,51ST AVN,,,,0.00,Y,Four-Way,N,Non-Junction,None,,,         ,Melvin,Brown III,Clear,Front to Rear,no,no,no,no,yes,False
102436578,METROPOLITAN NASHVILLE POLICE DEPT,20190502819,Davidson,Not in City Limit,7/3/2019 9:25:00 PM,2,0,0,36.137800,-86.949590,RIVER ROAD PKE,,,,1846.00,Feet,East,INDIAN CREEK RD,,,,0.00,N,Not at Intersection,N,Non-Junction,None,,,         ,Jeremy,Huffine,Rain,Not Collision with Motor Vehicle in Transport,no,no,no,no,no,False
102436582,VANDERBILT UNIVERSITY POLICE,20190500724,Davidson,Nashville,7/3/2019 6:25:00 AM,1,0,0,36.149790,-86.799880,TERRACE PL,,,,0.00,,,21ST AVS,,,,0.00,Y,OTHER, ,Non-Junction,None,,,         ,Robert,Stanley,Clear,Not Collision with Motor Vehicle in Transport,no,no,no,yes,no,Campus
102436591,METROPOLITAN NASHVILLE POLICE DEPT,20190502955,Davidson,Nashville,7/3/2019 11:36:00 PM,2,0,0,36.160300,-86.782990,ROSA L PARKS BLVD,,,,19.00,Feet,North,COMMERCE ST,,,,0.00,N,Not at Intersection, ,Non-Junction,None,,,         ,Joel,Cottrill,Clear,Front to Rear,no,no,no,no,yes,False
102436597,METROPOLITAN NASHVILLE POLICE DEPT,20190503077,Davidson,Nashville,7/4/2019 12:30:00 AM,2,0,0,36.167370,-86.762090,S 5TH ST,,,,94.00,Feet,South,SHELBY AV,,,,0.00,N,Not at Intersection,N,Non-Junction,None,,,         ,Shaquille,Graham,Clear,Front to Rear,no,no,no,no,yes,False
102436606,METROPOLITAN NASHVILLE POLICE DEPT,20190503120,Davidson,Nashville,7/4/2019 12:50:00 AM,1,0,0,36.089520,-86.687990,EZELL PKE,,,,0.00,,,,,,,0.00,,,N,Non-Junction,None,,,         ,Brenda,Navarro,Cloudy,Not Collision with Motor Vehicle in Transport,no,no,no,yes,no,False
102436646,METROPOLITAN NASHVILLE POLICE DEPT,20190503369,Davidson,Nashville,7/4/2019 1:08:00 AM,2,0,0,36.098610,-86.659380,HARDING PL,,,,0.00,,,MURFREESBORO PKE,,,,0.00,Y,T-Intersection,N,Intersection,None,,,         ,David,Moser,Clear,Front to Rear,no,no,no,no,yes,False
102436652,THP District 3 - Nashville,319041883,Davidson,Nashville,7/3/2019 10:20:00 PM,2,0,0,36.238170,-86.782360,BRILEY PKWYE,,,,196.00,Feet,East,I24 W EXT RAMP,,,,0.00,N,Not at Intersection,Y,Entrance/Exit Ramp Related,None,,,         ,Kevin,Smith,Rain,"Sideswipe, Same Direction",no,no,no,no,no,False
102436674,METROPOLITAN NASHVILLE POLICE DEPT,20190503487,Davidson,Nashville,7/4/2019 4:10:00 AM,2,0,0,36.134640,-86.723460,MURFREESBORO PKE,,,,333.00,Feet,East,I24 W EXT RAMP,,,,0.00,N,Not at Intersection,N,Non-Junction,None,,,         ,Derrick,Toney,Clear,Angle,no,no,no,no,no,False
102436676,METROPOLITAN NASHVILLE POLICE DEPT,20190503543,Davidson,Nashville,7/4/2019 5:29:00 AM,2,0,0,36.171460,-86.768940,JAMES ROBERTSON PKWY,,,,31.00,Feet,East,INTERSTATE DR,,,,0.00,N,Not at Intersection, ,Non-Junction,None,,,         ,Jerica,Gladston,Clear,Angle,no,no,no,no,no,False
102436678,METROPOLITAN NASHVILLE POLICE DEPT,20190503521,Davidson,Nashville,7/4/2019 5:00:00 AM,2,2,0,36.049980,-86.649500,BELL RD,,,,0.00,,,MT VIEW RD,,,,0.00,Y,Four-Way,N,Intersection,None,,,         ,David,Moser,Clear,Angle,no,no,no,no,no,False
102436686,METROPOLITAN NASHVILLE POLICE DEPT,20190503522,Davidson,Nashville,7/4/2019 5:01:00 AM,1,0,0,36.040830,-86.782560,I 65,,,,0.00,,,,,,,74.70,N,Not at Intersection,N,Non-Junction,None,,,         ,Dakota,Vermillion,Clear,Not Collision with Motor Vehicle in Transport,no,no,no,no,no,False
102436753,VANDERBILT UNIVERSITY POLICE,19-0495474,Davidson,Nashville,7/1/2019 11:15:00 AM,2,0,0,36.111430,-86.766080,THOMPSON LN,,,,0.00,,,,,,,0.00,,,N,Non-Junction,None,,,         ,Robert,Pasinger,Clear,"Sideswipe, Same Direction",no,no,no,yes,no,OHO
102436771,VANDERBILT UNIVERSITY POLICE,20190510362,Davidson,Nashville,7/3/2019 10:45:00 AM,2,0,0,36.139930,-86.807640,25TH AVS,,,,0.00,,,,,,,0.00,,,N,Non-Junction,None,,,         ,Eugene,Kessler,Clear,Rear to Side,no,no,no,yes,no,Campus
102436774,METROPOLITAN NASHVILLE POLICE DEPT,20190503652,Davidson,Nashville,7/4/2019 7:25:00 AM,2,0,0,36.155650,-86.789720,14TH AVS,,,,0.00,,,BROADWAY,,,,0.00,Y,Four-Way, ,Intersection,None,,,         ,William,Caillouette,Clear,Angle,no,no,no,no,no,False
102436810,METROPOLITAN NASHVILLE POLICE DEPT,20190503795,Davidson,Nashville,7/4/2019 9:18:00 AM,1,0,0,36.138690,-86.822360,I 440,,,,0.00,,,,,,,1.30,N,Not at Intersection,N,Non-Junction,Construction Zone,Work On Shoulder Or Median,Activity Area,         ,Earl,Davis,Clear,Not Collision with Motor Vehicle in Transport,no,no,no,no,no,False
102436823,METROPOLITAN NASHVILLE POLICE DEPT,20190503783,Davidson,Nashville,7/4/2019 9:07:00 AM,2,1,0,36.082100,-86.761700,HARDING PL,,,,0.00,,,SIDCO DR,,,,0.00,Y,Four-Way,N,Intersection,None,,,         ,Justin,Pinkelton,Cloudy,Angle,no,no,no,no,yes,False
102436828,METROPOLITAN NASHVILLE POLICE DEPT,2019 0503752,Davidson,Not in City Limit,7/4/2019 8:43:00 AM,2,1,0,36.078180,-86.949010,BELLEVUE CTR PVTDR,,,,57.00,Feet,North,HIGHWAY 70S,,,,0.00,N,Not at Intersection,N,Non-Junction,None,,,         ,Paul,Junkmann,Clear,Angle,no,no,no,no,no,False
102436868,Nashville Airport Police,2019-02843,Davidson,Nashville,7/4/2019 10:05:00 AM,2,0,0,36.136570,-86.664360,SATELLITE WAY ENT RAMP,,,,0.00,,,TERMINAL DR,,,,0.00,Y,Roundabout, ,Non-Junction,None,,,         ,George,Youssef,Clear,"Sideswipe, Same Direction",no,no,no,no,no,False
102436870,METROPOLITAN NASHVILLE POLICE DEPT,20190503720,Davidson,Antioch,7/4/2019 7:08:00 AM,2,0,0,36.054030,-86.595390,PRIESTSHORE BAY,,,,411.00,Feet,West,HAMILTON CROSS DR,,,,0.00,N,Not at Intersection,N,Non-Junction,None,,,         ,Jessie,Meadows,Clear,Rear to Side,no,no,no,no,yes,False
102436872,METROPOLITAN NASHVILLE POLICE DEPT,20190503820,Davidson,Nashville,7/3/2019 2:30:00 PM,2,0,0,36.040410,-86.625110,MURPHYWOOD CRSG,,,,200.00,Feet,North,MONROE CRSG,,,,0.00,N,Not at Intersection, ,Non-Junction,None,,,         ,Jessie,Meadows,Clear,Rear to Side,no,no,no,no,no,False
102436873,METROPOLITAN NASHVILLE POLICE DEPT,20190503857,Davidson,Nashville,7/4/2019 10:00:00 AM,2,0,0,36.093030,-86.736060,NOLENSVILLE PKE,,,,113.00,Feet,South,MCNALLY DR,,,,0.00,N,Not at Intersection,N,Non-Junction,None,,,         ,Jessie,Meadows,Clear,Front to Rear,no,no,no,no,yes,False
102436878,METROPOLITAN NASHVILLE POLICE DEPT,20190503894,Davidson,Nashville,7/4/2019 10:15:00 AM,2,0,0,36.135800,-86.725040,I24 W EXT RAMP,,,,0.00,,,SPENCE LN,,,,0.00,Y,Four-Way, ,Intersection-Related,None,,,         ,Tien,Nguyen,Clear,Front to Rear,no,no,no,no,no,False
102436889,METROPOLITAN NASHVILLE POLICE DEPT,20190503940,Davidson,Nashville,7/4/2019 10:36:00 AM,1,0,0,36.117560,-86.748580,NOLENSVILLE PKE,,,,50.00,Feet,North,WOODBINE ST,,,,0.00,N,Not at Intersection, ,OtherLocation,None,,,         ,Earl,Davis,Clear,Not Collision with Motor Vehicle in Transport,no,no,no,yes,no,False
102436890,METROPOLITAN NASHVILLE POLICE DEPT,20190503987,Davidson,Not in City Limit,7/4/2019 10:30:00 AM,2,0,0,36.262830,-86.687250,E OLD HICKORY BLVD,,,,0.00,,,ARCHWOOD DR,,,,0.00,Y,T-Intersection,N,Intersection,None,,,         ,Brian,Otto,Clear,Angle,no,no,no,no,no,False
102437048,METROPOLITAN NASHVILLE POLICE DEPT,20190504187,Davidson,Nashville,7/4/2019 12:32:00 PM,2,0,0,36.074480,-86.920940,OLD HICKORY BLVD,,,,0.00,,,HIGHWAY 70S,,,,0.00,Y,Four-Way, ,Intersection,None,,,         ,Walter,Gray II,Cloudy,Angle,no,no,no,no,no,False
102437063,METROPOLITAN NASHVILLE POLICE DEPT,20190504218,Davidson,Nashville,7/4/2019 12:51:00 PM,2,0,0,36.134240,-86.776370,I65 S ENT RAMP,,,,0.00,,,WEDGEWOOD AV,,,,0.00,Y,OTHER, ,Entrance/Exit Ramp Related,None,,,         ,Earl,Davis,Cloudy,Front to Rear,no,no,no,no,no,False
102437100,METROPOLITAN NASHVILLE POLICE DEPT,20190504140,Davidson,Nashville,7/4/2019 12:09:00 PM,2,1,0,36.151940,-86.768750,2ND AVS,,,,167.00,Feet,South,LINDSLEY AV,,,,0.00,N,Not at Intersection,N,Non-Junction,None,,,         ,Johnathan,Carlisle,Cloudy,"Sideswipe, Same Direction",no,no,no,no,no,False
102437191,METROPOLITAN NASHVILLE POLICE DEPT,20190504315,Davidson,Nashville,7/4/2019 1:53:00 PM,2,2,0,36.140850,-86.658660,I 40,,,,0.00,,,,,,,217.90,N,Not at Intersection,N,Non-Junction,None,,,         ,Michael,Dance,Rain,Angle,no,no,no,no,no,False
102437246,METROPOLITAN NASHVILLE POLICE DEPT,20190504313,Davidson,Nashville,7/4/2019 1:33:00 PM,2,0,0,36.128390,-86.817060,SHARONDALE DR,,,,145.00,Feet,North,ELMINGTON AV,,,,0.00,N,Not at Intersection, ,,None,,,         ,Walter,Gray II,,,no,no,no,yes,no,False
102437270,METROPOLITAN NASHVILLE POLICE DEPT,20190504263,Davidson,Nashville,7/4/2019 1:09:00 PM,2,0,0,36.226030,-86.760940,HILLHURST DR,,,,219.00,Feet,West,DICKERSON PKE,,,,0.00,N,Not at Intersection,N,Non-Junction,None,,,         ,Joseph,Progar,Rain,Front to Rear,no,no,no,no,no,False
102437309,METROPOLITAN NASHVILLE POLICE DEPT,20190504432,Davidson,Not in City Limit,7/4/2019 3:10:00 PM,2,0,0,36.266010,-86.739610,I65 S EXT RAMP,,,,202.00,Feet,North,OLD HICKORY BLVDW,,,,0.00,N,Not at Intersection,N,Entrance/Exit Ramp Related,None,,,         ,Christopher,Littles,Rain,Front to Rear,no,no,no,no,yes,False
102437333,GOODLETTSVILLE POLICE DEPT,19-24776,Davidson,Goodlettsville,7/4/2019 1:35:00 PM,1,3,0,36.310030,-86.688060,VIETNAM VETERANS BLVD SB EXT R,,,,0.00,,,VIETNAM VETERANS BLVDS,,,,0.00,Y,Y-Intersection,N,Non-Junction,None,,,         ,Charles,Hauskin,Rain,Not Collision with Motor Vehicle in Transport,no,no,no,no,no,False
102437348,METROPOLITAN NASHVILLE POLICE DEPT,20190504447,Davidson,Nashville,7/4/2019 2:33:00 PM,2,0,0,36.047220,-86.656360,BELL RD,,,,172.00,Feet,West,HICKORY HOLLOW PKWY,,,,0.00,N,Not at Intersection, ,Non-Junction,None,,,         ,Taylor,Hurley,Rain,Front to Rear,no,no,no,no,no,False
102437379,METROPOLITAN NASHVILLE POLICE DEPT,20190504509,Davidson,Nashville,7/4/2019 3:57:00 PM,2,2,0,36.226310,-86.603190,SAUNDERSVILLE RD,,,,0.00,Feet,East,SHUTE LN,,,,0.00,N,Not at Intersection, ,Non-Junction,None,,,         ,Tyler,Hall,Rain,Front to Rear,no,no,no,no,no,False
102437402,BELLE MEADE POLICE DEPT,19-0174,Davidson,Belle Meade,7/4/2019 4:03:00 PM,2,0,0,36.122310,-86.851320,HARDING PKE,,,,0.00,,,LYNNWOOD BLVD,,,,0.00,Y,Four-Way, ,Intersection-Related,None,,,         ,Mark,Hill,Rain,Front to Rear,no,no,no,no,no,False
102437404,METROPOLITAN NASHVILLE POLICE DEPT,20190504490,Davidson,Nashville,7/4/2019 3:38:00 PM,2,1,0,36.195490,-86.775080,FERN AV,,,,0.00,,,WHITES CREEK PKE,,,,0.00,Y,T-Intersection,N,Intersection,None,,,         ,Christopher,Valdez,Cloudy,Angle,no,no,no,no,yes,False
102437406,METROPOLITAN NASHVILLE POLICE DEPT,20190504541,Davidson,Not in City Limit,7/4/2019 4:22:00 PM,1,0,0,36.284570,-86.813830,LICKTON PKE,,,,0.00,,,,,,,0.00,,,N,Non-Junction,None,,,         ,Brian,Woodard,Cloudy,Not Collision with Motor Vehicle in Transport,no,no,no,yes,yes,False
102437411,METROPOLITAN NASHVILLE POLICE DEPT,20190504590,Davidson,Nashville,7/4/2019 12:00:00 AM,2,0,0,36.171790,-86.757240,S 8TH ST,,,,148.00,Feet,South,FATHERLAND ST,,,,0.00,N,Not at Intersection,N,Non-Junction,None,,,         ,Richard,Conger,Clear,Unknown,no,no,no,no,yes,False
102437412,METROPOLITAN NASHVILLE POLICE DEPT,20190495749,Davidson,Nashville,7/1/2019 1:30:00 PM,2,0,0,36.165780,-86.764450,I 24,,,,0.00,,,,,,,49.00,N,Not at Intersection, ,Non-Junction,None,,,         ,Gregory,Julia,Clear,Front to Rear,no,no,no,no,no,False
102437439,METROPOLITAN NASHVILLE POLICE DEPT,20190504571,Davidson,Nashville,7/4/2019 4:35:00 PM,1,0,0,36.175780,-86.766410,ELLINGTON PKWYN,,,,67.00,Feet,West,SPRING ST,,,,0.00,N,Not at Intersection, ,Entrance/Exit Ramp Related,None,,,         ,Wade,Johnson,Rain,Not Collision with Motor Vehicle in Transport,no,no,no,no,no,False
102437502,METROPOLITAN NASHVILLE POLICE DEPT,20190504661,Davidson,Nashville,7/4/2019 4:51:00 PM,2,0,0,36.152120,-86.772230,LAFAYETTE ST,,,,0.00,,,DIVISION ST,,,,0.00,Y,Four-Way, ,Intersection,None,,,         ,Nicolas,Pernell,Clear,Angle,no,no,no,no,no,False
102437503,METROPOLITAN NASHVILLE POLICE DEPT,20190504672,Davidson,Nashville,7/4/2019 5:00:00 PM,2,1,0,36.041000,-86.672300,BELL TRACE LN,,,,0.00,Feet,,HICKORY PARK DR,,,,0.00,Y,Four-Way,N,Intersection-Related,None,,,         ,Richard,Olive,Rain,Angle,no,no,no,no,no,False
102437510,METROPOLITAN NASHVILLE POLICE DEPT,20190504578,Davidson,Nashville,7/4/2019 4:45:00 PM,2,1,0,36.172460,-86.811540,22ND AVN,,,,0.00,,,UNDERWOOD ST,,,,0.00,Y,Four-Way,N,Intersection,None,,,         ,John,Petriello,Rain,Angle,no,no,no,no,no,False
102437570,METROPOLITAN NASHVILLE POLICE DEPT,20190504607,Davidson,Not in City Limit,7/4/2019 4:55:00 PM,1,0,0,36.006070,-86.655860,OLD HICKORY BLVD,,,,58.00,Feet,West,LEGACY DR,,,,0.00,N,Not at Intersection,N,Non-Junction,None,,,         ,Jesse,Cox,Rain,Not Collision with Motor Vehicle in Transport,no,no,no,no,yes,False
102437578,METROPOLITAN NASHVILLE POLICE DEPT,20190504413,Davidson,Antioch,7/4/2019 2:54:00 PM,2,0,0,36.013440,-86.620690,I24 E EXT RAMP,,,,0.00,Feet,,I 24,,,,0.00,Y,Four-Way, ,Entrance/Exit Ramp Related,None,,,         ,Andrew,Brazee,Rain,"Sideswipe, Same Direction",no,no,no,no,no,False
102437607,METROPOLITAN NASHVILLE POLICE DEPT,20190504464,Davidson,Nashville,7/4/2019 3:03:00 PM,2,0,0,36.026870,-86.743660,EDMONDSON PKE,,,,657.00,Feet,East,BANBURY STA,,,,0.00,N,Not at Intersection, ,,None,,,         ,Akira,McSwain,,,no,no,no,no,no,False
102437608,METROPOLITAN NASHVILLE POLICE DEPT,20190504731,Davidson,Nashville,7/4/2019 6:30:00 PM,3,1,0,36.038630,-86.806200,OLD HICKORY BLVD,,,,883.00,Feet,West,BRIGHT HOUR FARM PVTDR,,,,0.00,N,Not at Intersection,N,Non-Junction,None,,,         ,Akira,McSwain,Rain,Angle,no,no,no,no,no,False
102437633,METROPOLITAN NASHVILLE POLICE DEPT,20190505032,Davidson,Not in City Limit,7/4/2019 9:09:00 PM,1,0,0,36.076680,-86.983480,I 40,,,,0.00,,,,,,,194.60,N,Not at Intersection,N,Non-Junction,None,,,         ,Jeremy,Huffine,Clear,Not Collision with Motor Vehicle in Transport,no,no,no,no,no,False
102437634,METROPOLITAN NASHVILLE POLICE DEPT,20190504495,Davidson,Antioch,7/4/2019 3:36:00 PM,2,0,0,36.009150,-86.621710,OLD HICKORY BLVD,,,,0.00,,,OCTOBER WOODS DR,,,,0.00,Y,Four-Way, ,Intersection,None,,,         ,Andrew,Brazee,Rain,"Sideswipe, Same Direction",no,no,no,no,no,False
102437637,METROPOLITAN NASHVILLE POLICE DEPT,20190505009,Davidson,Nashville,7/4/2019 12:00:00 AM,2,0,0,36.119960,-86.749740,NOLENSVILLE PKE,,,,225.00,Feet,South,I440 E ENT RAMP,,,,0.00,N,Not at Intersection, ,Non-Junction,None,,,         ,Ryan,Sherry,Clear,"Sideswipe, Same Direction",no,no,no,no,no,False
102437649,METROPOLITAN NASHVILLE POLICE DEPT,20190504962,Davidson,Nashville,7/4/2019 8:45:00 PM,2,1,0,36.191700,-86.767420,MERIDIAN ST,,,,135.00,Feet,South,RICHARDSON AV,,,,0.00,N,Not at Intersection,N,Non-Junction,None,,,         ,Wade,Johnson,Smog/Smoke,HeadOn,no,no,no,no,no,False
102437657,METROPOLITAN NASHVILLE POLICE DEPT,20190505076,Davidson,Nashville,7/4/2019 9:52:00 PM,2,0,0,36.195590,-86.777760,EVERGREEN AV,,,,113.00,Feet,South,FERN AV,,,,0.00,N,Not at Intersection, ,Non-Junction,None,,,         ,Cressie,Prill,Cloudy,Front to Rear,no,no,no,yes,yes,False
102437664,BERRY HILL POLICE DEPT,19-2531,Davidson,Berry Hill,7/3/2019 9:12:00 PM,2,1,0,36.125790,-86.765870,BRANSFORD AV,,,,0.00,,,CRAIGHEAD ST,,,,0.00,Y,Four-Way,N,Intersection,None,,,         ,Anthony,Russo,Rain,Front to Rear,no,no,no,no,no,False
102437665,METROPOLITAN NASHVILLE POLICE DEPT,20190505038,Davidson,Nashville,7/4/2019 9:35:00 PM,2,1,0,36.045430,-86.703610,OLD HICKORY BLVD,,,,0.00,,,EULALA DR,,,,0.00,Y,Four-Way,N,Intersection,None,,,         ,Andrew,Brazee,Smog/Smoke,Front to Rear,no,no,no,no,no,False
102437671,METROPOLITAN NASHVILLE POLICE DEPT,20190504920,Davidson,Not in City Limit,7/4/2019 8:35:00 PM,2,1,0,36.095230,-86.556350,HOBSON PKE,,,,535.00,Feet,South,WALKER RD,,,,0.00,N,Not at Intersection,N,Non-Junction,None,,,         ,Jesse,Cox,Cloudy,HeadOn,no,no,no,no,no,False
102437702,METROPOLITAN NASHVILLE POLICE DEPT,20190505004,Davidson,Not in City Limit,7/4/2019 12:00:00 AM,1,1,0,36.013950,-86.641300,CANE RIDGE RD,,,,0.56,Miles,South,CANE SPRINGS RD,,,,0.00,N,Not at Intersection,N,Non-Junction,None,,,         ,Wesley,Carver,Rain,Not Collision with Motor Vehicle in Transport,no,no,no,no,no,False
102437720,METROPOLITAN NASHVILLE POLICE DEPT,20190504946,Davidson,Nashville,7/4/2019 8:38:00 PM,2,0,0,36.163870,-86.786630,CHARLOTTE AV,,,,0.00,,,,,,,0.00,,, ,Intersection,None,,,         ,Nicolas,Pernell,Clear,Angle,no,no,no,no,no,False
102437731,METROPOLITAN NASHVILLE POLICE DEPT,20190505125,Davidson,Nashville,7/4/2019 10:24:00 PM,2,1,0,36.139560,-86.700690,KAREN DR,,,,17.00,Feet,East,ENVIOUS LN,,,,0.00,N,Not at Intersection,N,Non-Junction,None,,,         ,Dontaveous,Eubanks,Clear,Other,no,no,no,no,no,False
102437732,METROPOLITAN NASHVILLE POLICE DEPT,20190505215,Davidson,Nashville,7/4/2019 10:41:00 PM,2,0,0,36.175010,-86.784680,3RD AVN,,,,0.00,,,JEFFERSON ST,,,,0.00,Y,Four-Way, ,Intersection-Related,None,,,         ,Edward,Conrads,Clear,Angle,no,no,no,no,no,False
102437773,METROPOLITAN NASHVILLE POLICE DEPT,20190505242,Davidson,Nashville,7/4/2019 11:20:00 PM,2,0,0,36.182620,-86.834960,LEAWOOD DR,,,,159.00,Feet,South,HINKLE DR,,,,0.00,N,Not at Intersection,N,Non-Junction,None,,,         ,Charles,Duke,Clear,Front to Rear,no,no,no,no,yes,False
102437774,METROPOLITAN NASHVILLE POLICE DEPT,20190505244,Davidson,Nashville,7/4/2019 11:30:00 PM,2,0,0,36.189140,-86.593260,OLD LEBANON DIRT RD,,,,0.00,,,TULIP GROVE RD,,,,0.00,Y,Four-Way,N,Intersection-Related,None,,,         ,Joshua,Dale,Clear,Angle,no,no,no,no,no,False
102437777,METROPOLITAN NASHVILLE POLICE DEPT,20190505260,Davidson,Nashville,7/4/2019 11:37:00 PM,4,0,0,36.145090,-86.740540,I 40,,,,0.00,,,,,,,212.25,N,Not at Intersection, ,Non-Junction,None,,,         ,Bridget,Griepentrog,Clear,Front to Rear,no,no,no,no,no,False
102437781,METROPOLITAN NASHVILLE POLICE DEPT,20190505350,Davidson,Nashville,7/4/2019 12:00:00 AM,2,0,0,36.156200,-86.770900,2ND AVS,,,,0.00,,,,,,,0.00,,,N,Non-Junction,None,,,         ,Daniel,Garrett,Rain,Front to Rear,no,no,no,yes,yes,False
102437782,METROPOLITAN NASHVILLE POLICE DEPT,20190505288,Davidson,Nashville,7/4/2019 11:15:00 PM,2,0,0,36.162700,-86.765400,CRUTCHER ST,,,,419.00,Feet,East,S 2ND ST,,,,0.00,N,Not at Intersection, ,Non-Junction,None,,,         ,Bradley,Nave,Smog/Smoke,"Sideswipe, Same Direction",no,no,no,no,no,False
102437789,METROPOLITAN NASHVILLE POLICE DEPT,20190505284,Davidson,Nashville,7/4/2019 11:40:00 PM,2,0,0,36.158100,-86.799870,CHARLOTTE AV,,,,0.00,,,18TH AVN,,,,0.00,Y,Four-Way,N,Intersection,None,,,         ,David,Crisman,Clear,Angle,no,no,no,no,no,False
102437791,METROPOLITAN NASHVILLE POLICE DEPT,20190505132,Davidson,Nashville,7/4/2019 12:00:00 AM,1,1,0,36.151000,-86.780490,9TH AVS,,,,296.00,Feet,East,DIVISION ST,,,,0.00,N,Not at Intersection,N,Non-Junction,None,,,         ,Jessica,Johann,Clear,Not Collision with Motor Vehicle in Transport,yes,no,no,no,yes,False
102437799,METROPOLITAN NASHVILLE POLICE DEPT,20190505137,Davidson,Nashville,7/4/2019 9:41:00 PM,1,1,0,36.153030,-86.730660,LEBANON PKE,,,,0.51,Miles,West,SPENCE LN,,,,0.00,N,Not at Intersection,N,Non-Junction,None,,,         ,Joseph,Patricio,Clear,Not Collision with Motor Vehicle in Transport,no,no,no,no,no,False
102437801,METROPOLITAN NASHVILLE POLICE DEPT,20190505199,Davidson,Nashville,7/4/2019 10:15:00 PM,2,0,0,36.166790,-86.763600,S 4TH ST,,,,90.00,Feet,South,I24 W ENT RAMP,,,,0.00,N,Not at Intersection, ,Entrance/Exit Ramp Related,None,,,         ,Douglas,Smith,Clear,"Sideswipe, Same Direction",no,no,no,no,no,False
102437802,METROPOLITAN NASHVILLE POLICE DEPT,20190505314,Davidson,Nashville,7/4/2019 11:55:00 PM,2,0,0,36.026900,-86.680830,OLD HICKORY,BLVD,,PETTUS,300.00,Feet,South,,,,,300.00,N,Not at Intersection,N,Non-Junction,None,,,         ,William,Hamblen,Clear,"Sideswipe, Opposite Direction",no,no,no,no,yes,False
102437824,METROPOLITAN NASHVILLE POLICE DEPT,20190505535,Davidson,Nashville,7/5/2019 2:07:00 AM,2,0,0,36.159940,-86.773780,DEMONBREUN ST,,,,29.00,Feet,East,2ND AVS,,,,0.00,N,Not at Intersection, ,Non-Junction,None,,,         ,Sara,Lober,Clear,Front to Rear,no,no,no,no,no,False
102437843,METROPOLITAN NASHVILLE POLICE DEPT,20190505142,Davidson,Nashville,7/4/2019 10:27:00 PM,2,0,0,36.231600,-86.781520,EWING DR,,,,0.00,,,BRICK CHURCH PKE,,,,0.00,Y,Four-Way,N,Intersection,None,,,         ,Brandon,Wood,Clear,Angle,no,no,no,no,no,False
102437878,METROPOLITAN NASHVILLE POLICE DEPT,20190505149,Davidson,Nashville,7/4/2019 10:30:00 PM,2,0,0,36.172840,-86.765340,JAMES ROBERTSON PKWY,,,,0.00,,,SPRING ST,,,,0.00,Y,Four-Way, ,Intersection-Related,None,,,         ,Frederick,Ware,Fog,Front to Rear,no,no,no,no,yes,False
102437913,METROPOLITAN NASHVILLE POLICE DEPT,20190505739,Davidson,Nashville,7/5/2019 4:37:00 AM,2,0,0,36.215140,-86.775240,I 65,,,,0.00,,,,,,,88.00,N,Not at Intersection,N,Non-Junction,None,,,         ,Andrew,Richey,Clear,Angle,no,no,no,no,no,False
102437923,METROPOLITAN NASHVILLE POLICE DEPT,20190505704,Davidson,Nashville,7/5/2019 4:05:00 AM,1,1,0,36.218200,-86.869130,CATO RD,,,,588.00,Feet,East,GILMORE CROSSING LN,,,,0.00,N,Not at Intersection,N,Non-Junction,None,,,         ,Charles,Duke,Fog,Not Collision with Motor Vehicle in Transport,no,no,no,no,no,False
102437945,METROPOLITAN NASHVILLE POLICE DEPT,20190505756,Davidson,Not in City Limit,7/5/2019 4:55:00 AM,1,0,0,36.363170,-86.785030,GREER RD,,,,1503.00,Feet,South,DIVIDING RIDGE RD,,,,0.00,N,Not at Intersection,N,Non-Junction,None,,,         ,Ashton,Hill,Fog,Not Collision with Motor Vehicle in Transport,no,no,no,no,no,False
102437953,METROPOLITAN NASHVILLE POLICE DEPT,20190505800,Davidson,Nashville,7/5/2019 5:45:00 AM,2,0,0,36.248020,-86.720350,GALLATIN PKES,,,,5.00,Feet,North,DUE WEST AVW,,,,0.00,N,Not at Intersection, ,OtherLocation,None,,,         ,Chad,Mahoney,Fog,Angle,no,no,no,no,no,False