master_record_number,agency,agency_tracking_number,county,city,collision_date,vehicles_involved,number_injured,number_dead,latitude,longitude,roadway_name,roadway_suffix,roadway_number,roadway_local_id,distance_from_reference,miles-feet_indicator,direction_from_reference,intersection_road_name,intersection_road_name_suffix,intersection_road_number,intersection_local_id,mile_marker,intersection_indicator,intersect_type,interchange_related_indicator,relation_to_junction,work_zone_type,construction_maintenance_zone,construction_maintenance_zone_location,fatal_case_number,officer_first_name,officer_last_name,weather_condition(s),manner_of_crash,pedestrian,bicycle,scooter,parking,hitrun,mou
102437958,METROPOLITAN NASHVILLE POLICE DEPT,20190505591,Davidson,Nashville,7/5/2019 2:35:00 AM,1,0,0,36.069210,-86.689240,HAYWOOD LN,,,,73.00,Feet,East,I24 E EXT RAMP,,,,0.00,N,Not at Intersection,N,Non-Junction,None,,,         ,Derrick,Toney,Clear,Not Collision with Motor Vehicle in Transport,no,no,no,no,no,False
102438006,METROPOLITAN NASHVILLE POLICE DEPT,20190505952,Davidson,Nashville,7/5/2019 7:40:00 AM,2,0,0,36.178870,-86.605230,OLD HICKORY BLVD,,,,0.00,,,I40 E EXT RAMP,,,,0.00,Y,OTHER, ,Intersection,None,,,         ,Michael,Dance,Clear,"Sideswipe, Same Direction",no,no,no,no,no,False
102438069,METROPOLITAN NASHVILLE POLICE DEPT,20190504723,Davidson,Nashville,7/5/2019 5:40:00 AM,2,0,0,36.157950,-86.784310,10TH AVS,,,,0.00,Feet,West,10TH AVN,,,,0.00,N,Not at Intersection, ,Non-Junction,None,,,         ,John,Jean Baptiste,Clear,Front to Rear,no,no,no,no,no,False
102438073,THP District 3 - Nashville,319042228,Davidson,Nashville,7/5/2019 12:30:00 AM,1,0,0,36.025800,-86.785280,I 65,,,,0.00,,,,,,,73.65,N,Not at Intersection,N,Non-Junction,None,,,         ,Daniel,Nieuwenhuis,Clear,Not Collision with Motor Vehicle in Transport,no,no,no,no,no,False
102438080,METROPOLITAN NASHVILLE POLICE DEPT,20190506228,Davidson,Nashville,7/5/2019 12:00:00 AM,2,0,0,36.244000,-86.770870,RAINWOOD DR,,,,271.00,Feet,East,BARBARA LYNN WAY,,,,0.00,N,Not at Intersection,N,Non-Junction,None,,,         ,Cyretha,Frazier,Clear,Unknown,no,no,no,no,yes,False
102438094,METROPOLITAN NASHVILLE POLICE DEPT,20190506127,Davidson,Antioch,7/5/2019 8:52:00 AM,2,0,0,36.013560,-86.693220,TARMAC WAY,,,,86.00,Feet,North,MINT LEAF DR,,,,0.00,N,Not at Intersection, ,Non-Junction,None,,,         ,Jessie,Meadows,Clear,Rear to Side,no,no,no,no,no,False
102438095,METROPOLITAN NASHVILLE POLICE DEPT,20190506215,Davidson,Antioch,7/5/2019 9:46:00 AM,2,0,0,36.042680,-86.606850,HOBSON PKE,,,,108.00,Feet,West,MURFREESBORO PKE,,,,0.00,N,Not at Intersection, ,Non-Junction,None,,,         ,Jessie,Meadows,Clear,Front to Rear,no,no,no,no,no,False
102438107,METROPOLITAN NASHVILLE POLICE DEPT,20190506192,Davidson,Nashville,7/5/2019 9:40:00 AM,2,0,0,36.149120,-86.781010,I 40,,,,0.00,,,,,,,209.75,N,Not at Intersection, ,Entrance/Exit Ramp Related,None,,,         ,Robert,Kerpka,Clear,"Sideswipe, Same Direction",no,no,no,no,yes,False
102438118,METROPOLITAN NASHVILLE POLICE DEPT,20190506286,Davidson,Nashville,7/5/2019 10:20:00 AM,2,1,0,36.160400,-86.664390,DONELSON PKE,,,,0.00,,,WOODBERRY DR,,,,0.00,Y,T-Intersection,N,OtherLocation,None,,,         ,Tien,Nguyen,Clear,Angle,no,no,no,no,no,False
102438137,METROPOLITAN NASHVILLE POLICE DEPT,20190506109,Davidson,Not in City Limit,7/5/2019 8:50:00 AM,2,2,0,36.264100,-86.724180,OLD HICKORY BLVDW,,,,0.00,,,HERITAGE DR,,,,0.00,Y,Four-Way,Y,Intersection,None,,,         ,Jeremy,Stricklin,Clear,Angle,no,no,no,no,no,False
102438139,METROPOLITAN NASHVILLE POLICE DEPT,20190506307,Davidson,Nashville,7/5/2019 10:06:00 AM,2,0,0,36.128610,-86.907810,RIVER RD,,,,265.00,Feet,West,RIVER RD PVTDR,,,,0.00,N,Not at Intersection, ,Non-Junction,None,,,         ,Curtis,Rich,Cloudy,Angle,no,no,no,no,no,False
102438157,METROPOLITAN NASHVILLE POLICE DEPT,20190506238,Davidson,Nashville,7/5/2019 9:48:00 AM,2,1,0,36.206080,-86.771100,W TRINITY LN,,,,0.00,,,LUCAS LN,,,,0.00,Y,T-Intersection,N,Intersection,None,,,         ,Nathan,Mayo,Cloudy,Front to Rear,no,no,no,no,no,False
102438194,METROPOLITAN NASHVILLE POLICE DEPT,20190506080,Davidson,Nashville,7/5/2019 8:38:00 AM,2,0,0,36.161650,-86.783920,ROSA L PARKS AV,,,,0.00,,,ROSA L PARKS BLVD,,,,0.00,Y,Four-Way, ,,None,,,         ,James,Hill,,,no,no,no,no,no,False
102438217,METROPOLITAN NASHVILLE POLICE DEPT,20190506576,Davidson,Nashville,7/5/2019 12:30:00 PM,3,0,0,36.130470,-86.899260,CHARLOTTE PKE,,,,58.00,Feet,East,I40 W EXT RAMP,,,,0.00,N,Not at Intersection, ,Non-Junction,None,,,         ,Curtis,Rich,Cloudy,Front to Rear,no,no,no,no,no,False
102438218,METROPOLITAN NASHVILLE POLICE DEPT,20190506512,Davidson,Joelton,7/5/2019 11:39:00 AM,2,0,0,36.271600,-86.795200,I 24,,,,0.00,,,,,,,41.00,N,Not at Intersection, ,Non-Junction,None,,,         ,Douglas,Mann,Clear,"Sideswipe, Same Direction",no,no,no,no,no,False
102438283,METROPOLITAN NASHVILLE POLICE DEPT,20190506536,Davidson,Nashville,7/5/2019 12:20:00 PM,2,0,0,36.242560,-86.756920,DICKERSON PKE,,,,250.00,Feet,North,DICKERSON PKE ENT RAMP,,,,0.00,N,Not at Intersection,Y,Non-Junction,None,,,         ,Cyretha,Frazier,Cloudy,"Sideswipe, Same Direction",no,no,no,no,no,False
102438284,METROPOLITAN NASHVILLE POLICE DEPT,20190506150,Davidson,Nashville,7/5/2019 9:15:00 AM,2,0,0,36.211360,-86.732780,GALLATIN PKE,,,,100.00,Feet,South,HART LN,,,,0.00,N,Not at Intersection, ,Non-Junction,None,,,         ,Russell,Freeman,Clear,"Sideswipe, Same Direction",no,no,no,no,no,False
102438314,METROPOLITAN NASHVILLE POLICE DEPT,20190506566,Davidson,Nashville,7/5/2019 12:44:00 PM,2,0,0,36.137840,-86.726490,I40 E ENT RAMP,,,,0.00,Feet,East,I 24,,,,0.00,N,Not at Intersection,N,Non-Junction,None,,,         ,Tien,Nguyen,Clear,"Sideswipe, Same Direction",no,no,no,no,yes,False
102438321,METROPOLITAN NASHVILLE POLICE DEPT,20190506583,Davidson,Nashville,7/5/2019 11:55:00 AM,2,0,0,36.085350,-86.691090,PERIMETER HILL DR,,,,119.00,Feet,West,ANTIOCH PKE,,,,0.00,N,Not at Intersection,N,Non-Junction,None,,,         ,Adam,Warren,Clear,"Sideswipe, Same Direction",no,no,no,no,no,False
102438322,METROPOLITAN NASHVILLE POLICE DEPT,20190506535,Davidson,Goodlettsville,7/5/2019 12:23:00 PM,1,0,0,36.290920,-86.693870,MYATT DR,,,,31.00,Feet,South,EDENWOLD RD,,,,0.00,N,Not at Intersection,N,OtherLocation,None,,,         ,Jeremy,Stricklin,Clear,Not Collision with Motor Vehicle in Transport,no,no,no,no,no,False
102438351,METROPOLITAN NASHVILLE POLICE DEPT,20190506567,Davidson,Nashville,7/5/2019 12:37:00 PM,2,0,0,36.100890,-86.740060,NOLENSVILLE PKE,,,,42.00,Feet,North,HIGH ST,,,,0.00,N,Not at Intersection, ,Non-Junction,None,,,         ,Jessie,Meadows,Clear,Front to Rear,no,no,no,no,no,False
102438352,METROPOLITAN NASHVILLE POLICE DEPT,20190506590,Davidson,Nashville,7/5/2019 12:04:00 PM,2,0,0,36.118030,-86.748810,NOLENSVILLE PKE,,,,106.00,Feet,North,LUTIE ST,,,,0.00,N,Not at Intersection, ,Non-Junction,None,,,         ,Jessie,Meadows,Clear,Angle,no,no,no,no,no,False
102438353,METROPOLITAN NASHVILLE POLICE DEPT,20190506572,Davidson,Nashville,7/5/2019 12:37:00 PM,2,0,0,36.111030,-86.746800,THOMPSON LN,,,,0.00,,,GRANDVIEW AV,,,,0.00,Y,T-Intersection, ,Intersection-Related,None,,,         ,Phillip,Murphy,Cloudy,"Sideswipe, Same Direction",no,no,no,no,no,False
102438357,METROPOLITAN NASHVILLE POLICE DEPT,20190506401,Davidson,Nashville,7/5/2019 11:25:00 AM,2,1,0,36.229110,-86.725140,GALLATIN PKE,,,,0.00,,,BROADMOOR DR,,,,0.00,Y,T-Intersection,N,Intersection,None,,,         ,Russell,Freeman,Clear,Front to Rear,no,no,no,no,yes,False
102438362,METROPOLITAN NASHVILLE POLICE DEPT,2019-0506538,Davidson,Nashville,7/5/2019 12:28:00 PM,2,0,0,36.148480,-86.793490,MUSIC SQW,,,,0.00,,East,CHET ATKINS PL,,,,0.00,N,Not at Intersection, ,Non-Junction,None,,,         ,Erik,Wagner,Cloudy,Angle,no,no,no,no,no,False
102438373,METROPOLITAN NASHVILLE POLICE DEPT,20190506345,Davidson,Nashville,7/5/2019 10:18:00 AM,2,0,0,36.165490,-86.795220,12TH AVN,,,,241.00,Feet,North,CLINTON ST,,,,0.00,N,Not at Intersection, ,Non-Junction,None,,,         ,Pamela,Caulder,Clear,Front to Rear,no,no,no,no,no,False
102438375,METROPOLITAN NASHVILLE POLICE DEPT,20190506587,Davidson,Nashville,7/5/2019 12:20:00 PM,2,0,0,36.188000,-86.798100,DOMINICAN DR,,,,115.00,Feet,East,ROSA L PARKS BLVD,,,,0.00,N,Not at Intersection, ,Non-Junction,None,,,         ,Corey,Reed,Clear,Front to Rear,no,no,no,no,yes,False
102438402,METROPOLITAN NASHVILLE POLICE DEPT,20190506426,Davidson,Nashville,7/5/2019 11:28:00 AM,2,0,0,36.185180,-86.753030,CHICAMAUGA AV,,,,55.00,Feet,West,LAURENT ST,,,,0.00,N,Not at Intersection,N,Non-Junction,None,,,         ,Nicholas,Silinsky,Clear,"Sideswipe, Opposite Direction",no,no,no,no,no,False
102438406,METROPOLITAN NASHVILLE POLICE DEPT,20190506461,Davidson,Nashville,7/5/2019 11:43:00 AM,2,2,0,36.097800,-86.763630,I 65,,,,0.00,,,,,,,78.90,N,Not at Intersection,N,Non-Junction,None,,,         ,Phillip,Murphy,Cloudy,Front to Rear,no,no,no,no,no,False
102438407,METROPOLITAN NASHVILLE POLICE DEPT,20190506522,Davidson,Nashville,7/5/2019 12:10:00 PM,2,0,0,36.172600,-86.765200,S 5TH ST,,,,100.00,Feet,South,SPRING ST,,,,0.00,N,Not at Intersection,N,Non-Junction,None,,,         ,Russell,Freeman,Clear,Angle,no,no,no,no,no,False
102438410,METROPOLITAN NASHVILLE POLICE DEPT,20190506577,Davidson,Nashville,7/5/2019 12:49:00 PM,2,0,0,36.222810,-86.725820,GREENLAND AV,,,,0.00,,,GALLATIN PKE,,,,0.00,Y,T-Intersection,N,Intersection,None,,,         ,Nathan,Mayo,Cloudy,Angle,no,no,no,no,no,False
102438411,METROPOLITAN NASHVILLE POLICE DEPT,20190506625,Davidson,Nashville,7/5/2019 1:10:00 PM,2,1,0,36.227250,-86.759750,DICKERSON PKE,,,,522.00,Feet,North,HILLHURST DR,,,,0.00,N,Not at Intersection,N,Non-Junction,None,,,         ,Nicholas,Smith,Cloudy,Front to Rear,no,no,no,no,no,False
102438424,METROPOLITAN NASHVILLE POLICE DEPT,20190506635,Davidson,Nashville,7/5/2019 1:30:00 PM,2,0,0,36.044520,-86.661540,CANE RIDGE RD,,,,59.00,Feet,North,TARGET DR,,,,0.00,N,Not at Intersection, ,,None,,,         ,Nicholas,Carter,,,no,no,no,no,no,False
102438474,METROPOLITAN NASHVILLE POLICE DEPT,20190506466,Davidson,Nashville,7/5/2019 11:50:00 AM,2,0,0,36.091910,-86.762730,I 65,,,,0.00,,,,,,,78.50,N,Not at Intersection, ,,None,,,         ,William,Caillouette,,,no,no,no,no,no,False
102438476,METROPOLITAN NASHVILLE POLICE DEPT,20190506632,Davidson,Nashville,7/5/2019 1:24:00 PM,2,0,0,36.158810,-86.798160,17TH AVN,,,,0.00,,,CHARLOTTE AV,,,,0.00,Y,Four-Way, ,Intersection,None,,,         ,Raymond,Flaherty,Clear,Front to Rear,no,no,no,no,no,False
102438509,METROPOLITAN NASHVILLE POLICE DEPT,20190502113,Davidson,Nashville,7/3/2019 4:20:00 PM,2,2,0,36.180500,-86.800230,I 65,,,,0.00,,,,,,,85.00,N,Not at Intersection,N,Non-Junction,None,,,         ,Justin,Vaughn,Clear,Front to Rear,no,no,no,no,no,False
102438510,METROPOLITAN NASHVILLE POLICE DEPT,20190506737,Davidson,Nashville,7/5/2019 2:04:00 PM,2,0,0,36.232410,-86.826110,BRILEY PKWYW,,,,269.00,Feet,West,BRILEY PKWYE,,,,0.00,N,Not at Intersection, ,Non-Junction,None,,,         ,Justin,Vaughn,Clear,Angle,no,no,no,no,no,False
102438526,METROPOLITAN NASHVILLE POLICE DEPT,20190506685,Davidson,Nashville,7/5/2019 2:13:00 PM,2,1,0,36.082920,-86.727350,NOLENSVILLE PKE,,,,117.00,Feet,North,WELSHWOOD DR,,,,0.00,N,Not at Intersection,N,Non-Junction,None,,,         ,William,Caillouette,Cloudy,Front to Rear,no,no,no,no,no,False
102438582,METROPOLITAN NASHVILLE POLICE DEPT,20190505567,Davidson,Nashville,7/5/2019 2:30:00 AM,2,0,0,36.151800,-86.771250,4TH AVS,,,,0.00,,,LAFAYETTE ST,,,,0.00,Y,Four-Way,N,Intersection,None,,,         ,Steven,Frazier Jr.,Clear,Angle,no,no,no,no,yes,False
102438601,METROPOLITAN NASHVILLE POLICE DEPT,20190506708,Davidson,Nashville,7/5/2019 2:30:00 PM,2,0,0,36.134230,-86.801020,MAGNOLIA BLVD,,,,55.00,Feet,East,21ST AVS,,,,0.00,N,Not at Intersection, ,,None,,,         ,Akira,McSwain,,,no,no,no,no,no,False
102438602,METROPOLITAN NASHVILLE POLICE DEPT,20190506732,Davidson,Nashville,7/5/2019 2:53:00 PM,2,0,0,36.119480,-86.802150,I 440,,,,0.00,,,,,,,3.00,N,Not at Intersection, ,,Construction Zone,,,         ,Akira,McSwain,,,no,no,no,no,no,False
102438604,METROPOLITAN NASHVILLE POLICE DEPT,20190506910,Davidson,Nashville,7/5/2019 4:06:00 PM,2,0,0,36.135040,-86.724050,MURFREESBORO PKE,,,,106.00,Feet,East,I24 W EXT RAMP,,,,0.00,N,Not at Intersection,N,Non-Junction,None,,,         ,Deandera,Payne,Clear,"Sideswipe, Same Direction",no,no,no,no,yes,False
102438605,METROPOLITAN NASHVILLE POLICE DEPT,20190506927,Davidson,Nashville,7/5/2019 4:23:00 PM,2,0,0,36.213510,-86.825810,TUCKER RD,,,,129.00,Feet,North,W HAMILTON AV,,,,0.00,N,Not at Intersection,N,Non-Junction,None,,,         ,Justin,Vaughn,Clear,Front to Rear,no,no,no,no,yes,False
102438609,METROPOLITAN NASHVILLE POLICE DEPT,20190506882,Davidson,Nashville,7/5/2019 4:00:00 PM,2,0,0,36.201040,-86.621070,OLD HICKORY BLVD,,,,183.00,Feet,North,PLANTATION DR,,,,0.00,N,Not at Intersection, ,Non-Junction,None,,,         ,Thomas,Odom,Clear,Angle,no,no,no,no,no,False
102438616,METROPOLITAN NASHVILLE POLICE DEPT,20190506845,Davidson,Nashville,7/5/2019 3:30:00 PM,3,0,0,36.052760,-86.714750,NOLENSVILLE PKE,,,,468.00,Feet,North,OCALA DR,,,,0.00,N,Not at Intersection, ,Non-Junction,None,,,         ,Eric,Wegener,Cloudy,Front to Rear,no,no,no,no,no,False
102438631,METROPOLITAN NASHVILLE POLICE DEPT,20190506904,Davidson,Nashville,7/5/2019 3:18:00 PM,2,0,0,36.110960,-86.753520,FOSTER CREIGHTON DR,,,,18.00,Feet,South,THOMPSON LN,,,,0.00,N,Not at Intersection, ,,None,,,         ,Citlaly,Juarez,,,no,no,no,no,no,False
102438633,METROPOLITAN NASHVILLE POLICE DEPT,20190506803,Davidson,Lakewood,7/5/2019 3:13:00 PM,2,0,0,36.240700,-86.632510,OLD HICKORY BLVD,,,,435.00,Feet,East,PRENTISS DR,,,,0.00,N,Not at Intersection,N,Non-Junction,None,,,         ,William,Burnett,Clear,"Sideswipe, Same Direction",no,no,no,no,no,False
102438639,GOODLETTSVILLE POLICE DEPT,19-24903,Davidson,Goodlettsville,7/5/2019 3:44:00 PM,2,3,0,36.309820,-86.695830,CONFERENCE DR,,,,82.00,Feet,North,VIETNAM VETERANS BLVD SB ENT R,,,,0.00,N,Not at Intersection,N,Entrance/Exit Ramp Related,None,,,         ,Marcus,Zugelder,Clear,Front to Rear,no,no,no,no,no,False
102438728,METROPOLITAN NASHVILLE POLICE DEPT,20190507043,Davidson,Antioch,7/5/2019 12:00:00 AM,2,0,0,36.030660,-86.589440,HICKORY WAY,,,,155.00,Feet,West,LAVERGNE COUCHVILLE PKE,,,,0.00,N,Not at Intersection,N,Non-Junction,None,,,         ,Hillary,Sherman,Clear,"Sideswipe, Same Direction",no,no,no,no,yes,False
102438735,METROPOLITAN NASHVILLE POLICE DEPT,20190506769,Davidson,Nashville,7/5/2019 2:51:00 PM,2,1,0,36.154710,-86.773120,4TH AVS,,,,0.00,,,LEA AV,,,,0.00,Y,Four-Way, ,Unknown,None,,,         ,Michael,Douglas,Cloudy,Other,no,no,no,no,no,False
102438737,METROPOLITAN NASHVILLE POLICE DEPT,20190506948,Davidson,Nashville,7/5/2019 3:26:00 PM,2,0,0,36.125830,-86.751740,GLENROSE AV,,,,64.00,Feet,West,WHITNEY AV,,,,0.00,N,Not at Intersection, ,Non-Junction,None,,,         ,Andrew,Brazee,Clear,Angle,no,no,no,no,no,False
102438738,METROPOLITAN NASHVILLE POLICE DEPT,20190506991,Davidson,Nashville,7/5/2019 4:48:00 PM,2,0,0,36.133240,-86.721260,MURFREESBORO PKE,,,,101.00,Feet,West,PAVILION BLVD,,,,0.00,N,Not at Intersection, ,Non-Junction,None,,,         ,Andrew,Brazee,Cloudy,"Sideswipe, Same Direction",no,no,no,no,no,False
102438751,METROPOLITAN NASHVILLE POLICE DEPT,20190507037,Davidson,Nashville,7/5/2019 5:34:00 PM,2,1,0,36.250100,-86.687950,NEELYS BEND RD,,,,448.00,Feet,West,LARKIN SPRINGS RD,,,,0.00,N,Not at Intersection,N,Non-Junction,None,,,         ,Christopher,Littles,Clear,Rear to Side,no,no,no,no,no,False
102438752,METROPOLITAN NASHVILLE POLICE DEPT,20190506956,Davidson,Nashville,7/5/2019 4:34:00 PM,2,0,0,36.152160,-86.784540,12TH AVS,,,,132.00,Feet,North,11TH AVS,,,,0.00,N,Not at Intersection, ,Non-Junction,None,,,         ,Timothy,Mead,Clear,"Sideswipe, Same Direction",no,no,no,no,no,False
102438753,METROPOLITAN NASHVILLE POLICE DEPT,20190506860,Davidson,Nashville,7/5/2019 12:00:00 AM,2,0,0,36.106260,-86.817390,ABBOTT MARTIN RD,,,,412.00,Feet,West,BANDYWOOD DR,,,,0.00,N,Not at Intersection,N,Non-Junction,None,,,         ,Kelby,Dumond,Clear,Angle,no,no,no,no,yes,False
102438786,METROPOLITAN NASHVILLE POLICE DEPT,20190507053,Davidson,Nashville,7/5/2019 5:40:00 PM,2,0,0,36.110840,-86.922600,OLD HICKORY BLVD,,,,132.00,Feet,South,I 40,,,,0.00,N,Not at Intersection, ,Non-Junction,None,,,         ,Melvin,Brown III,Clear,"Sideswipe, Same Direction",no,no,no,no,no,False
102438790,METROPOLITAN NASHVILLE POLICE DEPT,20190506886,Davidson,Nashville,7/5/2019 3:44:00 PM,3,0,0,36.079710,-86.684910,ANTIOCH PKE,,,,333.00,Feet,South,FRANKLIN LIMESTONE RD,,,,0.00,N,Not at Intersection, ,Non-Junction,None,,,         ,Taylor,Hurley,Clear,Angle,no,no,no,no,yes,False
102438793,METROPOLITAN NASHVILLE POLICE DEPT,20190506877,Davidson,Nashville,7/5/2019 3:50:00 PM,1,1,0,36.234950,-86.728500,JOYCE LN,,,,458.00,Feet,North,GRINSTEAD PL,,,,0.00,N,Not at Intersection,N,Non-Junction,None,,,         ,Trevor,Jones,Clear,Not Collision with Motor Vehicle in Transport,yes,no,no,yes,no,False
102438805,METROPOLITAN NASHVILLE POLICE DEPT,20190507028,Davidson,Not in City Limit,7/5/2019 5:15:00 PM,2,0,0,36.080270,-86.955400,I40 E EXT RAMP,,,,0.00,,,I 40,,,,0.00,Y,OTHER, ,Entrance/Exit Ramp Related,None,,,         ,Melvin,Brown III,Clear,Front to Rear,no,no,no,no,no,False
102438806,METROPOLITAN NASHVILLE POLICE DEPT,20190507172,Davidson,Antioch,7/5/2019 6:50:00 PM,2,1,0,36.029980,-86.580160,SUNNYVALE DR,,,,121.00,Feet,East,SHADYVIEW DR,,,,0.00,N,Not at Intersection,N,Non-Junction,None,,,         ,Hillary,Sherman,Clear,Angle,no,no,no,no,no,False
102438894,METROPOLITAN NASHVILLE POLICE DEPT,20190507278,Davidson,Nashville,7/5/2019 6:15:00 PM,2,0,0,36.073360,-86.637590,MURFREESBORO PKE,,,,515.00,Feet,South,RURAL HILL RD,,,,0.00,N,Not at Intersection, ,Non-Junction,None,,,         ,Taylor,Hurley,Clear,Angle,no,no,no,yes,yes,False
102438895,METROPOLITAN NASHVILLE POLICE DEPT,20190507258,Davidson,Not in City Limit,7/5/2019 7:36:00 PM,2,1,0,36.266530,-86.690110,N DUPONT AV,,,,0.00,,,MYATT DR,,,,0.00,Y,Four-Way,N,Intersection,None,,,         ,Christopher,Littles,Clear,Angle,no,no,no,no,no,False
102438922,METROPOLITAN NASHVILLE POLICE DEPT,20190506779,Davidson,Old Hickory,7/5/2019 3:08:00 PM,3,2,0,36.240570,-86.632340,OLD HICKORY BLVD,,,,403.00,Feet,West,PRENTISS DR,,,,0.00,N,Not at Intersection,N,Non-Junction,None,,,         ,Terence,Mitchell,Clear,Front to Rear,no,no,no,no,no,False
102438923,METROPOLITAN NASHVILLE POLICE DEPT,20190507167,Davidson,Nashville,7/5/2019 6:51:00 PM,2,1,0,36.198910,-86.619870,LEBANON PKE,,,,207.00,Feet,North,OLD HICKORY BLVD,,,,0.00,N,Not at Intersection,N,Non-Junction,None,,,         ,Allyson,Reis,Clear,Front to Rear,no,no,no,no,no,False
102438932,METROPOLITAN NASHVILLE POLICE DEPT,20190507282,Davidson,Not in City Limit,7/5/2019 5:53:00 PM,2,0,0,36.273560,-86.817330,OLD HICKORY BLVD,,,,0.00,,,LICKTON PKE,,,,0.00,Y,T-Intersection, ,,None,,,         ,Brian,Woodard,,,no,no,no,no,no,False
102438980,METROPOLITAN NASHVILLE POLICE DEPT,20190507422,Davidson,Nashville,7/5/2019 9:07:00 PM,1,0,0,36.169320,-86.774940,JAMES ROBERTSON PKWY,,,,701.00,Feet,West,MAIN ST,,,,0.00,N,Not at Intersection, ,Non-Junction,None,,,         ,Ryan,Allen,Clear,Not Collision with Motor Vehicle in Transport,no,no,no,yes,no,False
102438981,METROPOLITAN NASHVILLE POLICE DEPT,20190507393,Davidson,Nashville,7/5/2019 8:53:00 PM,3,1,0,36.142740,-86.787030,EDGEHILL AV,,,,0.00,,,12TH AVS,,,,0.00,Y,Four-Way,N,Intersection,None,,,         ,Akira,McSwain,Clear,Front to Rear,no,no,no,no,no,False
102438986,METROPOLITAN NASHVILLE POLICE DEPT,20190507466,Davidson,Nashville,7/5/2019 9:20:00 PM,1,1,0,36.034600,-86.643320,I 24,,,,0.00,,,,,,,60.60,N,Not at Intersection,N,Non-Junction,None,,,         ,Eric,Wegener,Cloudy,Not Collision with Motor Vehicle in Transport,no,no,no,no,no,False
102438987,METROPOLITAN NASHVILLE POLICE DEPT,201905074981,Davidson,Nashville,7/5/2019 9:32:00 PM,2,0,0,36.037460,-86.790910,OLD HICKORY BLVD,,,,22.00,Feet,East,S HILLVIEW DR,,,,0.00,N,Not at Intersection, ,Non-Junction,None,,,         ,Ryan,Coll,Clear,Front to Rear,no,no,no,no,no,False
102439010,METROPOLITAN NASHVILLE POLICE DEPT,20190503415,Davidson,Nashville,7/4/2019 3:05:00 AM,2,2,1,36.170400,-86.768450,WOODLAND ST,,,,0.00,,,INTERSTATE DR,,,,0.00,Y,Four-Way,N,Intersection,None,,,19-0494  ,Russell,Ward,Clear,Angle,no,no,no,no,no,False
102439011,METROPOLITAN NASHVILLE POLICE DEPT,20190507233,Davidson,Nashville,7/5/2019 7:23:00 PM,3,3,0,36.195550,-86.834330,CLARKSVILLE PKE,,,,122.00,Feet,West,MANCHESTER AV,,,,0.00,N,Not at Intersection,N,Non-Junction,None,,,         ,Janelle,Keslar,Clear,Other,no,no,no,no,no,False
102439036,METROPOLITAN NASHVILLE POLICE DEPT,20190507473,Davidson,Nashville,7/5/2019 9:24:00 PM,2,1,0,36.151490,-86.857670,I40 E ENT RAMP,,,,0.00,Feet,East,I 40,,,,0.00,N,Not at Intersection,N,Entrance/Exit Ramp Related,None,,,         ,Edward,Starke,Clear,HeadOn,no,no,no,no,no,False
102439041,METROPOLITAN NASHVILLE POLICE DEPT,20190507524,Davidson,Nashville,7/5/2019 9:54:00 PM,1,1,0,36.241610,-86.750660,I 65,,,,0.00,,,,,,,90.45,N,Not at Intersection,N,Entrance/Exit Ramp Related,None,,,         ,Christopher,Littles,Clear,Not Collision with Motor Vehicle in Transport,no,no,no,no,no,False
102439045,METROPOLITAN NASHVILLE POLICE DEPT,20190507441,Davidson,Nashville,7/5/2019 8:55:00 PM,2,0,0,36.148720,-86.665890,ELM HILL PKE,,,,119.00,Feet,East,DONELSON PKE,,,,0.00,N,Not at Intersection,N,Non-Junction,None,,,         ,Allyson,Reis,Clear,Front to Rear,no,no,no,no,yes,False
102439099,METROPOLITAN NASHVILLE POLICE DEPT,20190507251,Davidson,Not in City Limit,7/5/2019 7:33:00 PM,2,1,0,36.034800,-86.971820,HIGHWAY 100,,,,95.00,Feet,West,WESTHAVEN DR,,,,0.00,N,Not at Intersection,N,Non-Junction,None,,,         ,Ty,Cummings,Clear,"Sideswipe, Same Direction",no,no,no,yes,no,False
102439212,METROPOLITAN NASHVILLE POLICE DEPT,20190507795,Davidson,Nashville,7/6/2019 12:37:00 AM,2,0,0,36.154410,-86.798810,CHURCH ST,,,,51.00,Feet,East,19TH AVN,,,,0.00,N,Not at Intersection, ,Non-Junction,None,,,         ,Dakota,Vermillion,Clear,"Sideswipe, Same Direction",no,no,no,no,no,False
102439242,METROPOLITAN NASHVILLE POLICE DEPT,2019-0507728,Davidson,Nashville,7/6/2019 12:00:00 AM,2,0,0,36.165680,-86.780620,DEADERICK ST,,,,96.00,Feet,West,4TH AVN,,,,0.00,N,Not at Intersection,N,Non-Junction,None,,,         ,Timothy,Morgan,Clear,"Sideswipe, Same Direction",no,no,no,yes,yes,False
102439243,VANDERBILT UNIVERSITY POLICE,20190507743,Davidson,Nashville,7/5/2019 11:50:00 PM,2,0,0,36.149490,-86.800470,21ST AVS,,,,0.00,,,TERRACE PL,,,,0.00,Y,T-Intersection, ,SharedUsePathOrTrail,None,,,         ,Michael,Wyers,Clear,"Sideswipe, Same Direction",no,no,no,no,no,Campus
102439266,METROPOLITAN NASHVILLE POLICE DEPT,20190507902,Davidson,Nashville,7/6/2019 1:39:00 AM,2,0,0,36.153250,-86.794010,17TH AVS,,,,0.00,,,BROADWAY,,,,0.00,Y,Four-Way,Y,Intersection,None,,,         ,Dakota,Vermillion,Clear,Angle,no,no,no,no,yes,False
102439312,METROPOLITAN NASHVILLE POLICE DEPT,20190507813,Davidson,Nashville,7/6/2019 12:53:00 AM,1,1,0,36.201150,-86.714460,PIEDMONT AV,,,,108.00,Feet,West,FERNWOOD DR,,,,0.00,N,Not at Intersection,N,Non-Junction,None,,,         ,Reginald,Pierre-Paul,Clear,Not Collision with Motor Vehicle in Transport,no,no,no,no,no,False