master_record_number,agency,agency_tracking_number,county,city,collision_date,vehicles_involved,number_injured,number_dead,latitude,longitude,roadway_name,roadway_suffix,roadway_number,roadway_local_id,distance_from_reference,miles-feet_indicator,direction_from_reference,intersection_road_name,intersection_road_name_suffix,intersection_road_number,intersection_local_id,mile_marker,intersection_indicator,intersect_type,interchange_related_indicator,relation_to_junction,work_zone_type,construction_maintenance_zone,construction_maintenance_zone_location,fatal_case_number,officer_first_name,officer_last_name,weather_condition(s),manner_of_crash,pedestrian,bicycle,scooter,parking,hitrun,mou
102441637,METROPOLITAN NASHVILLE POLICE DEPT,20190511809,Davidson,Nashville,7/8/2019 6:15:00 AM,2,0,0,36.146720,-86.743760,FESSLERS LN,,,,0.00,,,RUNDLE AV,,,,0.00,Y,T-Intersection, ,Intersection,None,,,         ,Justin,Chisholm,Clear,"Sideswipe, Same Direction",no,no,no,no,no,False
102441644,METROPOLITAN NASHVILLE POLICE DEPT,20190511784,Davidson,Nashville,7/8/2019 7:56:00 AM,2,0,0,36.158400,-86.771650,KOREAN VETERANS BLVD,,,,82.00,Feet,East,1ST AVS,,,,0.00,N,Not at Intersection, ,Non-Junction,None,,,         ,Ian,Hammond,Clear,"Sideswipe, Same Direction",no,no,no,no,no,False
102441645,METROPOLITAN NASHVILLE POLICE DEPT,20190511788,Davidson,Nashville,7/8/2019 8:00:00 AM,2,0,0,36.149140,-86.775330,I 40,,,,0.00,,,,,,,210.10,N,Not at Intersection, ,Entrance/Exit Ramp Related,None,,,         ,Ian,Hammond,Clear,Front to Rear,no,no,no,no,no,False
102441646,METROPOLITAN NASHVILLE POLICE DEPT,20190511873,Davidson,Nashville,7/8/2019 8:49:00 AM,2,0,0,36.161170,-86.760660,I 24,,,,0.00,,,,,,,49.40,N,Not at Intersection, ,Non-Junction,None,,,         ,Ian,Hammond,Clear,"Sideswipe, Same Direction",no,no,no,no,no,False
102441647,METROPOLITAN NASHVILLE POLICE DEPT,20190511775,Davidson,Nashville,7/8/2019 6:35:00 AM,2,0,0,36.035050,-86.643380,I 24,,,,0.00,,,,,,,60.55,N,Not at Intersection, ,Non-Junction,None,,,         ,Jessie,Meadows,Clear,Front to Rear,no,no,no,no,no,False
102441648,METROPOLITAN NASHVILLE POLICE DEPT,20190511885,Davidson,Nashville,7/8/2019 8:56:00 AM,2,1,0,36.086460,-86.691460,ANTIOCH PKE,,,,399.00,Feet,North,PERIMETER HILL DR,,,,0.00,N,Not at Intersection,N,Non-Junction,None,,,         ,Jessie,Meadows,Clear,Angle,no,no,no,no,no,False
102441658,METROPOLITAN NASHVILLE POLICE DEPT,20190511979,Davidson,Nashville,7/8/2019 9:45:00 AM,2,0,0,36.111650,-86.792760,WOODMONT BLVD,,,,53.00,Feet,West,GRANNY WHITE PKE,,,,0.00,N,Not at Intersection,N,Non-Junction,None,,,         ,John,Chambers,Cloudy,Front to Rear,no,no,no,no,no,False
102441665,METROPOLITAN NASHVILLE POLICE DEPT,20190511681,Davidson,Nashville,7/8/2019 6:54:00 AM,1,1,0,36.179730,-86.695610,BRILEY PKWYN,,,,854.00,Feet,West,BRILEY PKWYS,,,,0.00,N,Not at Intersection,N,Non-Junction,None,,,         ,Tien,Nguyen,Clear,Not Collision with Motor Vehicle in Transport,no,no,no,no,no,False
102441667,METROPOLITAN NASHVILLE POLICE DEPT,20190512080,Davidson,Nashville,7/8/2019 10:55:00 AM,2,0,0,36.186980,-86.795600,I 65,,,,0.00,,,,,,,85.55,N,Not at Intersection,N,Non-Junction,None,,,         ,Zachary,Goodall,Clear,Front to Rear,no,no,no,no,no,False
102441669,METROPOLITAN NASHVILLE POLICE DEPT,2019-0512113,Davidson,Nashville,7/8/2019 11:27:00 AM,2,0,0,36.110930,-86.770940,I 65,,,,0.00,,,,,,,79.80,N,Not at Intersection, ,Non-Junction,None,,,         ,Timothy,Edwards,Clear,"Sideswipe, Same Direction",no,no,no,no,no,False
102441674,METROPOLITAN NASHVILLE POLICE DEPT,20190512005,Davidson,Nashville,7/8/2019 10:17:00 AM,2,0,0,36.123910,-86.747690,I 440,,,,0.00,,,,,,,6.50,N,Not at Intersection, ,Non-Junction,None,,,         ,Jessie,Meadows,Clear,"Sideswipe, Same Direction",no,no,no,no,no,False
102441681,VANDERBILT UNIVERSITY POLICE,19-0519095,Davidson,Nashville,7/8/2019 9:30:00 AM,2,0,0,36.139370,-86.802000,MEDICAL CENTER DR,,,,0.00,,,,,,,0.00,,, ,Non-Junction,None,,,         ,Joseph,Musick,Clear,"Sideswipe, Same Direction",no,no,no,yes,no,Campus
102441684,METROPOLITAN NASHVILLE POLICE DEPT,20190512177,Davidson,Nashville,7/8/2019 12:19:00 PM,3,0,0,36.137570,-86.822030,I 440,,,,0.00,,,,,,,1.40,N,Not at Intersection, ,Non-Junction,Construction Zone,,,         ,Curtis,Rich,Clear,Front to Rear,no,no,no,no,yes,False
102441693,METROPOLITAN NASHVILLE POLICE DEPT,20190512171,Davidson,Nashville,7/8/2019 12:16:00 PM,2,1,0,36.176270,-86.678760,MCGAVOCK PKE,,,,120.00,Feet,South,MAPLECREST DR,,,,0.00,N,Not at Intersection, ,Non-Junction,None,,,         ,Tien,Nguyen,Clear,Front to Rear,no,no,no,no,no,False
102441716,METROPOLITAN NASHVILLE POLICE DEPT,20190512227,Davidson,Nashville,7/8/2019 10:06:00 AM,2,0,0,36.147550,-86.758650,LEWIS ST,,,,0.00,,,LAFAYETTE ST,,,,0.00,Y,Four-Way, ,Intersection,None,,,         ,Curtis,Rich,Clear,Angle,no,no,no,no,yes,False
102441751,BRENTWOOD POLICE DEPT,201900021403,Davidson,Nashville,7/8/2019 1:00:00 PM,2,0,0,36.076710,-86.766910,I 65,,,,0.00,,,,,,,77.40,N,Not at Intersection, ,Non-Junction,None,,,         ,William,Frasch,Clear,"Sideswipe, Same Direction",no,no,no,no,no,False
102441752,METROPOLITAN NASHVILLE POLICE DEPT,20190512201,Davidson,Nashville,7/8/2019 12:26:00 PM,2,0,0,36.178520,-86.896210,COCKRILL BEND BLVD,,,,995.00,Feet,North,COCKRILL BEND CIR,,,,0.00,N,Not at Intersection,N,"Driveway, Alley Access, etc",None,,,         ,Walter,Gray II,Clear,Angle,no,no,no,no,no,False
102441760,METROPOLITAN NASHVILLE POLICE DEPT,20190512194,Davidson,Nashville,7/8/2019 12:32:00 PM,2,1,0,36.139260,-86.822580,I 440,,,,0.00,,,,,,,1.30,N,Not at Intersection,N,Non-Junction,None,,,         ,Justan,Vance,Clear,"Sideswipe, Same Direction",no,no,no,no,no,False
102441788,METROPOLITAN NASHVILLE POLICE DEPT,20190512249,Davidson,Nashville,7/8/2019 1:25:00 PM,2,0,0,36.154630,-86.779160,8TH AVS,,,,0.00,Feet,,LAFAYETTE ST,,,,0.00,Y,Roundabout, ,Intersection,None,,,         ,Ian,Hammond,Clear,Angle,no,no,no,no,yes,False
102441805,METROPOLITAN NASHVILLE POLICE DEPT,20190512256,Davidson,Nashville,7/8/2019 1:33:00 PM,2,1,0,36.185860,-86.807000,CASS ST,,,,0.00,,,11TH AVN,,,,0.00,Y,T-Intersection,N,Intersection-Related,None,,,         ,William,Coy,Clear,Front to Rear,no,no,no,no,no,False
102441811,METROPOLITAN NASHVILLE POLICE DEPT,20190512088,Davidson,Nashville,7/8/2019 11:02:00 AM,2,0,0,36.193660,-86.831220,CLARKSVILLE PKE,,,,0.00,Feet,West,BUENA VISTA PKE,,,,0.00,N,Not at Intersection, ,Non-Junction,None,,,         ,Jamel,Griffin,Clear,"Sideswipe, Same Direction",no,no,no,no,yes,False
102441820,METROPOLITAN NASHVILLE POLICE DEPT,20190512290,Davidson,Not in City Limit,7/8/2019 1:55:00 PM,1,0,0,36.267120,-86.736710,I65 N ENT RAMP,,,,0.00,Feet,East,I 65,,,,0.00,N,Not at Intersection,N,Non-Junction,None,,,         ,Nathaniel,Carroll,Clear,Not Collision with Motor Vehicle in Transport,no,no,no,no,yes,False
102441821,METROPOLITAN NASHVILLE POLICE DEPT,20190511963,Davidson,Nashville,7/8/2019 9:22:00 AM,2,2,0,36.065650,-86.771190,I 65,,,,0.00,,,,,,,76.60,N,Not at Intersection,N,Non-Junction,None,,,         ,Raymond,Flaherty,Clear,Front to Rear,no,no,no,no,no,False
102441822,METROPOLITAN NASHVILLE POLICE DEPT,20190512229,Davidson,Nashville,7/8/2019 12:12:00 PM,2,0,0,36.135800,-86.725040,I24 W EXT RAMP,,,,0.00,,,SPENCE LN,,,,0.00,Y,Four-Way,N,Intersection-Related,None,,,         ,Tien,Nguyen,Clear,Angle,no,no,no,no,yes,False
102441830,METROPOLITAN NASHVILLE POLICE DEPT,20190512232,Davidson,Nashville,7/8/2019 12:50:00 PM,2,0,0,36.173270,-86.799740,I65 N ENT RAMP,,,,0.00,Feet,East,I 40,,,,0.00,N,Not at Intersection, ,Non-Junction,None,,,         ,Brian,Mclarty,Clear,"Sideswipe, Same Direction",no,no,no,no,no,False
102441831,METROPOLITAN NASHVILLE POLICE DEPT,20190512310,Davidson,Nashville,7/8/2019 2:17:00 PM,2,0,0,36.139960,-86.842230,RICHLAND CREEK GRNWY,,,,364.00,Feet,South,MCCABE PARK PVTDR,,,,0.00,N,Not at Intersection, ,Non-Junction,None,,,         ,Walter,Gray II,Clear,Angle,no,no,no,yes,no,False
102441842,METROPOLITAN NASHVILLE POLICE DEPT,20190512328,Davidson,Nashville,7/8/2019 12:00:00 AM,2,0,0,36.211740,-86.732500,GALLATIN PKE,,,,60.00,Feet,North,HART LN,,,,0.00,N,Not at Intersection, ,,None,,,         ,Gordon,Stovall,,,no,no,no,no,no,False
102441864,METROPOLITAN NASHVILLE POLICE DEPT,20190512329,Davidson,Nashville,7/8/2019 2:18:00 PM,2,0,0,36.152850,-86.787540,I 40,,,,0.00,,,,,,,209.40,N,Not at Intersection, ,Non-Junction,None,,,         ,Randy,Puckett,Clear,Angle,no,no,no,no,no,False
102441875,METROPOLITAN NASHVILLE POLICE DEPT,20190512146,Davidson,Nashville,7/8/2019 11:47:00 AM,2,1,0,36.087700,-86.691550,HARDING PL,,,,219.00,Feet,East,ANTIOCH PKE,,,,0.00,N,Not at Intersection,N,Non-Junction,None,,,         ,Jessie,Meadows,Clear,Front to Rear,no,no,no,no,yes,False
102441879,METROPOLITAN NASHVILLE POLICE DEPT,20190512205,Davidson,Nashville,7/8/2019 11:32:00 AM,2,0,0,36.087290,-86.692550,HARDING PL,,,,112.00,Feet,West,ANTIOCH PKE,,,,0.00,N,Not at Intersection,N,Non-Junction,None,,,         ,Jessie,Meadows,Clear,Angle,no,no,no,no,yes,False
102441896,METROPOLITAN NASHVILLE POLICE DEPT,20190512374,Davidson,Nashville,7/8/2019 3:07:00 PM,1,0,0,36.077060,-87.012110,I 40,,,,0.00,,,,,,,193.00,N,Not at Intersection, ,Non-Junction,None,,,         ,Walter,Gray II,Clear,Not Collision with Motor Vehicle in Transport,no,no,no,no,no,False
102441906,METROPOLITAN NASHVILLE POLICE DEPT,20190512398,Davidson,Nashville,7/8/2019 12:00:00 AM,2,0,0,36.222270,-86.765320,COTTAGE PARK DR,,,,387.00,Feet,North,PINE RIDGE DR,,,,0.00,N,Not at Intersection,N,Non-Junction,None,,,         ,Joshua,Dodge,Clear,"Sideswipe, Same Direction",no,no,no,yes,yes,False
102441920,METROPOLITAN NASHVILLE POLICE DEPT,20190512346,Davidson,Nashville,7/8/2019 2:20:00 PM,2,0,0,36.177180,-86.772950,I 24,,,,0.00,,,,,,,47.90,N,Not at Intersection, ,,None,,,         ,Allyson,Reis,,,no,no,no,no,no,False
102441922,METROPOLITAN NASHVILLE POLICE DEPT,20190512459,Davidson,Nashville,7/8/2019 4:11:00 PM,2,0,0,36.173290,-86.769710,I 24,,,,0.00,,,,,,,48.20,N,Not at Intersection, ,Non-Junction,None,,,         ,Christopher,Valdez,Clear,Front to Rear,no,no,no,no,no,False
102441927,BELLE MEADE POLICE DEPT,19-0181,Davidson,Belle Meade,7/8/2019 3:00:00 PM,2,0,0,36.095850,-86.856980,HARDING PL,,,,20.00,Feet,West,BELLE MEADE BLVD,,,,0.00,N,Not at Intersection, ,,None,,,         ,Wes,Bowker,,,no,no,no,no,no,False
102441962,METROPOLITAN NASHVILLE POLICE DEPT,20190512503,Davidson,Antioch,7/8/2019 4:08:00 PM,2,0,0,36.059560,-86.596670,HOBSON PKE,,,,483.00,Feet,North,HAMILTON CHURCH RD,,,,0.00,N,Not at Intersection, ,,None,,,         ,Jason,Kedzierski,,,no,no,no,no,no,False
102441967,METROPOLITAN NASHVILLE POLICE DEPT,20190512369,Davidson,Nashville,7/8/2019 2:52:00 PM,2,1,0,36.125330,-86.733740,I 440,,,,0.00,,,,,,,7.20,N,Not at Intersection,N,Non-Junction,None,,,         ,Jessie,Meadows,Clear,Front to Rear,no,no,no,no,no,False
102441969,METROPOLITAN NASHVILLE POLICE DEPT,20190512475,Davidson,Nashville,7/8/2019 3:52:00 PM,3,0,0,36.150690,-86.767950,LAFAYETTE ST,,,,0.00,,,2ND AVS,,,,0.00,Y,Four-Way,Y,Intersection,None,,,         ,Joseph,Simon,Clear,Front to Rear,no,no,no,no,yes,False
102441973,METROPOLITAN NASHVILLE POLICE DEPT,20190512030,Davidson,Nashville,7/8/2019 10:00:00 AM,2,0,0,36.160620,-86.691600,BRILEY PKWYN,,,,1143.00,Feet,North,BRILEY PKWYS,,,,0.00,N,Not at Intersection, ,Non-Junction,None,,,         ,Gerry,Hutcheson,Clear,Front to Rear,no,no,no,no,no,False
102441974,METROPOLITAN NASHVILLE POLICE DEPT,20190512062,Davidson,Nashville,7/8/2019 10:00:00 AM,2,0,0,36.152140,-86.690280,BRILEY PKWY N EXT RAMP,,,,0.00,Feet,East,ELM HILL PKE,,,,0.00,N,Not at Intersection, ,Non-Junction,None,,,         ,Gerry,Hutcheson,Clear,Front to Rear,no,no,no,no,no,False
102441983,METROPOLITAN NASHVILLE POLICE DEPT,20190512519,Davidson,Nashville,7/8/2019 4:44:00 PM,2,0,0,36.146190,-86.742010,I 40,,,,0.00,,,,,,,212.15,N,Not at Intersection, ,Non-Junction,None,,,         ,Jason,Milyaro Lucas,Clear,"Sideswipe, Same Direction",no,no,no,no,no,False
102441984,METROPOLITAN NASHVILLE POLICE DEPT,20190512394,Davidson,Nashville,7/8/2019 3:10:00 PM,2,4,0,36.168490,-86.813980,I40 E EXT RAMP,,,,0.00,Feet,East,I 40,,,,0.00,N,Not at Intersection,N,Non-Junction,None,,,         ,Terrance,Stuckey,Clear,Front to Rear,no,no,no,no,no,False
102441999,METROPOLITAN NASHVILLE POLICE DEPT,20190512550,Davidson,Nashville,7/8/2019 4:42:00 PM,2,0,0,36.086610,-86.698010,I24 W EXT RAMP,,,,0.00,Feet,East,I 24,,,,0.00,N,Not at Intersection, ,Non-Junction,None,,,         ,Jarret,Sonnenberg,Clear,Front to Rear,no,no,no,no,no,False
102442015,METROPOLITAN NASHVILLE POLICE DEPT,20190512508,Davidson,Nashville,7/8/2019 4:37:00 PM,2,1,0,36.139280,-86.743440,ENOS REED DR,,,,63.00,Feet,West,POLK AV,,,,0.00,N,Not at Intersection,N,Non-Junction,None,,,         ,Jessie,Meadows,Clear,Angle,no,no,no,no,no,False
102442024,METROPOLITAN NASHVILLE POLICE DEPT,20190512354,Davidson,Nashville,7/8/2019 12:11:00 PM,2,0,0,36.049980,-86.649500,BELL RD,,,,0.00,,,MT VIEW RD,,,,0.00,Y,Four-Way, ,Intersection,None,,,         ,Andrew,Brazee,Clear,Front to Rear,no,no,no,no,no,False
102442025,METROPOLITAN NASHVILLE POLICE DEPT,20190512490,Davidson,Not in City Limit,7/8/2019 4:31:00 PM,2,1,0,36.261000,-86.765580,BELLSHIRE DR,,,,0.00,Feet,East,WESTCHESTER DR,,,,0.00,N,Not at Intersection,N,Non-Junction,None,,,         ,Jacob,Krispin,Clear,Angle,no,no,no,no,no,False
102442034,METROPOLITAN NASHVILLE POLICE DEPT,2019-0512587,Davidson,Nashville,7/8/2019 4:10:00 PM,2,0,0,36.062200,-86.686760,EASTVIEW DR,,,,0.00,,,CLIPPER CT,,,,0.00,Y,T-Intersection, ,Intersection,None,,,         ,Daniel,Fuentes,Clear,Angle,no,no,no,no,no,False
102442035,METROPOLITAN NASHVILLE POLICE DEPT,20190512583,Davidson,Nashville,7/8/2019 5:00:00 PM,2,0,0,36.150460,-86.770400,I40 E EXT RAMP,,,,0.00,,,I 40,,,,0.00,Y,Four-Way,Y,Intersection,None,,,         ,Jarrett,Ipox,Clear,Angle,no,no,no,no,no,False
102442036,BRENTWOOD POLICE DEPT,201900021434,Davidson,Nashville,7/8/2019 4:40:00 PM,2,0,0,36.038210,-86.800900,OLD HICKORY BLVD,,,,0.00,Feet,,WESTPARK DR,,,,0.00,Y,T-Intersection, ,Non-Junction,None,,,         ,William,Frasch,Clear,Angle,no,no,no,no,yes,False
102442037,METROPOLITAN NASHVILLE POLICE DEPT,20190512627,Davidson,Nashville,7/8/2019 5:50:00 PM,2,0,0,36.187260,-86.822180,ED TEMPLE BLVD,,,,326.00,Feet,South,ROSA L PARKS BLVD,,,,0.00,N,Not at Intersection,N,Non-Junction,None,,,         ,Luke,Steigerwalt,Clear,"Sideswipe, Same Direction",no,no,no,no,no,False
102442042,METROPOLITAN NASHVILLE POLICE DEPT,20190512594,Davidson,Nashville,7/8/2019 5:32:00 PM,2,0,0,36.151440,-86.801990,21ST AVN,,,,0.00,Feet,East,HAYES ST,,,,0.00,N,Not at Intersection, ,Non-Junction,None,,,         ,Darryl,Williams,Clear,Angle,no,no,no,no,no,Campus
102442045,METROPOLITAN NASHVILLE POLICE DEPT,20190512543,Davidson,Nashville,7/8/2019 12:00:00 AM,2,0,0,36.019660,-86.742090,EDMONDSON PKE,,,,44.00,Feet,North,WEXFORD DOWNS LN,,,,0.00,N,Not at Intersection,N,Non-Junction,None,,,         ,David,Robberson,Clear,Front to Rear,no,no,no,no,no,False
102442048,METROPOLITAN NASHVILLE POLICE DEPT,20190512656,Davidson,Nashville,7/8/2019 6:17:00 PM,2,0,0,36.169020,-86.600640,OLD HICKORY BLVD,,,,196.00,Feet,North,MILLS RD,,,,0.00,N,Not at Intersection, ,Non-Junction,None,,,         ,William,Burnett,Clear,Front to Rear,no,no,no,no,no,False
102442052,METROPOLITAN NASHVILLE POLICE DEPT,20190512709,Davidson,Nashville,7/8/2019 5:01:00 PM,2,0,0,36.151880,-86.759590,FAIN ST,,,,80.00,Feet,West,MAURY ST,,,,0.00,N,Not at Intersection, ,Non-Junction,None,,,         ,Jason,Milyaro Lucas,Clear,Front to Rear,no,no,no,no,yes,False
102442054,METROPOLITAN NASHVILLE POLICE DEPT,20190512734,Davidson,Nashville,7/8/2019 6:55:00 PM,2,0,0,36.080890,-86.718710,WELCH RD,,,,185.00,Feet,West,JONQUIL DR,,,,0.00,N,Not at Intersection,N,Non-Junction,None,,,         ,Ryan,Sherry,Clear,Front to Rear,no,no,no,no,yes,False
102442056,METROPOLITAN NASHVILLE POLICE DEPT,20190512668,Davidson,Nashville,7/8/2019 6:17:00 PM,2,0,0,36.165920,-86.766530,SHELBY AV,,,,216.00,Feet,West,I24 E ENT RAMP,,,,0.00,N,Not at Intersection, ,Non-Junction,None,,,         ,Kevin,Crawford,Clear,"Sideswipe, Opposite Direction",no,no,no,yes,no,False
102442074,METROPOLITAN NASHVILLE POLICE DEPT,20190512529,Davidson,Not in City Limit,7/8/2019 4:45:00 PM,2,3,0,36.265850,-86.711040,DULING AV,,,,0.00,Feet,West,GALLATIN PKEN,,,,0.00,N,Not at Intersection,N,Non-Junction,None,,,         ,Andrew,Ramirez,Clear,Front to Rear,no,no,no,no,no,False
102442085,BRENTWOOD POLICE DEPT,201900021442,Davidson,Nashville,7/8/2019 6:00:00 PM,2,0,0,36.037460,-86.786150,OLD HICKORY BLVD,,,,93.00,Feet,West,WILSON PIKE CIR,,,,0.00,N,Not at Intersection, ,Non-Junction,None,,,         ,William,Frasch,Clear,"Sideswipe, Same Direction",no,no,no,no,no,False
102442091,METROPOLITAN NASHVILLE POLICE DEPT,20190512575,Davidson,Nashville,7/8/2019 5:18:00 PM,2,0,0,36.196270,-86.752310,ELLINGTON PKWYN,,,,185.00,Feet,South,JEWEL ST,,,,0.00,N,Not at Intersection,N,Non-Junction,None,,,         ,Christopher,Valdez,Clear,Front to Rear,no,no,no,no,yes,False
102442092,METROPOLITAN NASHVILLE POLICE DEPT,20190512681,Davidson,Nashville,7/8/2019 6:21:00 PM,3,0,0,36.060960,-86.914680,HIGHWAY 100,,,,441.00,Feet,East,OLD HICKORY BLVD,,,,0.00,N,Not at Intersection, ,Non-Junction,None,,,         ,Walter,Gray II,Clear,Front to Rear,no,no,no,no,no,False
102442093,METROPOLITAN NASHVILLE POLICE DEPT,20190512591,Davidson,Nashville,7/8/2019 5:32:00 PM,2,0,0,36.148320,-86.806780,24TH AVN,,,,170.00,Feet,North,WEST END AV,,,,0.00,N,Not at Intersection, ,,None,,,         ,Akira,McSwain,,,no,no,no,no,no,Campus
102442099,METROPOLITAN NASHVILLE POLICE DEPT,20190512726,Davidson,Nashville,7/8/2019 6:45:00 PM,2,0,0,36.229830,-86.771770,I 65,,,,0.00,,,,,,,89.00,N,Not at Intersection,N,Non-Junction,None,,,         ,Jacob,Krispin,Clear,"Sideswipe, Same Direction",no,no,no,no,yes,False
102442102,METROPOLITAN NASHVILLE POLICE DEPT,20190512725,Davidson,Not in City Limit,7/8/2019 6:27:00 PM,2,0,0,36.073910,-86.926270,HICKS RD,,,,0.00,,,HIGHWAY 70S,,,,0.00,Y,Four-Way, ,,None,,,         ,Brian,Sherman,,,no,no,no,no,no,False
102442103,METROPOLITAN NASHVILLE POLICE DEPT,20190512430,Davidson,Antioch,7/8/2019 3:40:00 PM,2,1,0,36.047830,-86.612040,MURFREESBORO PKE,,,,0.00,,,MOUNTAIN SPRINGS RD,,,,0.00,,Not at Intersection,N,Non-Junction,None,,,         ,Andrew,Brazee,Clear,Front to Rear,no,no,no,no,yes,False
102442104,METROPOLITAN NASHVILLE POLICE DEPT,20190512494,Davidson,Nashville,7/8/2019 4:33:00 PM,3,1,0,36.051510,-86.669870,I 24,,,,0.00,,,,,,,58.70,N,Not at Intersection,N,Non-Junction,None,,,         ,Andrew,Brazee,Clear,Front to Rear,no,no,no,no,no,False
102442112,METROPOLITAN NASHVILLE POLICE DEPT,20190512717,Davidson,Antioch,7/8/2019 12:00:00 AM,2,1,0,36.047840,-86.612050,MURFREESBORO PKE,,,,1284.00,Feet,North,MOUNTAIN SPRINGS RD,,,,0.00,N,Not at Intersection,N,Non-Junction,None,,,         ,Madison,Meiss,Clear,Front to Rear,no,no,no,no,no,False
102442141,METROPOLITAN NASHVILLE POLICE DEPT,20190512704,Davidson,Nashville,7/8/2019 5:38:00 PM,2,0,0,36.195110,-86.759320,JONES AV,,,,362.00,Feet,South,CROCKETT ST,,,,0.00,N,Not at Intersection,N,Non-Junction,None,,,         ,Marc,Kozen,Clear,HeadOn,no,no,no,no,yes,False
102442143,METROPOLITAN NASHVILLE POLICE DEPT,20190512788,Davidson,Nashville,7/8/2019 7:28:00 PM,1,1,0,36.235830,-86.706900,BRILEY PKWYE,,,,636.00,Feet,West,BRILEY PKWYW,,,,0.00,N,Not at Intersection,N,Non-Junction,None,,,         ,Tony,Mingsing,Clear,Not Collision with Motor Vehicle in Transport,no,no,no,no,no,False
102442147,METROPOLITAN NASHVILLE POLICE DEPT,20190512518,Davidson,Nashville,7/8/2019 4:26:00 PM,2,0,0,36.149090,-86.774070,I 40,,,,0.00,,,,,,,210.15,N,Not at Intersection, ,,None,,,         ,FELIKS,ABRAHAMYAN,,,no,no,no,no,no,False
102442148,METROPOLITAN NASHVILLE POLICE DEPT,20190512501,Davidson,Not in City Limit,7/8/2019 4:17:00 PM,3,0,0,36.263850,-86.719810,OLD HICKORY BLVDW,,,,104.00,Feet,West,WALKER ST,,,,0.00,N,Not at Intersection,N,Non-Junction,None,,,         ,Robert,Leverick,Clear,Front to Rear,no,no,no,no,yes,False
102442217,METROPOLITAN NASHVILLE POLICE DEPT,20190512932,Davidson,Nashville,7/8/2019 8:46:00 PM,2,0,0,36.059340,-86.694240,KEELEY DR,,,,0.00,,,BRENDA LN,,,,0.00,Y,T-Intersection, ,Intersection-Related,None,,,         ,Andrew,Brazee,Clear,"Sideswipe, Same Direction",no,no,no,no,no,False
102442221,METROPOLITAN NASHVILLE POLICE DEPT,20190512710,Davidson,Nashville,7/8/2019 5:30:00 PM,2,0,0,36.153300,-86.772180,4TH AVS,,,,0.00,,,ELM ST,,,,0.00,Y,Four-Way, ,,None,,,         ,Jarrett,Ipox,,,no,no,no,no,no,False
102442226,METROPOLITAN NASHVILLE POLICE DEPT,20190512347,Davidson,Nashville,7/8/2019 12:32:00 PM,2,0,0,36.169910,-86.669500,OLD LEBANON PKE,,,,0.00,,,KNOBVIEW DR,,,,0.00,Y,T-Intersection,N,Intersection,None,,,         ,Cheri,Cox,Clear,Angle,no,no,no,no,yes,False
102442235,METROPOLITAN NASHVILLE POLICE DEPT,20190512843,Davidson,Nashville,7/8/2019 5:00:00 PM,2,0,0,36.042350,-86.752790,BRENTWOOD CHASE DR,,,,146.00,Feet,North,RAUSCH DR,,,,0.00,N,Not at Intersection,N,Non-Junction,None,,,         ,Akira,McSwain,Clear,Angle,no,no,no,no,yes,False
102442246,METROPOLITAN NASHVILLE POLICE DEPT,20190512963,Davidson,Not in City Limit,7/8/2019 9:27:00 PM,2,0,0,36.268030,-86.792320,I 24,,,,0.00,,,,,,,41.30,N,Not at Intersection, ,Non-Junction,Construction Zone,,,         ,Jacob,Krispin,Clear,"Sideswipe, Same Direction",no,no,no,no,no,False
102442305,METROPOLITAN NASHVILLE POLICE DEPT,20190513344,Davidson,Nashville,7/8/2019 2:22:00 AM,2,0,0,36.158590,-86.826890,CLIFTON AV,,,,46.00,Feet,East,34TH AVN,,,,0.00,N,Not at Intersection, ,Non-Junction,None,,,         ,Joel,Bennett,Clear,"Sideswipe, Same Direction",no,no,no,no,yes,False
102442316,METROPOLITAN NASHVILLE POLICE DEPT,20190513494,Davidson,Nashville,7/9/2019 2:05:00 AM,1,1,0,36.153660,-86.748310,HERMITAGE AV,,,,47.00,Feet,West,CAULEY AV,,,,0.00,N,Not at Intersection,N,Non-Junction,None,,,         ,Meghan,Pope,Clear,Not Collision with Motor Vehicle in Transport,no,no,no,no,no,False
102442380,METROPOLITAN NASHVILLE POLICE DEPT,20190513661,Davidson,Nashville,7/9/2019 12:00:00 AM,1,0,0,36.125830,-86.730680,I 440,,,,0.00,,,,,,,7.40,N,Not at Intersection,N,Non-Junction,None,,,         ,Alexander,Hartle,Clear,Not Collision with Motor Vehicle in Transport,no,no,no,no,yes,False
102442418,METROPOLITAN NASHVILLE POLICE DEPT,20190513795,Davidson,Nashville,7/9/2019 6:44:00 AM,2,0,0,36.209580,-86.870370,ASHLAND CITY HWY,,,,0.00,,,ASHLAND CITY HWY WB ENT RAMP,,,,0.00,Y,OTHER,Y,Intersection-Related,None,,,         ,William,Coy,Clear,Front to Rear,no,no,no,no,no,False
102442452,METROPOLITAN NASHVILLE POLICE DEPT,20190513872,Davidson,Nashville,7/9/2019 7:33:00 AM,2,3,0,36.132690,-86.726750,I 24,,,,0.00,,,,,,,52.00,N,Not at Intersection,N,Non-Junction,None,,,         ,Joseph,Simon,Clear,Front to Rear,no,no,no,no,yes,False
102442458,METROPOLITAN NASHVILLE POLICE DEPT,20190513946,Davidson,Nashville,7/9/2019 7:57:00 AM,2,0,0,36.104770,-86.763310,ARMORY DR ENT RAMP,,,,0.00,,,POWELL AV,,,,0.00,Y,OTHER, ,Entrance/Exit Ramp Related,None,,,         ,Earl,Davis,Clear,"Sideswipe, Same Direction",no,no,no,no,no,False