master_record_number,agency,agency_tracking_number,county,city,collision_date,vehicles_involved,number_injured,number_dead,latitude,longitude,roadway_name,roadway_suffix,roadway_number,roadway_local_id,distance_from_reference,miles-feet_indicator,direction_from_reference,intersection_road_name,intersection_road_name_suffix,intersection_road_number,intersection_local_id,mile_marker,intersection_indicator,intersect_type,interchange_related_indicator,relation_to_junction,work_zone_type,construction_maintenance_zone,construction_maintenance_zone_location,fatal_case_number,officer_first_name,officer_last_name,weather_condition(s),manner_of_crash,pedestrian,bicycle,scooter,parking,hitrun,mou
102443133,METROPOLITAN NASHVILLE POLICE DEPT,20190515222,Davidson,Nashville,7/9/2019 12:00:00 AM,2,0,0,36.207550,-86.777790,BRICK CHURCH PKE,,,,0.00,,,I65 S EXT RAMP,,,,0.00,Y,Y-Intersection,Y,Intersection-Related,None,,,         ,John,Petriello,Clear,"Sideswipe, Same Direction",no,no,no,no,no,False
102443144,METROPOLITAN NASHVILLE POLICE DEPT,20190515566,Davidson,Nashville,7/9/2019 11:12:00 PM,1,1,0,36.147010,-86.757050,LAFAYETTE ST,,,,278.00,Feet,East,FAIRFIELD AV,,,,0.00,N,Not at Intersection,N,Non-Junction,None,,,         ,Joseph,Patricio,Clear,Not Collision with Motor Vehicle in Transport,no,no,no,no,no,False
102443147,METROPOLITAN NASHVILLE POLICE DEPT,20190515516,Davidson,Not in City Limit,7/9/2019 8:07:00 PM,2,0,0,36.073910,-86.926650,HIGHWAY 70S,,,,112.00,Feet,West,HICKS RD,,,,0.00,N,Not at Intersection, ,,None,,,         ,Jackson,Smythe,,,no,no,no,no,no,False
102443166,METROPOLITAN NASHVILLE POLICE DEPT,20190515688,Davidson,Nashville,7/9/2019 12:00:00 AM,2,0,0,36.186690,-86.813800,PECAN ST,,,,351.00,Feet,North,18TH AVN,,,,0.00,N,Not at Intersection,N,Non-Junction,None,,,         ,Erik,Schall,Clear,"Sideswipe, Same Direction",no,no,no,no,yes,False
102443168,METROPOLITAN NASHVILLE POLICE DEPT,20190515680,Davidson,Nashville,7/9/2019 9:35:00 PM,2,0,0,36.139510,-86.700310,KAREN DR,,,,0.00,,,BRILEY PKWY,,,,0.00,Y,Four-Way,N,Intersection,None,,,         ,Ralph,Smith IV,Clear,Front to Rear,no,no,no,no,yes,False
102443169,METROPOLITAN NASHVILLE POLICE DEPT,20190515561,Davidson,Nashville,7/9/2019 12:00:00 AM,1,0,0,36.199220,-86.826030,BUENA VISTA PKE,,,,223.00,Feet,North,MATTIE ST,,,,0.00,N,Not at Intersection,N,Non-Junction,None,,,         ,Joseph,Gawlowski,Clear,Not Collision with Motor Vehicle in Transport,no,no,no,no,yes,False
102443190,METROPOLITAN NASHVILLE POLICE DEPT,20190515686,Davidson,Nashville,7/10/2019 12:00:00 AM,2,1,0,36.206260,-86.773500,I65 N EXT RAMP,,,,0.00,,,I65 N ENT RAMP,,,,0.00,Y,T-Intersection,N,Intersection-Related,None,,,         ,Edward,Holden,Clear,HeadOn,no,no,no,no,no,False
102443191,METROPOLITAN NASHVILLE POLICE DEPT,20190515907,Davidson,Nashville,7/10/2019 1:25:00 AM,2,0,0,36.209620,-86.732320,SHELTON AV,,,,348.00,Feet,West,WINDSOR AV,,,,0.00,N,Not at Intersection,N,Non-Junction,None,,,         ,Douglas,Smith,Clear,"Sideswipe, Opposite Direction",no,no,no,yes,yes,False
102443216,METROPOLITAN NASHVILLE POLICE DEPT,20190516162,Davidson,Nashville,7/10/2019 1:30:00 AM,1,0,0,36.087810,-86.607270,SMITH SPRINGS RD,,,,0.00,,,,,,,0.00,,, ,Non-Junction,None,,,         ,Bradley,Pope,Clear,Not Collision with Motor Vehicle in Transport,no,no,no,yes,no,False
102443262,METROPOLITAN NASHVILLE POLICE DEPT,20190516181,Davidson,Nashville,7/10/2019 3:42:00 AM,2,2,0,36.204140,-86.776290,I65 N EXT RAMP,,,,0.00,Feet,East,I 65,,,,0.00,N,Not at Intersection,N,Entrance/Exit Ramp Related,None,,,         ,Amanda,Hane,Clear,"Sideswipe, Same Direction",no,no,no,no,no,False
102443294,METROPOLITAN NASHVILLE POLICE DEPT,20190516464,Davidson,Nashville,7/10/2019 6:50:00 AM,2,0,0,36.126070,-86.903810,I 40,,,,0.00,,,,,,,200.65,N,Not at Intersection,N,Non-Junction,None,,,         ,Curtis,Rich,Clear,Angle,no,no,no,no,no,False
102443301,METROPOLITAN NASHVILLE POLICE DEPT,20190516557,Davidson,Nashville,7/10/2019 7:28:00 AM,2,1,0,36.111150,-86.748600,THOMPSON LN,,,,83.00,Feet,East,LANDERS AV,,,,0.00,N,Not at Intersection, ,Non-Junction,None,,,         ,Nathan,Kemp,Clear,Front to Rear,no,no,no,no,no,False
102443305,METROPOLITAN NASHVILLE POLICE DEPT,20190516488,Davidson,Nashville,7/10/2019 7:00:00 AM,2,0,0,36.075260,-86.921000,OLD HICKORY BLVD,,,,75.00,Feet,South,BELLE FOREST SHOPPING CENTER P,,,,0.00,N,Not at Intersection, ,Non-Junction,None,,,         ,Wesley,Tilley,Clear,Angle,no,no,no,no,no,False
102443308,GOODLETTSVILLE POLICE DEPT,19-25472,Davidson,Goodlettsville,7/10/2019 6:40:00 AM,2,0,0,36.298200,-86.713430,I 65,,,,0.00,,,,,,,95.00,N,Not at Intersection,N,Non-Junction,None,,,         ,George,Forbes,Clear,Front to Rear,no,no,no,no,no,False
102443328,METROPOLITAN NASHVILLE POLICE DEPT,20190516559,Davidson,Nashville,7/10/2019 7:25:00 AM,2,0,0,36.038310,-86.784270,I65 S EXT RAMP,,,,0.00,Feet,East,I 65,,,,0.00,N,Not at Intersection, ,Non-Junction,None,,,         ,Eric,Laury,Clear,Front to Rear,no,no,no,no,no,False
102443329,GOODLETTSVILLE POLICE DEPT,19-25475,Davidson,Goodlettsville,7/10/2019 7:22:00 AM,2,0,0,36.332360,-86.709400,I 65,,,,0.00,,,,,,,97.55,N,Not at Intersection,N,Non-Junction,None,,,         ,Daniel,Knalls,Clear,Front to Rear,no,no,no,no,no,False
102443341,METROPOLITAN NASHVILLE POLICE DEPT,20190516558,Davidson,Goodlettsville,7/2/2019 8:38:00 AM,1,0,0,36.360820,-86.730810,WILLIAMSON RD,,,,0.00,,,,,,,0.00,,, ,Non-Junction,None,,,         ,Wesley,Young,Clear,Not Collision with Motor Vehicle in Transport,no,no,no,no,yes,False
102443343,METROPOLITAN NASHVILLE POLICE DEPT,20190516560,Davidson,Nashville,7/10/2019 7:30:00 AM,2,0,0,36.190280,-86.819650,ROSA L PARKS BLVD,,,,1005.00,Feet,North,CLARKSVILLE PKE,,,,0.00,N,Not at Intersection, ,Non-Junction,None,,,         ,Wesley,Young,Clear,Front to Rear,no,no,no,no,no,False
102443344,METROPOLITAN NASHVILLE POLICE DEPT,20190516719,Davidson,Nashville,7/10/2019 8:44:00 AM,2,0,0,36.152090,-86.844990,CHARLOTTE AV,,,,78.00,Feet,West,48TH AVN,,,,0.00,N,Not at Intersection, ,Non-Junction,None,,,         ,Curtis,Rich,Clear,Front to Rear,no,no,no,no,no,False
102443359,METROPOLITAN NASHVILLE POLICE DEPT,20190516691,Davidson,Nashville,7/10/2019 8:35:00 AM,3,1,0,36.070920,-86.769690,I 65,,,,0.00,,,,,,,77.00,N,Not at Intersection,N,Non-Junction,None,,,         ,Earl,Davis,Clear,Front to Rear,no,no,no,no,no,False
102443368,METROPOLITAN NASHVILLE POLICE DEPT,20190516624,Davidson,Nashville,7/10/2019 8:13:00 AM,3,0,0,36.179270,-86.800590,I 65,,,,0.00,,,,,,,85.00,N,Not at Intersection, ,Non-Junction,None,,,         ,Wesley,Young,Clear,Front to Rear,no,no,no,no,no,False
102443370,METROPOLITAN NASHVILLE POLICE DEPT,20190516625,Davidson,Nashville,7/10/2019 8:05:00 AM,2,0,0,36.142190,-86.711270,I 40,,,,0.00,,,,,,,214.15,N,Not at Intersection, ,Non-Junction,None,,,         ,Tien,Nguyen,Clear,Front to Rear,no,no,no,no,no,False
102443371,METROPOLITAN NASHVILLE POLICE DEPT,20190516677,Davidson,Nashville,7/10/2019 8:14:00 AM,2,0,0,36.148710,-86.745890,I 40,,,,0.00,,,,,,,211.90,N,Not at Intersection, ,Non-Junction,None,,,         ,Tien,Nguyen,Clear,Front to Rear,no,no,no,no,no,False
102443381,METROPOLITAN NASHVILLE POLICE DEPT,20190516688,Davidson,Nashville,7/10/2019 8:28:00 AM,2,0,0,36.106210,-86.673060,MURFREESBORO PKE,,,,0.00,,,DONELSON PKE,,,,0.00,Y,Four-Way, ,Intersection-Related,None,,,         ,Graham,Binkley,Clear,"Sideswipe, Same Direction",no,no,no,no,no,False
102443384,METROPOLITAN NASHVILLE POLICE DEPT,20190516829,Davidson,Not in City Limit,7/10/2019 9:45:00 AM,2,0,0,36.077080,-86.965300,I 40,,,,0.00,,,,,,,195.80,N,Not at Intersection, ,Non-Junction,None,,,         ,Curtis,Rich,Cloudy,Front to Rear,no,no,no,no,no,False
102443396,METROPOLITAN NASHVILLE POLICE DEPT,20190516745,Davidson,Nashville,7/10/2019 8:14:00 AM,2,0,0,36.143950,-86.744150,FESSLERS LN,,,,263.00,Feet,South,ELM HILL PKE,,,,0.00,N,Not at Intersection, ,Non-Junction,None,,,         ,Thomas,Odom,Clear,Front to Rear,no,no,no,no,no,False
102443398,METROPOLITAN NASHVILLE POLICE DEPT,20190516498,Davidson,Nashville,7/10/2019 7:07:00 AM,2,0,0,36.044620,-86.659390,I24 E ENT RAMP,,,,0.00,Feet,East,I 24,,,,0.00,N,Not at Intersection,N,Entrance/Exit Ramp Related,None,,,         ,Jessie,Meadows,Clear,"Sideswipe, Same Direction",no,no,no,no,yes,False
102443408,METROPOLITAN NASHVILLE POLICE DEPT,20190516888,Davidson,Nashville,7/10/2019 10:13:00 AM,2,1,0,36.039690,-86.762440,OLD HICKORY BLVD,,,,50.00,Feet,East,HEARTHSTONE LN,,,,0.00,N,Not at Intersection,N,Non-Junction,None,,,         ,Earl,Davis,Clear,Front to Rear,no,no,no,no,yes,False
102443426,GOODLETTSVILLE POLICE DEPT,19-25179,Davidson,Goodlettsville,7/7/2019 4:35:00 PM,2,1,0,36.325110,-86.701760,LONG HOLLOW PKE,,,,0.00,,,CONFERENCE DR,,,,0.00,Y,Four-Way, ,Intersection,None,,,         ,Daniel,Knalls,Clear,Angle,no,no,no,no,no,False
102443443,METROPOLITAN NASHVILLE POLICE DEPT,20190516466,Davidson,Nashville,7/10/2019 6:20:00 AM,2,0,0,36.119440,-86.766870,I 440,,,,0.00,,,,,,,5.35,N,Not at Intersection,Y,Entrance/Exit Ramp Related,Construction Zone,Work On Shoulder Or Median,Activity Area,         ,David,Barras,Clear,Front to Rear,no,no,no,no,no,False
102443455,METROPOLITAN NASHVILLE POLICE DEPT,20190516980,Davidson,Nashville,7/10/2019 10:18:00 AM,2,0,0,36.151950,-86.753340,I 40,,,,0.00,,,I40 E ENT RAMP,,,,0.00,Y,Y-Intersection, ,Entrance/Exit Ramp Related,None,,,         ,Thomas,Odom,Clear,"Sideswipe, Same Direction",no,no,no,no,no,False
102443486,METROPOLITAN NASHVILLE POLICE DEPT,20190517135,Davidson,Nashville,7/10/2019 11:58:00 AM,2,0,0,36.171680,-86.865590,CENTENNIAL BLVD,,,,58.00,Feet,East,BRILEY PKWY N ENT RAMP,,,,0.00,N,Not at Intersection, ,Non-Junction,None,,,         ,Curtis,Rich,Cloudy,Angle,no,no,no,yes,yes,False
102443494,METROPOLITAN NASHVILLE POLICE DEPT,20190517008,Davidson,Nashville,7/10/2019 11:10:00 AM,2,2,0,36.093000,-86.876610,HIGHWAY 100,,,,49.00,Feet,North,ALTON RD,,,,0.00,N,Not at Intersection,N,Non-Junction,None,,,         ,Wesley,Tilley,Clear,Front to Rear,no,no,no,no,no,False
102443495,METROPOLITAN NASHVILLE POLICE DEPT,20190516972,Davidson,Nashville,7/10/2019 10:51:00 AM,2,2,0,36.210260,-86.776000,I 65,,,,0.00,,,,,,,87.60,N,Not at Intersection,N,Non-Junction,None,,,         ,Isaac,Wood,Clear,Front to Rear,no,no,no,no,no,False
102443509,METROPOLITAN NASHVILLE POLICE DEPT,20190517081,Davidson,Nashville,7/10/2019 12:00:00 PM,2,0,0,36.151920,-86.791290,DIVISION ST,,,,99.00,Feet,East,MUSIC CIRE,,,,0.00,N,Not at Intersection, ,Non-Junction,None,,,         ,Corey,Eldridge,Clear,"Sideswipe, Same Direction",no,no,no,no,no,False
102443517,METROPOLITAN NASHVILLE POLICE DEPT,20190514952,Davidson,Nashville,7/9/2019 4:54:00 PM,2,0,0,36.155330,-86.790450,BROADWAY,,,,65.00,Feet,East,15TH AVN,,,,0.00,N,Not at Intersection, ,Non-Junction,None,,,         ,Brandon,O'Guin,Clear,"Sideswipe, Same Direction",no,no,no,no,no,False
102443518,METROPOLITAN NASHVILLE POLICE DEPT,20190517159,Davidson,Nashville,7/10/2019 12:25:00 PM,2,0,0,36.157730,-86.815320,26TH AVN,,,,249.00,Feet,South,CLIFTON AV,,,,0.00,N,Not at Intersection,N,Non-Junction,None,,,         ,Kevin,Reynolds,Clear,"Sideswipe, Opposite Direction",no,no,no,no,yes,False
102443519,METROPOLITAN NASHVILLE POLICE DEPT,20190517152,Davidson,Nashville,7/10/2019 11:55:00 AM,2,0,0,36.195830,-86.775570,I 65,,,,0.00,,,,,,,86.60,N,Not at Intersection,N,Non-Junction,None,,,         ,Ronald,Bright,Cloudy,Front to Rear,no,no,no,no,no,False
102443522,METROPOLITAN NASHVILLE POLICE DEPT,20190517020,Davidson,Nashville,7/10/2019 11:30:00 AM,3,0,0,36.160450,-86.794340,CHARLOTTE AV,,,,222.00,Feet,West,14TH AVN,,,,0.00,N,Not at Intersection,N,Non-Junction,None,,,         ,Wesley,Young,Clear,Front to Rear,no,no,no,no,yes,False
102443552,METROPOLITAN NASHVILLE POLICE DEPT,20190517071,Davidson,Nashville,7/10/2019 11:50:00 AM,2,0,0,36.197610,-86.837320,CLARKSVILLE PKE,,,,0.00,,,ASHLAND CITY HWY,,,,0.00,Y,T-Intersection, ,Intersection,None,,,         ,Wesley,Young,Clear,Angle,no,no,no,no,no,False
102443553,METROPOLITAN NASHVILLE POLICE DEPT,20190517067,Davidson,Nashville,7/10/2019 11:45:00 AM,2,1,0,36.165220,-86.781690,DEADERICK ST,,,,45.00,Feet,West,5TH AVN,,,,0.00,N,Not at Intersection, ,Non-Junction,None,,,         ,Frank,Campbell,Cloudy,Other,no,no,no,no,no,False
102443559,METROPOLITAN NASHVILLE POLICE DEPT,20190517036,Davidson,Nashville,7/10/2019 11:30:00 AM,2,1,0,36.198440,-86.620270,LEBANON PKE,,,,0.00,Feet,,OLD HICKORY BLVD,,,,0.00,Y,Four-Way,N,Intersection-Related,None,,,         ,Tien,Nguyen,Clear,Front to Rear,no,no,no,no,no,False
102443583,METROPOLITAN NASHVILLE POLICE DEPT,20190517300,Davidson,Nashville,7/10/2019 1:25:00 PM,2,0,0,36.147720,-86.799340,21ST AVS,,,,105.00,Feet,North,GRAND AV,,,,0.00,N,Not at Intersection, ,,None,,,         ,Corey,Eldridge,,,no,no,no,no,no,Campus
102443608,METROPOLITAN NASHVILLE POLICE DEPT,20190517219,Davidson,Nashville,7/10/2019 1:00:00 PM,2,0,0,36.211070,-86.733000,GALLATIN PKE,,,,62.00,Feet,North,GREENFIELD AV,,,,0.00,N,Not at Intersection, ,,None,,,         ,Eric,Knight,,,no,no,no,no,no,False
102443610,METROPOLITAN NASHVILLE POLICE DEPT,20190517286,Davidson,Nashville,7/10/2019 1:15:00 PM,2,0,0,36.123930,-86.781320,VAULX LN,,,,0.00,,,INVERNESS AV,,,,0.00,Y,Four-Way, ,Intersection,None,,,         ,Timothy,Edwards,Cloudy,Angle,no,no,no,no,no,False
102443611,METROPOLITAN NASHVILLE POLICE DEPT,20190517000,Davidson,Nashville,7/10/2019 11:10:00 AM,2,0,0,36.130450,-86.802450,BLAIR BLVD,,,,134.00,Feet,West,21ST AVS,,,,0.00,N,Not at Intersection,N,Non-Junction,None,,,         ,Ernie,Wilson,Clear,Front to Rear,no,no,no,yes,no,False
102443631,METROPOLITAN NASHVILLE POLICE DEPT,20190517110,Davidson,Nashville,7/10/2019 12:13:00 PM,3,1,0,36.115150,-86.823170,WOODMONT BLVD,,,,100.00,Feet,East,VALLEY BROOK RD,,,,0.00,N,Not at Intersection,N,Non-Junction,None,,,         ,Walter,Gray II,Cloudy,Front to Rear,no,no,no,no,no,False
102443649,METROPOLITAN NASHVILLE POLICE DEPT,20190517357,Davidson,Nashville,7/10/2019 2:04:00 PM,2,0,0,36.154970,-86.779680,8TH AVS,,,,0.00,,,8TH AVS,,,,0.00,Y,Traffic Circle,N,Intersection-Related,None,,,         ,Kyle,Eicholtz,Rain,"Sideswipe, Same Direction",no,no,no,no,yes,False
102443652,METROPOLITAN NASHVILLE POLICE DEPT,20190514815,Davidson,Nashville,7/9/2019 4:10:00 PM,2,1,0,36.163850,-86.793900,I40 E EXT RAMP,,,,0.00,Feet,East,I 40,,,,0.00,N,Not at Intersection,N,Non-Junction,None,,,         ,Eric,McCoy,Clear,Front to Rear,no,no,no,no,no,False
102443653,METROPOLITAN NASHVILLE POLICE DEPT,20190517156,Davidson,Nashville,7/10/2019 12:33:00 PM,2,1,0,36.188750,-86.721710,CARTER AV,,,,148.00,Feet,East,ROBERTA ST,,,,0.00,N,Not at Intersection,N,Non-Junction,None,,,         ,Nathan,Mayo,Cloudy,Angle,no,no,no,no,no,False
102443654,METROPOLITAN NASHVILLE POLICE DEPT,20190517325,Davidson,Nashville,7/10/2019 1:48:00 PM,1,1,0,36.153010,-86.796000,18TH AVS,,,,0.00,,,WEST END AV,,,,0.00,Y,Four-Way,N,Intersection,None,,,         ,David,Lang,Rain,Not Collision with Motor Vehicle in Transport,yes,no,no,no,no,False
102443655,METROPOLITAN NASHVILLE POLICE DEPT,20190517243,Davidson,Nashville,7/10/2019 1:14:00 PM,2,1,0,36.193260,-86.623490,LEBANON PKE,,,,172.00,Feet,North,JUAREZ DR,,,,0.00,N,Not at Intersection,N,Non-Junction,None,,,         ,Thomas,Odom,Clear,Angle,no,no,no,no,no,False
102443657,METROPOLITAN NASHVILLE POLICE DEPT,20190517174,Davidson,Nashville,7/10/2019 12:19:00 PM,2,0,0,36.198440,-86.620270,LEBANON PKE,,,,0.00,,,OLD HICKORY BLVD,,,,0.00,Y,Four-Way, ,Intersection-Related,None,,,         ,Thomas,Odom,Clear,Front to Rear,no,no,no,no,no,False
102443665,METROPOLITAN NASHVILLE POLICE DEPT,20190517263,Davidson,Nashville,7/10/2019 1:22:00 PM,2,0,0,36.110610,-86.741310,THOMPSON LN,,,,174.00,Feet,West,SIMMONS AV,,,,0.00,N,Not at Intersection, ,Non-Junction,None,,,         ,Joseph,Simon,Clear,"Sideswipe, Same Direction",no,no,no,no,no,False
102443674,METROPOLITAN NASHVILLE POLICE DEPT,20190517322,Davidson,Goodlettsville,7/10/2019 1:00:00 PM,2,0,0,36.301010,-86.694420,GALLATIN PKEN,,,,145.00,Feet,East,SHEPHERD HILLS DR,,,,0.00,N,Not at Intersection, ,Non-Junction,None,,,         ,Brandon,Bilbrey,Rain,Front to Rear,no,no,no,no,no,False
102443675,METROPOLITAN NASHVILLE POLICE DEPT,20190517271,Davidson,Nashville,7/10/2019 12:31:00 PM,2,0,0,36.142910,-86.815120,WEST END AV,,,,163.00,Feet,North,31ST AVN,,,,0.00,N,Not at Intersection, ,Non-Junction,None,,,         ,Kiana,Perry,Cloudy,Front to Rear,no,no,no,no,no,Campus
102443703,METROPOLITAN NASHVILLE POLICE DEPT,20190517340,Davidson,Nashville,7/10/2019 2:00:00 PM,2,0,0,36.147890,-86.767940,CAMERON ST,,,,155.00,Feet,West,3RD AVS,,,,0.00,N,Not at Intersection,N,Non-Junction,None,,,         ,Jessie,Meadows,Clear,Front to Rear,no,no,no,no,yes,False
102443704,METROPOLITAN NASHVILLE POLICE DEPT,20190517051,Davidson,Nashville,7/10/2019 11:24:00 AM,2,0,0,36.187590,-86.794790,I 65,,,,0.00,,,,,,,85.40,N,Not at Intersection, ,Non-Junction,None,,,         ,Jamel,Griffin,Clear,"Sideswipe, Same Direction",no,no,no,no,no,False
102443723,METROPOLITAN NASHVILLE POLICE DEPT,20190517398,Davidson,Nashville,7/10/2019 1:35:00 PM,2,0,0,36.194490,-86.743430,GALLATIN AV,,,,198.00,Feet,North,STROUSE AV,,,,0.00,N,Not at Intersection,N,Non-Junction,None,,,         ,Christopher,Valdez,Cloudy,Angle,no,no,no,no,no,False
102443739,METROPOLITAN NASHVILLE POLICE DEPT,20190517384,Davidson,Nashville,7/10/2019 12:58:00 PM,2,0,0,36.193300,-86.751920,ELLINGTON PKWY N EXT RAMP,,,,0.00,Feet,,DOUGLAS AV,,,,0.00,Y,T-Intersection,Y,Intersection-Related,None,,,         ,Bradley,Fort,Clear,Front to Rear,no,no,no,no,no,False
102443757,METROPOLITAN NASHVILLE POLICE DEPT,20190517326,Davidson,Nashville,7/10/2019 1:49:00 PM,2,0,0,36.155850,-86.777290,KOREAN VETERANS BLVD,,,,0.00,,,6TH AVS,,,,0.00,Y,Four-Way,N,Intersection,None,,,         ,Joshua,Reece,Rain,Angle,no,no,no,no,no,False
102443763,METROPOLITAN NASHVILLE POLICE DEPT,20190514967,Davidson,Nashville,7/9/2019 2:55:00 PM,2,0,0,36.167780,-86.795960,I 40,,,,0.00,,,,,,,208.20,N,Not at Intersection, ,Non-Junction,None,,,         ,Melvin,Taylor,Clear,"Sideswipe, Same Direction",no,no,no,no,no,False
102443772,METROPOLITAN NASHVILLE POLICE DEPT,20190517394,Davidson,Nashville,7/10/2019 2:40:00 PM,1,1,0,36.129790,-86.899420,I 40,,,,0.00,,,,,,,201.00,N,Not at Intersection,N,Non-Junction,None,,,         ,Walter,Gray II,Rain,Not Collision with Motor Vehicle in Transport,no,no,no,no,no,False
102443776,METROPOLITAN NASHVILLE POLICE DEPT,20190517417,Davidson,Nashville,7/10/2019 2:34:00 PM,2,1,0,36.042820,-86.840780,OLD HICKORY BLVD,,,,456.00,Feet,East,KINGSBURY DR,,,,0.00,N,Not at Intersection, ,Non-Junction,None,,,         ,FELIKS,ABRAHAMYAN,Clear,Front to Rear,no,no,no,no,no,False
102443779,METROPOLITAN NASHVILLE POLICE DEPT,20190517472,Davidson,Nashville,7/10/2019 3:10:00 PM,2,0,0,36.087830,-86.608070,SMITH SPRINGS RD,,,,300.00,Feet,West,ANDERSON RD,,,,0.00,N,Not at Intersection, ,Non-Junction,None,,,         ,Thomas,Odom,Clear,Rear to Side,no,no,no,yes,no,False
102443784,METROPOLITAN NASHVILLE POLICE DEPT,20190508639,Davidson,Nashville,7/6/2019 11:41:00 AM,2,0,0,36.154950,-86.788180,I40 W EXT RAMP,,,,0.00,Feet,,I 40,,,,0.00,Y,Y-Intersection,N,Intersection-Related,None,,,         ,Russell,Ward,Clear,"Sideswipe, Same Direction",no,no,no,no,no,False
102443785,METROPOLITAN NASHVILLE POLICE DEPT,20190517521,Davidson,Nashville,7/10/2019 3:40:00 PM,3,0,0,36.124540,-86.728110,I 24,,,,0.00,,,,,,,52.60,N,Not at Intersection,N,Non-Junction,None,,,         ,Arend,Groeneweg,Clear,Front to Rear,no,no,no,no,no,False
102443791,METROPOLITAN NASHVILLE POLICE DEPT,20190517501,Davidson,Nashville,7/10/2019 2:50:00 PM,3,0,0,36.045210,-86.685800,BELL RD,,,,509.00,Feet,South,BRENTRIDGE DR,,,,0.00,N,Not at Intersection,N,Non-Junction,None,,,         ,Matthew,Turppa,Cloudy,Front to Rear,no,no,no,no,no,False
102443792,METROPOLITAN NASHVILLE POLICE DEPT,20190517508,Davidson,Nashville,7/10/2019 3:20:00 PM,2,0,0,36.154030,-86.787570,I40 W EXT RAMP,,,,0.00,,,I 40,,,,0.00,Y,Four-Way, ,Intersection,None,,,         ,Trevor,Taylor,Clear,Angle,no,no,no,no,no,False
102443793,METROPOLITAN NASHVILLE POLICE DEPT,20190517524,Davidson,Nashville,7/10/2019 3:36:00 PM,3,0,0,36.123220,-86.826610,BOWLING AV,,,,224.00,Feet,South,WOODLAWN DR,,,,0.00,N,Not at Intersection, ,Non-Junction,None,,,         ,Walter,Gray II,Cloudy,Front to Rear,no,no,no,no,no,False
102443805,METROPOLITAN NASHVILLE POLICE DEPT,20190517327,Davidson,Nashville,7/10/2019 1:50:00 PM,2,0,0,36.168310,-86.781950,GAY ST,,,,0.00,Feet,,JAMES ROBERTSON PKWY,,,,0.00,Y,Four-Way,N,Intersection,None,,,         ,Brandon,O'Guin,Rain,Angle,no,no,no,no,no,False
102443814,METROPOLITAN NASHVILLE POLICE DEPT,20190517562,Davidson,Nashville,7/10/2019 4:09:00 PM,2,1,0,36.046670,-86.860010,OLD HICKORY BLVD,,,,841.00,Feet,East,HILLSBORO PKE,,,,0.00,N,Not at Intersection,N,Non-Junction,None,,,         ,FELIKS,ABRAHAMYAN,Cloudy,Front to Rear,no,no,no,no,no,False
102443819,METROPOLITAN NASHVILLE POLICE DEPT,20190517486,Davidson,Nashville,7/10/2019 2:51:00 PM,2,0,0,36.154800,-86.788150,I40 W EXT RAMP,,,,0.00,Feet,East,I 40,,,,0.00,N,Not at Intersection, ,Non-Junction,None,,,         ,Brandon,O'Guin,Rain,Front to Rear,no,no,no,no,no,False
102443820,METROPOLITAN NASHVILLE POLICE DEPT,20190517685,Davidson,Nashville,7/10/2019 5:11:00 PM,2,1,0,36.102920,-86.627300,BELL RD,,,,1717.00,Feet,South,NED SHELTON RD,,,,0.00,N,Not at Intersection,N,Non-Junction,None,,,         ,Cheri,Cox,Cloudy,Front to Rear,no,no,no,no,no,False
102443835,Nashville Airport Police,2019-02923,Davidson,Nashville,7/10/2019 1:40:00 PM,2,0,0,36.109520,-86.670010,KNAPP BLVD,,,,431.00,Feet,East,DONELSON PKE,,,,0.00,N,Not at Intersection, ,Non-Junction,None,,,         ,Delphia,Murphy,Clear,"Sideswipe, Same Direction",no,no,no,no,no,False
102443849,METROPOLITAN NASHVILLE POLICE DEPT,20190517780,Davidson,Nashville,7/10/2019 5:52:00 PM,2,0,0,36.105620,-86.671800,MURFREESBORO PKE,,,,0.00,Feet,East,EZELL PKE,,,,0.00,N,Not at Intersection, ,Non-Junction,None,,,         ,Jerre,Fly,Clear,Front to Rear,no,no,no,no,no,False
102443857,METROPOLITAN NASHVILLE POLICE DEPT,20190517575,Davidson,Nashville,7/10/2019 3:54:00 PM,2,0,0,36.074150,-86.638340,MURFREESBORO PKE,,,,149.00,Feet,South,RURAL HILL RD,,,,0.00,N,Not at Intersection, ,Non-Junction,None,,,         ,Andrew,Brazee,Clear,Front to Rear,no,no,no,no,no,False
102443858,METROPOLITAN NASHVILLE POLICE DEPT,20190517660,Davidson,Nashville,7/10/2019 5:01:00 PM,2,0,0,36.109880,-86.721390,BRILEY PKWYS,,,,109.00,Feet,West,I24 W ENT RAMP,,,,0.00,N,Not at Intersection, ,Non-Junction,None,,,         ,Andrew,Brazee,Clear,Front to Rear,no,no,no,no,no,False
102443859,METROPOLITAN NASHVILLE POLICE DEPT,20190517654,Davidson,Nashville,7/10/2019 4:35:00 PM,3,0,0,36.148090,-86.760240,LAFAYETTE ST,,,,62.00,Feet,East,LINCOLN ST,,,,0.00,N,Not at Intersection,N,Non-Junction,None,,,         ,Andrew,Brazee,Clear,Front to Rear,no,no,no,no,yes,False
102443860,METROPOLITAN NASHVILLE POLICE DEPT,20190517581,Davidson,Nashville,7/10/2019 3:57:00 PM,3,1,0,36.176880,-86.776180,SPRING ST,,,,0.00,,,COWAN ST,,,,0.00,Y,Four-Way, ,Intersection,None,,,         ,Michael,Douglas,Cloudy,Front to Rear,no,no,no,no,yes,False