master_record_number,agency,agency_tracking_number,county,city,collision_date,vehicles_involved,number_injured,number_dead,latitude,longitude,roadway_name,roadway_suffix,roadway_number,roadway_local_id,distance_from_reference,miles-feet_indicator,direction_from_reference,intersection_road_name,intersection_road_name_suffix,intersection_road_number,intersection_local_id,mile_marker,intersection_indicator,intersect_type,interchange_related_indicator,relation_to_junction,work_zone_type,construction_maintenance_zone,construction_maintenance_zone_location,fatal_case_number,officer_first_name,officer_last_name,weather_condition(s),manner_of_crash,pedestrian,bicycle,scooter,parking,hitrun,mou
102445355,METROPOLITAN NASHVILLE POLICE DEPT,20190522107,Davidson,Nashville,7/12/2019 10:10:00 AM,2,0,0,36.077020,-86.641620,DOVER GLEN DR,,,,62.00,Feet,West,LAKEVILLA DR,,,,0.00,N,Not at Intersection,N,Non-Junction,None,,,         ,Jessie,Meadows,Clear,Front to Rear,no,no,no,no,no,False
102445377,METROPOLITAN NASHVILLE POLICE DEPT,20190522306,Davidson,Nashville,7/12/2019 12:28:00 PM,2,1,0,36.155910,-86.767010,HERMITAGE AV,,,,0.00,,,MIDDLETON ST,,,,0.00,Y,T-Intersection,N,Non-Junction,None,,,         ,Steven,Jenkins,Clear,Angle,no,no,no,no,no,False
102445384,METROPOLITAN NASHVILLE POLICE DEPT,20190521895,Davidson,Nashville,7/12/2019 8:35:00 AM,3,3,0,36.207140,-86.803780,W TRINITY LN,,,,944.00,Feet,East,DAY ST,,,,0.00,N,Not at Intersection,N,Non-Junction,None,,,         ,Maryanne,Bartello,Clear,Front to Rear,no,no,no,no,no,False
102445385,METROPOLITAN NASHVILLE POLICE DEPT,20190522191,Davidson,Antioch,7/12/2019 11:27:00 AM,2,0,0,36.042730,-86.606760,HOBSON PKE,,,,74.00,Feet,West,MURFREESBORO PKE,,,,0.00,N,Not at Intersection, ,Non-Junction,None,,,         ,Jessie,Meadows,Clear,Front to Rear,no,no,no,no,no,False
102445389,METROPOLITAN NASHVILLE POLICE DEPT,20190522434,Davidson,Nashville,7/12/2019 1:37:00 PM,2,1,0,36.127470,-86.629550,BELL RD,,,,0.00,,,PRIEST WOODS DR,,,,0.00,Y,T-Intersection,N,Intersection-Related,None,,,         ,Tien,Nguyen,Clear,Front to Rear,no,no,no,no,no,False
102445394,METROPOLITAN NASHVILLE POLICE DEPT,20190520382,Davidson,Nashville,7/11/2019 5:18:00 PM,2,0,0,36.162580,-86.849580,CENTENNIAL BLVD,,,,150.00,Feet,West,51ST AVN,,,,0.00,N,Not at Intersection,N,Non-Junction,None,,,         ,Walter,Gray II,Clear,Angle,no,no,no,no,yes,False
102445400,METROPOLITAN NASHVILLE POLICE DEPT,20190522326,Davidson,Nashville,7/12/2019 10:10:00 AM,2,0,0,36.094650,-86.689930,MCGAVOCK PKE,,,,0.00,,,HARDING INDUSTRIAL DR,,,,0.00,Y,OTHER,N,Non-Junction,None,,,         ,Jason,Kedzierski,Clear,Other,no,no,no,yes,yes,False
102445401,METROPOLITAN NASHVILLE POLICE DEPT,20190522467,Davidson,Nashville,7/12/2019 1:34:00 PM,2,0,0,36.108250,-86.677960,MURFREESBORO PKE,,,,361.00,Feet,West,DELL PKWY,,,,0.00,N,Not at Intersection, ,Non-Junction,None,,,         ,Ryan,Howard,Clear,"Sideswipe, Same Direction",no,no,no,no,no,False
102445402,METROPOLITAN NASHVILLE POLICE DEPT,20190522369,Davidson,Nashville,7/12/2019 12:57:00 PM,2,0,0,36.157110,-86.803610,20TH AVN,,,,0.00,,,CHARLOTTE AV,,,,0.00,Y,T-Intersection, ,Intersection-Related,None,,,         ,Kiana,Perry,Clear,Angle,no,no,no,no,no,False
102445403,METROPOLITAN NASHVILLE POLICE DEPT,20190522377,Davidson,Nashville,7/12/2019 12:15:00 PM,2,0,0,36.130320,-86.802030,BLAIR BLVD,,,,0.00,,,21ST AVS,,,,0.00,Y,Four-Way, ,,None,,,         ,David,Lang,,,no,no,no,no,no,False
102445404,METROPOLITAN NASHVILLE POLICE DEPT,20190522320,Davidson,Nashville,7/12/2019 12:01:00 PM,2,0,0,36.081090,-86.683460,FRANKLIN LIMESTONE RD,,,,712.00,Feet,East,ANTIOCH PKE,,,,0.00,N,Not at Intersection,N,Non-Junction,None,,,         ,Jessie,Meadows,Clear,"Sideswipe, Same Direction",no,no,no,no,no,False
102445435,METROPOLITAN NASHVILLE POLICE DEPT,20190522399,Davidson,Nashville,7/12/2019 1:18:00 PM,3,0,0,36.118390,-86.801190,I 440,,,,0.00,,,,,,,3.15,N,Not at Intersection,N,Non-Junction,Construction Zone,Work On Shoulder Or Median,Activity Area,         ,Corey,Eldridge,Clear,Front to Rear,no,no,no,no,no,False
102445448,METROPOLITAN NASHVILLE POLICE DEPT,20190522214,Davidson,Nashville,7/12/2019 11:38:00 AM,1,0,0,36.134010,-86.780610,BEECH AV,,,,99.00,Feet,South,WEDGEWOOD AV,,,,0.00,N,Not at Intersection,N,"Driveway, Alley Access, etc",None,,,         ,John,Chambers,Cloudy,Not Collision with Motor Vehicle in Transport,no,no,no,no,no,False
102445457,METROPOLITAN NASHVILLE POLICE DEPT,20190522514,Davidson,Nashville,7/12/2019 2:04:00 PM,2,0,0,36.141120,-86.721870,I40 W EXT RAMP,,,,0.00,,,I 40,,,,0.00,Y,T-Intersection, ,Entrance/Exit Ramp Related,None,,,         ,Ralph,Harvey,Clear,Angle,no,no,no,no,no,False
102445460,METROPOLITAN NASHVILLE POLICE DEPT,20190522408,Davidson,Nashville,7/12/2019 1:18:00 PM,2,0,0,36.143340,-86.686610,I 40,,,,0.00,,,,,,,215.50,N,Not at Intersection,N,Non-Junction,None,,,         ,Destiny,Zunic,Clear,"Sideswipe, Same Direction",no,no,no,no,yes,False
102445494,METROPOLITAN NASHVILLE POLICE DEPT,20190522609,Davidson,Nashville,7/12/2019 2:48:00 PM,1,2,0,36.202430,-86.840280,CLARKSVILLE PKE,,,,288.00,Feet,South,ABERNATHY RD,,,,0.00,N,Not at Intersection,N,Non-Junction,None,,,         ,Bryan,Musgrave,Clear,Not Collision with Motor Vehicle in Transport,no,no,no,no,no,False
102445512,METROPOLITAN NASHVILLE POLICE DEPT,20190522604,Davidson,Nashville,7/12/2019 12:30:00 PM,1,0,0,36.157930,-86.791610,I40 E ENT RAMP,,,,0.00,,,I 40,,,,0.00,Y,Four-Way, ,,None,,,         ,Caleb,Jernigan,,,no,no,no,no,no,False
102445551,METROPOLITAN NASHVILLE POLICE DEPT,20190522634,Davidson,Not in City Limit,7/12/2019 2:41:00 PM,2,0,0,35.996350,-86.689130,NOLENSVILLE PKE,,,,292.00,Feet,East,CONCORD RD,,,,0.00,N,Not at Intersection,N,Non-Junction,None,,,         ,Cynthia,Quirouette,Clear,Front to Rear,no,no,no,no,no,False
102445565,METROPOLITAN NASHVILLE POLICE DEPT,20190522674,Davidson,Nashville,7/12/2019 3:02:00 PM,2,1,0,36.170810,-86.601600,OLD HICKORY BLVD,,,,0.00,,,I40 W ENT RAMP,,,,0.00,Y,Four-Way,N,Intersection,None,,,         ,Thomas,Odom,Clear,Angle,no,no,no,no,no,False
102445569,METROPOLITAN NASHVILLE POLICE DEPT,20190520963,Davidson,Nashville,7/11/2019 10:13:00 PM,3,0,0,36.109690,-86.671460,DONELSON PKE,,,,0.00,,,KNAPP BLVD,,,,0.00,Y,Four-Way, ,Intersection-Related,None,,,         ,Russell,Ward,Clear,"Sideswipe, Same Direction",no,no,no,no,no,False
102445570,METROPOLITAN NASHVILLE POLICE DEPT,20190522636,Davidson,Nashville,7/12/2019 2:53:00 PM,2,0,0,36.134300,-86.780710,WEDGEWOOD AV,,,,0.00,,,BEECH AV,,,,0.00,Y,Four-Way, ,,None,,,         ,FELIKS,ABRAHAMYAN,,,no,no,no,no,no,False
102445573,METROPOLITAN NASHVILLE POLICE DEPT,20190520240,Davidson,Nashville,7/11/2019 2:10:00 PM,2,0,0,36.068340,-86.629910,FOREST POINTE PL,,,,0.00,,,FOREST VIEW DR,,,,0.00,Y,Four-Way,N,Intersection-Related,None,,,         ,Eric,Wegener,Clear,Front to Rear,no,no,no,no,yes,False
102445582,METROPOLITAN NASHVILLE POLICE DEPT,20190522767,Davidson,Nashville,7/12/2019 3:46:00 PM,2,0,0,36.089070,-86.649990,RANSOM PL,,,,0.00,,,MURFREESBORO PKE,,,,0.00,Y,Four-Way,N,Intersection,None,,,         ,Kevin,Keating,Clear,Angle,no,no,no,no,yes,False
102445584,METROPOLITAN NASHVILLE POLICE DEPT,20190522684,Davidson,Nashville,7/12/2019 3:20:00 PM,4,0,0,36.170170,-86.755550,SHELBY AV,,,,211.00,Feet,East,S 8TH ST,,,,0.00,N,Not at Intersection, ,,None,,,         ,Kevin,Clausius,,,no,no,no,no,no,False
102445602,METROPOLITAN NASHVILLE POLICE DEPT,20190522617,Davidson,Nashville,7/12/2019 2:54:00 PM,2,0,0,36.142060,-86.734250,I 40,,,,0.00,,,,,,,212.85,N,Not at Intersection, ,Non-Junction,None,,,         ,Christopher,Augustin,Clear,"Sideswipe, Same Direction",no,no,no,no,no,False
102445605,METROPOLITAN NASHVILLE POLICE DEPT,20190522623,Davidson,Nashville,7/12/2019 2:54:00 PM,2,0,0,36.157750,-86.772490,2ND AVS,,,,93.00,Feet,South,KOREAN VETERANS BLVD,,,,0.00,N,Not at Intersection, ,,None,,,         ,Timothy,Mead,,,no,no,no,no,no,False
102445630,METROPOLITAN NASHVILLE POLICE DEPT,20190522748,Davidson,Nashville,7/12/2019 3:47:00 PM,2,0,0,36.111160,-86.755230,SIDCO DR,,,,0.00,,,THOMPSON LN,,,,0.00,Y,OTHER, ,,None,,,         ,Citlaly,Juarez,,,no,no,no,no,no,False
102445631,METROPOLITAN NASHVILLE POLICE DEPT,20190522804,Davidson,Nashville,7/12/2019 12:00:00 AM,2,1,0,36.163190,-86.819660,28TH AVN,,,,33.00,Feet,North,I40 E ENT RAMP,,,,0.00,N,Not at Intersection,N,Non-Junction,None,,,         ,Melvin,Taylor,Clear,Front to Rear,no,no,no,no,no,False
102445635,METROPOLITAN NASHVILLE POLICE DEPT,20190522681,Davidson,Not in City Limit,7/12/2019 3:20:00 PM,2,0,0,36.261240,-86.712530,GALLATIN PKES,,,,0.00,Feet,East,MAPLE ST,,,,0.00,N,Not at Intersection,N,Non-Junction,None,,,         ,Mary,Robinson,Clear,Angle,no,no,no,no,yes,False
102445650,METROPOLITAN NASHVILLE POLICE DEPT,20190522695,Davidson,Nashville,7/12/2019 3:25:00 PM,2,0,0,36.106180,-86.816530,ABBOTT MARTIN RD,,,,157.00,Feet,West,BANDYWOOD DR,,,,0.00,N,Not at Intersection, ,Non-Junction,None,,,         ,Walter,Gray II,Clear,Front to Rear,no,no,no,no,no,False
102445652,METROPOLITAN NASHVILLE POLICE DEPT,20190522712,Davidson,Nashville,7/12/2019 3:30:00 PM,2,1,0,36.141540,-86.740550,MURFREESBORO PKE,,,,0.00,,,FOSTER AV,,,,0.00,Y,T-Intersection,N,Intersection,None,,,         ,Torry,Hill,Clear,Angle,no,no,no,no,no,False
102445653,METROPOLITAN NASHVILLE POLICE DEPT,20190522701,Davidson,Nashville,7/12/2019 3:25:00 PM,3,1,0,36.046280,-86.657590,BELL RD,,,,138.00,Feet,East,COLLINS PARK DR,,,,0.00,N,Not at Intersection,N,Non-Junction,None,,,         ,Arend,Groeneweg,Clear,Front to Rear,no,no,no,no,yes,False
102445654,METROPOLITAN NASHVILLE POLICE DEPT,20190522818,Davidson,Nashville,7/12/2019 4:21:00 PM,2,0,0,36.062140,-86.682120,I 24,,,,0.00,,,,,,,57.65,N,Not at Intersection, ,Non-Junction,None,,,         ,Taylor,Hurley,Clear,Front to Rear,no,no,no,no,no,False
102445655,METROPOLITAN NASHVILLE POLICE DEPT,20190522837,Davidson,Nashville,7/12/2019 4:10:00 PM,2,0,0,36.188130,-86.775370,I 24,,,,0.00,,,,,,,47.05,N,Not at Intersection,N,Non-Junction,None,,,         ,Trevor,Jones,Clear,Front to Rear,no,no,no,no,yes,False
102445656,METROPOLITAN NASHVILLE POLICE DEPT,20190522727,Davidson,Nashville,7/12/2019 3:36:00 PM,2,2,0,36.186970,-86.795600,I 65,,,,0.00,,,,,,,85.55,N,Not at Intersection,Y,Entrance/Exit Ramp Related,None,,,         ,Luke,Steigerwalt,Clear,Front to Rear,no,no,no,no,no,False
102445661,METROPOLITAN NASHVILLE POLICE DEPT,20190522777,Davidson,Antioch,7/12/2019 3:07:00 PM,3,1,0,36.027490,-86.589520,MURFREESBORO PKE,,,,422.00,Feet,South,LAVERGNE COUCHVILLE PKE,,,,0.00,N,Not at Intersection,N,Non-Junction,None,,,         ,Ryan,Sherry,Clear,Front to Rear,no,no,no,no,yes,False
102445674,METROPOLITAN NASHVILLE POLICE DEPT,20190522875,Davidson,Nashville,7/12/2019 4:27:00 PM,2,0,0,36.154480,-86.779430,8TH AVS,,,,0.00,Feet,,LAFAYETTE ST,,,,0.00,Y,Roundabout, ,Intersection-Related,None,,,         ,Nicolas,Pernell,Clear,Angle,no,no,no,no,no,False
102445682,METROPOLITAN NASHVILLE POLICE DEPT,20190522905,Davidson,Nashville,7/12/2019 5:07:00 PM,2,0,0,36.135560,-86.698310,BRILEY PKWYN,,,,204.00,Feet,South,CORPORATE DR,,,,0.00,N,Not at Intersection, ,Non-Junction,None,,,         ,Deandera,Payne,Clear,Front to Rear,no,no,no,no,no,False
102445686,METROPOLITAN NASHVILLE POLICE DEPT,20190522956,Davidson,Nashville,7/12/2019 5:03:00 PM,2,0,0,36.192320,-86.616300,JUAREZ DR,,,,0.00,Feet,West,OLD HICKORY BLVD,,,,0.00,N,Not at Intersection, ,,None,,,         ,Tyler,Hall,,,no,no,no,no,no,False
102445688,METROPOLITAN NASHVILLE POLICE DEPT,20190522871,Davidson,Nashville,7/12/2019 4:08:00 PM,2,0,0,36.091680,-86.828280,HILLSBORO PKE,,,,150.00,Feet,North,HARDING PL,,,,0.00,N,Not at Intersection,N,Non-Junction,None,,,         ,Walter,Gray II,Clear,Front to Rear,no,no,no,no,no,False
102445698,METROPOLITAN NASHVILLE POLICE DEPT,20190522737,Davidson,Nashville,7/12/2019 3:40:00 PM,2,0,0,36.187900,-86.794400,I 65,,,,0.00,,,,,,,85.45,N,Not at Intersection, ,,None,,,         ,Jessica,Johann,,,no,no,no,no,no,False
102445703,METROPOLITAN NASHVILLE POLICE DEPT,20190522679,Davidson,Goodlettsville,7/12/2019 3:09:00 PM,2,0,0,36.286030,-86.727510,I 65,,,,0.00,,,,,,,93.85,N,Not at Intersection, ,Non-Junction,None,,,         ,Christopher,Littles,Clear,Front to Rear,no,no,no,no,no,False
102445704,METROPOLITAN NASHVILLE POLICE DEPT,20190522739,Davidson,Not in City Limit,7/12/2019 3:17:00 PM,2,0,0,36.272980,-86.729770,NESBITT LN,,,,0.00,,,N GRAYCROFT AV,,,,0.00,Y,Four-Way,N,Intersection,None,,,         ,Christopher,Littles,Clear,Angle,no,no,no,no,no,False
102445705,METROPOLITAN NASHVILLE POLICE DEPT,20190522826,Davidson,Nashville,7/12/2019 4:27:00 PM,2,2,0,36.246150,-86.779270,CHESAPEAKE DR,,,,0.00,,,BRICK CHURCH PKE,,,,0.00,Y,T-Intersection,N,Intersection,None,,,         ,Christopher,Littles,Clear,Angle,no,no,no,no,no,False
102445706,METROPOLITAN NASHVILLE POLICE DEPT,20190522822,Davidson,Not in City Limit,7/12/2019 4:10:00 PM,2,0,0,36.264470,-86.711420,GALLATIN PKEN,,,,74.00,Feet,North,OLD TIME VILLAGE PVTDR,,,,0.00,N,Not at Intersection,N,Non-Junction,None,,,         ,Christopher,Littles,Clear,Angle,no,no,no,no,no,False
102445709,METROPOLITAN NASHVILLE POLICE DEPT,20190522975,Davidson,Nashville,7/12/2019 5:37:00 PM,2,0,0,36.193380,-86.753290,MCFERRIN AV,,,,0.00,,,ELLINGTON PKWY S EXT RAMP,,,,0.00,Y,Four-Way, ,,None,,,         ,Trevor,Jones,,,no,no,no,no,no,False
102445713,METROPOLITAN NASHVILLE POLICE DEPT,20190522760,Davidson,Nashville,7/12/2019 3:45:00 PM,2,4,0,36.159140,-86.782260,ROSA L PARKS BLVD,,,,99.00,Feet,North,BROADWAY,,,,0.00,N,Not at Intersection,N,Non-Junction,None,,,         ,Brandon,O'Guin,Clear,"Sideswipe, Same Direction",no,no,no,no,no,False
102445721,METROPOLITAN NASHVILLE POLICE DEPT,20190523015,Davidson,Nashville,7/12/2019 5:55:00 PM,2,0,0,36.154480,-86.779430,8TH AVS,,,,0.00,,,LAFAYETTE ST,,,,0.00,Y,Roundabout, ,Intersection-Related,None,,,         ,Nicolas,Pernell,Clear,Angle,no,no,no,no,no,False
102445729,METROPOLITAN NASHVILLE POLICE DEPT,20190523029,Davidson,Nashville,7/12/2019 4:54:00 PM,2,0,0,36.150390,-86.856970,CHARLOTTE PKE,,,,122.00,Feet,East,ORLANDO AV,,,,0.00,N,Not at Intersection, ,Non-Junction,None,,,         ,Walter,Gray II,Clear,"Sideswipe, Same Direction",no,no,no,no,no,False
102445735,METROPOLITAN NASHVILLE POLICE DEPT,20190522452,Davidson,Nashville,7/12/2019 1:40:00 PM,2,0,0,36.167150,-86.779610,3RD AVN,,,,0.00,,,JAMES ROBERTSON PKWY,,,,0.00,Y,Four-Way, ,Intersection,None,,,         ,David,Humes,Clear,Front to Rear,no,no,no,no,no,False
102445741,METROPOLITAN NASHVILLE POLICE DEPT,20190523105,Davidson,Not in City Limit,7/12/2019 6:35:00 PM,2,0,0,36.276680,-86.734970,I 65,,,,0.00,,,,,,,93.10,N,Not at Intersection,N,Non-Junction,None,,,         ,Christopher,Littles,Clear,Front to Rear,no,no,no,no,yes,False
102445744,BERRY HILL POLICE DEPT,19-2670,Davidson,Berry Hill,7/12/2019 4:17:00 PM,3,0,0,36.128590,-86.777890,FRANKLIN PKE,,,,0.00,,,8TH AVS,,,,0.00,Y,Four-Way, ,Intersection-Related,None,,,         ,Dawn,Thornsberry,Clear,Front to Rear,no,no,no,no,no,False
102445749,METROPOLITAN NASHVILLE POLICE DEPT,20190522882,Davidson,Nashville,7/12/2019 4:52:00 PM,2,0,0,36.161020,-86.777200,BROADWAY,,,,0.00,,,4TH AVN,,,,0.00,Y,T-Intersection, ,Intersection,None,,,         ,Brandon,O'Guin,Clear,"Sideswipe, Same Direction",no,no,no,no,no,False
102445785,METROPOLITAN NASHVILLE POLICE DEPT,20190523203,Davidson,Nashville,7/12/2019 7:25:00 PM,2,0,0,36.195090,-86.775570,I 65,,,,0.00,,,,,,,86.50,N,Not at Intersection,N,Non-Junction,None,,,         ,Wade,Johnson,Clear,"Sideswipe, Same Direction",no,no,no,no,yes,False
102445789,METROPOLITAN NASHVILLE POLICE DEPT,20190523259,Davidson,Nashville,7/12/2019 7:55:00 PM,1,0,0,36.247950,-86.719200,DUE WEST AVE,,,,45.00,Feet,West,CORELAND DR,,,,0.00,N,Not at Intersection, ,,None,,,         ,Christopher,Littles,,,no,no,no,no,no,False
102445793,METROPOLITAN NASHVILLE POLICE DEPT,20190523158,Davidson,Nashville,7/12/2019 5:23:00 PM,2,0,0,36.152200,-86.842220,CHARLOTTE AV,,,,0.00,,,46TH AVN,,,,0.00,Y,Four-Way, ,Intersection,None,,,         ,Walter,Gray II,Clear,Front to Rear,no,no,no,no,no,False
102445798,METROPOLITAN NASHVILLE POLICE DEPT,20190523186,Davidson,Nashville,7/12/2019 5:00:00 PM,2,0,0,36.045630,-86.710920,STATE HWY 254,,,,2164.00,Feet,West,EULALA DR,,,,0.00,N,Not at Intersection,N,Non-Junction,None,,,         ,Eric,Wegener,Clear,Angle,no,no,no,no,yes,False
102445810,METROPOLITAN NASHVILLE POLICE DEPT,20190522791,Davidson,Nashville,7/12/2019 4:05:00 PM,3,0,0,36.164080,-86.782380,6TH AVN,,,,50.00,Feet,North,UNION ST,,,,0.00,N,Not at Intersection, ,Non-Junction,None,,,         ,Joshua,Reece,Clear,Front to Rear,no,no,no,no,no,False
102445813,METROPOLITAN NASHVILLE POLICE DEPT,20190522691,Davidson,Nashville,7/12/2019 3:21:00 PM,2,0,0,36.142280,-86.819280,ACKLEN PARK DR,,,,0.00,,,HILLCREST PL,,,,0.00,Y,T-Intersection, ,,None,,,         ,Akira,McSwain,,,no,no,no,no,no,False
102445814,METROPOLITAN NASHVILLE POLICE DEPT,20190522771,Davidson,Nashville,7/12/2019 3:00:00 PM,2,0,0,36.134230,-86.801690,FAIRFAX AV,,,,148.00,Feet,West,MAGNOLIA BLVD,,,,0.00,N,Not at Intersection,N,Non-Junction,None,,,         ,Akira,McSwain,Clear,Rear to Side,no,no,no,no,no,Campus
102445815,METROPOLITAN NASHVILLE POLICE DEPT,20190522844,Davidson,Nashville,7/12/2019 4:18:00 PM,4,0,0,36.149530,-86.773000,I 40,,,,0.00,,,,,,,210.25,N,Not at Intersection,N,Non-Junction,None,,,         ,Akira,McSwain,Clear,Front to Rear,no,no,no,no,no,False
102445826,METROPOLITAN NASHVILLE POLICE DEPT,20190522965,Davidson,Nashville,7/12/2019 5:35:00 PM,2,0,0,36.139000,-86.665800,DONELSON PKE,,,,0.00,,,I40 E ENT RAMP,,,,0.00,Y,OTHER, ,Entrance/Exit Ramp Related,None,,,         ,Steven,Powers,Clear,Front to Rear,no,no,no,no,no,False
102445835,METROPOLITAN NASHVILLE POLICE DEPT,20190523235,Davidson,Nashville,7/12/2019 7:45:00 PM,2,2,0,36.222240,-86.761470,DICKERSON PKE,,,,206.00,Feet,North,HART LN,,,,0.00,N,Not at Intersection,N,Non-Junction,None,,,         ,Christopher,Butner,Clear,Angle,no,no,no,no,no,False
102445836,METROPOLITAN NASHVILLE POLICE DEPT,20190523133,Davidson,Nashville,7/12/2019 7:10:00 PM,2,5,0,36.213570,-86.764520,DICKERSON PKE,,,,0.00,,,DELLWAY VILLA RD,,,,0.00,Y,T-Intersection,N,Intersection-Related,None,,,         ,Michael,Moss,Clear,Angle,no,no,no,no,yes,False
102445840,METROPOLITAN NASHVILLE POLICE DEPT,20190523067,Davidson,Nashville,7/12/2019 5:59:00 PM,2,1,0,36.174110,-86.790450,7TH AVN,,,,0.00,,,MADISON ST,,,,0.00,Y,Four-Way,N,Intersection,None,,,         ,Cressie,Prill,Clear,Angle,no,no,no,no,no,False
102445851,METROPOLITAN NASHVILLE POLICE DEPT,20190523238,Davidson,Nashville,7/12/2019 5:48:00 PM,2,0,0,36.069880,-86.685920,HAYWOOD LN,,,,433.00,Feet,West,ANTIOCH PKE,,,,0.00,N,Not at Intersection, ,Non-Junction,None,,,         ,Taylor,Hurley,Clear,Front to Rear,no,no,no,no,yes,False
102445879,METROPOLITAN NASHVILLE POLICE DEPT,20190523407,Davidson,Nashville,7/12/2019 1:46:00 PM,2,0,0,36.115750,-86.696210,MURFREESBORO PKE,,,,0.00,,,,,,,0.00,,,N,Non-Junction,None,,,         ,Kevin,Keating,Clear,Front to Rear,no,no,no,yes,yes,False
102445912,GOODLETTSVILLE POLICE DEPT,19-25805,Davidson,Goodlettsville,7/12/2019 6:08:00 PM,2,0,0,36.312190,-86.673640,VIETNAM VETERANS BLVDN,,,,231.00,Feet,West,VIETNAM VETERANS BLVDS,,,,0.00,N,Not at Intersection,N,Non-Junction,None,,,         ,Devonte,Tapp,Clear,Front to Rear,no,no,no,no,no,False
102445913,METROPOLITAN NASHVILLE POLICE DEPT,20190523413,Davidson,Nashville,7/12/2019 8:52:00 PM,2,0,0,36.163950,-86.778360,PRINTERS ALY,,,,0.00,,,CHURCH ST,,,,0.00,Y,OTHER, ,Non-Junction,None,,,         ,Jordan,Vrbas,Clear,"Sideswipe, Same Direction",no,no,no,no,no,False
102445914,METROPOLITAN NASHVILLE POLICE DEPT,20190523432,Davidson,Nashville,7/12/2019 9:09:00 PM,2,0,0,36.148370,-86.664660,ELM HILL PKE,,,,504.00,Feet,East,DONELSON PKE,,,,0.00,N,Not at Intersection,N,Non-Junction,None,,,         ,Gabriel,Vasquez,Clear,Angle,no,no,no,no,yes,False
102445920,METROPOLITAN NASHVILLE POLICE DEPT,20190523363,Davidson,Nashville,7/12/2019 8:46:00 PM,2,0,0,36.084920,-86.703440,TRAVELERS INN DR,,,,0.00,,,HARDING PL,,,,0.00,Y,T-Intersection,N,Intersection,None,,,         ,Taylor,Hurley,Clear,Angle,no,no,no,no,no,False
102445943,METROPOLITAN NASHVILLE POLICE DEPT,20190523419,Davidson,Nashville,7/12/2019 9:15:00 PM,2,0,0,36.121170,-86.764470,I 440,,,,0.00,,,,,,,5.55,N,Not at Intersection,Y,Non-Junction,None,,,         ,Heather,Fox,Clear,Front to Rear,no,no,no,no,no,False
102445944,METROPOLITAN NASHVILLE POLICE DEPT,20190523505,Davidson,Nashville,7/12/2019 9:41:00 PM,2,0,0,36.119930,-86.726570,I 24,,,,0.00,,,,,,,52.90,N,Not at Intersection, ,Non-Junction,Construction Zone,,,         ,Kevin,Keating,Clear,Front to Rear,no,no,no,no,no,False
102445945,METROPOLITAN NASHVILLE POLICE DEPT,20190523511,Davidson,Nashville,7/12/2019 8:30:00 PM,2,0,0,36.134470,-86.782010,WEDGEWOOD AV,,,,113.00,Feet,East,ELLIOTT AV,,,,0.00,N,Not at Intersection, ,,None,,,         ,Akira,McSwain,,,no,no,no,no,no,False
102445947,METROPOLITAN NASHVILLE POLICE DEPT,20190523236,Davidson,Nashville,7/12/2019 5:53:00 PM,2,0,0,36.052610,-86.673110,BLUE HOLE RD,,,,0.00,Feet,,TUSCULUM RD,,,,0.00,Y,T-Intersection,Y,Intersection-Related,None,,,         ,Laura,Williams,Clear,Front to Rear,no,no,no,no,no,False
102445960,METROPOLITAN NASHVILLE POLICE DEPT,20190523195,Davidson,Nashville,7/12/2019 7:22:00 PM,3,1,0,36.092340,-86.885930,HARDING PKE,,,,174.00,Feet,West,VAUGHNS GAP RD,,,,0.00,N,Not at Intersection,N,Non-Junction,None,,,         ,Ty,Cummings,Clear,Angle,no,no,no,no,no,False
102445963,METROPOLITAN NASHVILLE POLICE DEPT,20190523545,Davidson,Nashville,7/12/2019 12:00:00 AM,1,1,0,36.152060,-86.845980,CHARLOTTE AV,,,,0.00,,,49TH AVN,,,,0.00,Y,T-Intersection,N,Intersection-Related,None,,,         ,Kelby,Dumond,Clear,Not Collision with Motor Vehicle in Transport,yes,no,no,no,yes,False
102445994,METROPOLITAN NASHVILLE POLICE DEPT,20190521586,Davidson,Nashville,7/12/2019 5:45:00 AM,1,0,0,36.104920,-86.817940,BANDYWOOD DR,,,,475.00,Feet,East,HILLSBORO CIR,,,,0.00,N,Not at Intersection,N,OtherLocation,None,,,         ,Kenneth,Bray,Clear,Not Collision with Motor Vehicle in Transport,no,no,no,yes,no,False
102446019,METROPOLITAN NASHVILLE POLICE DEPT,20190523606,Davidson,Nashville,7/12/2019 11:00:00 PM,2,0,0,36.192590,-86.829480,CLARKSVILLE PKE,,,,158.00,Feet,West,CLIFF DR,,,,0.00,N,Not at Intersection,N,Non-Junction,None,,,         ,Daniel,Kallman,Clear,Front to Rear,no,no,no,no,no,False
102446056,METROPOLITAN NASHVILLE POLICE DEPT,20190523641,Davidson,Old Hickory,7/12/2019 11:25:00 PM,1,1,0,36.290300,-86.662990,OLD HICKORY DAM GRNWY,,,,14.00,Feet,North,CINDER RD,,,,0.00,N,Not at Intersection,N,Non-Junction,None,,,         ,Joshua,Dale,Clear,Not Collision with Motor Vehicle in Transport,no,no,no,no,no,False
102446075,METROPOLITAN NASHVILLE POLICE DEPT,20190523885,Davidson,Nashville,7/13/2019 1:48:00 AM,2,0,0,36.052080,-86.644440,EAGLE VIEW BLVD,,,,147.00,Feet,East,BELL RD,,,,0.00,N,Not at Intersection,N,Non-Junction,None,,,         ,Kevin,Breeding,Clear,Front to Rear,no,no,no,yes,yes,False