master_record_number,agency,agency_tracking_number,county,city,collision_date,vehicles_involved,number_injured,number_dead,latitude,longitude,roadway_name,roadway_suffix,roadway_number,roadway_local_id,distance_from_reference,miles-feet_indicator,direction_from_reference,intersection_road_name,intersection_road_name_suffix,intersection_road_number,intersection_local_id,mile_marker,intersection_indicator,intersect_type,interchange_related_indicator,relation_to_junction,work_zone_type,construction_maintenance_zone,construction_maintenance_zone_location,fatal_case_number,officer_first_name,officer_last_name,weather_condition(s),manner_of_crash,pedestrian,bicycle,scooter,parking,hitrun,mou
102449073,METROPOLITAN NASHVILLE POLICE DEPT,20190532114,Davidson,Nashville,7/16/2019 4:24:00 PM,2,0,0,36.061040,-86.913860,HIGHWAY 100,,,,700.00,Feet,East,OLD HICKORY BLVD,,,,0.00,N,Not at Intersection, ,Non-Junction,None,,,         ,Walter,Gray II,Cloudy,Front to Rear,no,no,no,no,no,False
102449076,METROPOLITAN NASHVILLE POLICE DEPT,20190531918,Davidson,Nashville,7/16/2019 2:20:00 PM,2,1,0,36.151740,-86.859940,I 40,,,,0.00,,,,,,,203.85,N,Not at Intersection,N,Non-Junction,None,,,         ,Donovan,Coble,Clear,Angle,no,no,no,no,no,False
102449077,METROPOLITAN NASHVILLE POLICE DEPT,20190532078,Davidson,Nashville,7/16/2019 4:09:00 PM,2,0,0,36.149590,-86.772850,I40 E EXT RAMP,,,,0.00,Feet,East,I 40,,,,0.00,N,Not at Intersection, ,,None,,,         ,John,Timm,,,no,no,no,no,no,False
102449080,METROPOLITAN NASHVILLE POLICE DEPT,20190531975,Davidson,Nashville,7/16/2019 2:07:00 PM,3,0,0,36.249650,-86.784250,I 24,,,,0.00,,,,,,,42.70,N,Not at Intersection,N,Non-Junction,Construction Zone,,,         ,Benjamin,Williams,Clear,"Sideswipe, Same Direction",no,no,no,no,yes,False
102449083,METROPOLITAN NASHVILLE POLICE DEPT,20190532113,Davidson,Nashville,7/16/2019 4:37:00 PM,2,0,0,36.089080,-86.702560,I 24,,,,0.00,,,,,,,55.45,N,Not at Intersection,N,Non-Junction,None,,,         ,Jarret,Sonnenberg,Clear,Front to Rear,no,no,no,no,no,False
102449085,METROPOLITAN NASHVILLE POLICE DEPT,20190531507,Davidson,Nashville,7/16/2019 11:42:00 AM,2,1,0,36.129860,-86.901600,CHARLOTTE PKE,,,,254.00,Feet,West,CABOT DR,,,,0.00,N,Not at Intersection,N,"Driveway, Alley Access, etc",None,,,         ,Walter,Gray II,Clear,Angle,no,no,no,no,no,False
102449091,METROPOLITAN NASHVILLE POLICE DEPT,20190529981,Davidson,Not in City Limit,7/15/2019 10:20:00 PM,3,0,0,36.018690,-86.625560,I 24,,,,0.00,,,,,,,62.15,N,Not at Intersection, ,Non-Junction,None,,,         ,Devonte,Coleman,Clear,"Sideswipe, Same Direction",no,no,no,no,no,False
102449092,METROPOLITAN NASHVILLE POLICE DEPT,20190531973,Davidson,Nashville,7/16/2019 3:24:00 PM,2,2,0,36.064690,-86.771170,I 65,,,,0.00,,,,,,,76.55,N,Not at Intersection,N,Non-Junction,None,,,         ,Akira,McSwain,Clear,Front to Rear,no,no,no,no,no,False
102449097,METROPOLITAN NASHVILLE POLICE DEPT,20190532136,Davidson,Nashville,7/16/2019 4:45:00 PM,2,0,0,36.245750,-86.774100,CHESAPEAKE DR,,,,310.00,Feet,West,MOOREWOOD DR,,,,0.00,N,Not at Intersection,N,Non-Junction,None,,,         ,Jacob,Krispin,Clear,Front to Rear,no,no,no,no,yes,False
102449101,METROPOLITAN NASHVILLE POLICE DEPT,2019-0532146,Davidson,Nashville,7/16/2019 4:15:00 PM,2,0,0,36.155650,-86.789720,14TH AVS,,,,0.00,,,BROADWAY,,,,0.00,Y,Four-Way, ,Intersection-Related,None,,,         ,John,Roberson,Cloudy,Front to Rear,no,no,no,no,no,False
102449120,METROPOLITAN NASHVILLE POLICE DEPT,20190531969,Davidson,Nashville,7/16/2019 3:22:00 PM,3,1,0,36.173320,-86.583420,CENTRAL PKE,,,,465.00,Feet,West,N NEW HOPE RD,,,,0.00,N,Not at Intersection,N,Non-Junction,None,,,         ,Terence,Mitchell,Rain,"Sideswipe, Opposite Direction",no,no,no,no,no,False
102449123,METROPOLITAN NASHVILLE POLICE DEPT,20190532142,Davidson,Nashville,7/16/2019 4:54:00 PM,1,0,0,36.173400,-86.602100,OLD HICKORY BLVD,,,,71.00,Feet,South,CENTRAL PKE,,,,0.00,N,Not at Intersection,N,Non-Junction,None,,,         ,Tony,Mingsing,Clear,Not Collision with Motor Vehicle in Transport,no,no,no,no,yes,False
102449125,METROPOLITAN NASHVILLE POLICE DEPT,20190532240,Davidson,Nashville,7/16/2019 5:44:00 PM,2,0,0,36.153560,-86.772360,4TH AVS,,,,120.00,Feet,North,ELM ST,,,,0.00,N,Not at Intersection, ,"Driveway, Alley Access, etc",None,,,         ,Joshua,Reece,Clear,Angle,no,no,no,no,no,False
102449128,METROPOLITAN NASHVILLE POLICE DEPT,20190532172,Davidson,Nashville,7/16/2019 5:00:00 PM,2,1,0,36.096580,-86.708630,I 24,,,,0.00,,,,,,,54.85,N,Not at Intersection,N,Non-Junction,None,,,         ,Devonte,Coleman,Clear,Front to Rear,no,no,no,no,no,False
102449130,METROPOLITAN NASHVILLE POLICE DEPT,20190532211,Davidson,Nashville,7/16/2019 5:38:00 PM,2,0,0,36.077060,-86.736640,HARDING PL,,,,0.00,,,SHADESCREST DR,,,,0.00,Y,T-Intersection,N,Intersection,None,,,         ,Earl,Davis,Clear,Angle,no,no,no,no,no,False
102449132,METROPOLITAN NASHVILLE POLICE DEPT,20190532208,Davidson,Nashville,7/16/2019 5:35:00 PM,2,1,0,36.235830,-86.780020,RICHMOND HILL DR,,,,0.00,,,SPEARS RD,,,,0.00,Y,Four-Way,N,Intersection,None,,,         ,Christopher,Littles,Cloudy,HeadOn,no,no,no,no,no,False
102449148,METROPOLITAN NASHVILLE POLICE DEPT,20190532194,Davidson,Not in City Limit,7/16/2019 5:28:00 PM,2,0,0,36.038430,-86.957510,BUTTERCUP DR,,,,596.00,Feet,East,DEER ESTATES DR,,,,0.00,N,Not at Intersection, ,,None,,,         ,Brian,Sherman,,,no,no,no,no,no,False
102449158,METROPOLITAN NASHVILLE POLICE DEPT,20190532234,Davidson,Nashville,7/16/2019 5:30:00 PM,2,0,0,36.251870,-86.717450,E WEBSTER ST,,,,70.00,Feet,East,GALLATIN PKES,,,,0.00,N,Not at Intersection,N,Non-Junction,None,,,         ,Derek,Sibley,Clear,Front to Rear,no,no,no,no,no,False
102449160,METROPOLITAN NASHVILLE POLICE DEPT,20190532155,Davidson,Nashville,7/16/2019 5:04:00 PM,2,0,0,36.173880,-86.788700,6TH AVN,,,,0.00,,,JEFFERSON ST,,,,0.00,Y,Four-Way,N,Intersection,None,,,         ,Michael,Douglas,Cloudy,Angle,no,no,no,no,no,False
102449162,METROPOLITAN NASHVILLE POLICE DEPT,2019029819,Davidson,Nashville,7/15/2019 8:00:00 PM,2,0,0,36.168020,-86.599960,OLD HICKORY BLVD,,,,185.00,Feet,South,SELLS DR,,,,0.00,N,Not at Intersection, ,Non-Junction,None,,,         ,Ricki,Armstrong,Clear,Front to Rear,no,no,no,no,no,False
102449164,METROPOLITAN NASHVILLE POLICE DEPT,20190532266,Davidson,Nashville,7/16/2019 5:45:00 PM,2,0,0,36.121980,-86.773340,I 65,,,,0.00,,,,,,,80.50,N,Not at Intersection,N,Non-Junction,None,,,         ,Catherine,Poole,Clear,Front to Rear,no,no,no,no,yes,False
102449167,METROPOLITAN NASHVILLE POLICE DEPT,20190532258,Davidson,Not in City Limit,7/16/2019 5:50:00 PM,2,0,0,36.275530,-86.735310,I 65,,,,0.00,,,,,,,93.00,N,Not at Intersection,N,Non-Junction,None,,,         ,Rodney,Phipps,Clear,Front to Rear,no,no,no,no,no,False
102449176,METROPOLITAN NASHVILLE POLICE DEPT,20190532271,Davidson,Nashville,7/16/2019 3:46:00 PM,2,0,0,36.189140,-86.593260,OLD LEBANON DIRT RD,,,,0.00,,East,TULIP GROVE RD,,,,0.00,N,Not at Intersection,N,Non-Junction,None,,,         ,Paxton,Montgomery,Clear,Angle,no,no,no,no,no,False
102449177,METROPOLITAN NASHVILLE POLICE DEPT,20190532089,Davidson,Antioch,7/16/2019 4:10:00 PM,2,0,0,36.032660,-86.611930,PRESERVE BLVD,,,,0.00,Feet,West,OLD HICKORY BLVD,,,,0.00,N,Not at Intersection,N,Non-Junction,None,,,         ,Jesse,Cox,Rain,Angle,no,no,no,no,no,False
102449179,METROPOLITAN NASHVILLE POLICE DEPT,20190532306,Davidson,Nashville,7/16/2019 12:00:00 AM,1,1,0,36.201530,-86.821580,BUENA VISTA PKE,,,,477.00,Feet,South,W TRINITY LN,,,,0.00,N,Not at Intersection,N,Non-Junction,None,,,         ,John,Petriello,Clear,Not Collision with Motor Vehicle in Transport,no,no,no,no,no,False
102449192,METROPOLITAN NASHVILLE POLICE DEPT,20190532309,Davidson,Nashville,7/16/2019 5:10:00 PM,2,0,0,36.165310,-86.613590,I 40,,,,0.00,,,,,,,220.10,N,Not at Intersection, ,,None,,,         ,Tony,Mingsing,,,no,no,no,no,no,False
102449193,METROPOLITAN NASHVILLE POLICE DEPT,20190532269,Davidson,Nashville,7/15/2019 8:00:00 PM,2,0,0,36.152800,-86.834980,40TH AVN,,,,0.00,,,,,,,0.00,,, ,Non-Junction,None,,,         ,Walter,Gray II,Clear,Not Collision with Motor Vehicle in Transport,no,no,no,no,no,False
102449194,METROPOLITAN NASHVILLE POLICE DEPT,20190532189,Davidson,Nashville,7/16/2019 5:22:00 PM,4,3,0,36.143150,-86.685320,I 40,,,,0.00,,,,,,,215.55,N,Not at Intersection,N,Non-Junction,None,,,         ,Samuel,Sundra,Clear,Other,no,no,no,no,no,False
102449201,METROPOLITAN NASHVILLE POLICE DEPT,20190532212,Davidson,Nashville,7/16/2019 4:50:00 PM,2,0,0,36.142930,-86.683840,I 40,,,,0.00,,,,,,,215.65,N,Not at Intersection,N,Non-Junction,None,,,         ,Darci,Stechman,Clear,Front to Rear,no,no,no,no,no,False
102449207,GOODLETTSVILLE POLICE DEPT,19-26323,Davidson,Goodlettsville,7/16/2019 5:58:00 PM,2,0,0,36.292660,-86.710200,THOMAS JEFFERSON CIR,,,,5.00,Feet,East,MONTICELLO AV,,,,0.00,N,Not at Intersection,N,Non-Junction,None,,,         ,Marcus,Zugelder,Clear,Angle,no,no,no,no,no,False
102449215,METROPOLITAN NASHVILLE POLICE DEPT,20190532298,Davidson,Nashville,7/16/2019 6:20:00 PM,2,1,0,36.045160,-86.699600,BELL RD,,,,617.00,Feet,East,BENZING RD,,,,0.00,N,Not at Intersection,N,Non-Junction,None,,,         ,Jesse,Cox,Clear,Front to Rear,no,no,no,no,no,False
102449220,METROPOLITAN NASHVILLE POLICE DEPT,20190532522,Davidson,Nashville,7/16/2019 8:31:00 PM,1,2,0,36.210250,-86.878430,ASHLAND CITY HWY,,,,0.00,Feet,North,AMY LYNN DR,,,,0.00,N,Not at Intersection,N,Non-Junction,None,,,         ,Justin,Vaughn,Clear,Not Collision with Motor Vehicle in Transport,no,no,no,no,no,False
102449249,METROPOLITAN NASHVILLE POLICE DEPT,20190532333,Davidson,Nashville,7/16/2019 6:48:00 PM,2,0,0,36.081400,-86.759490,HARDING PL,,,,300.00,Feet,West,TROUSDALE DR,,,,0.00,N,Not at Intersection,N,OtherLocation,None,,,         ,Earl,Davis,Clear,Rear to Side,no,no,no,yes,no,False
102449250,METROPOLITAN NASHVILLE POLICE DEPT,20190532043,Davidson,Nashville,7/16/2019 12:00:00 AM,2,0,0,36.172730,-86.793580,JEFFERSON ST,,,,365.00,Feet,West,9TH AVN,,,,0.00,N,Not at Intersection,N,Non-Junction,None,,,         ,Amery,Milligan,Clear,Front to Rear,no,no,no,no,no,False
102449252,METROPOLITAN NASHVILLE POLICE DEPT,20190532324,Davidson,Nashville,7/16/2019 6:37:00 PM,2,1,0,36.152350,-86.769010,2ND AVS,,,,0.00,,,LINDSLEY AV,,,,0.00,Y,Four-Way,N,Intersection-Related,None,,,         ,Theodore,Flick,Clear,"Sideswipe, Same Direction",no,no,no,no,no,False
102449278,METROPOLITAN NASHVILLE POLICE DEPT,20190532347,Davidson,Nashville,7/16/2019 6:58:00 PM,2,0,0,36.077570,-86.741220,HARDING PL,,,,349.00,Feet,West,BINKLEY DR,,,,0.00,N,Not at Intersection,N,Non-Junction,None,,,         ,Akira,McSwain,Clear,Front to Rear,no,no,no,no,no,False
102449282,METROPOLITAN NASHVILLE POLICE DEPT,20190532570,Davidson,Nashville,7/16/2019 9:09:00 PM,2,1,0,36.128490,-86.906690,CHARLOTTE PKE,,,,0.00,,,CHARLOTTE PKE PVTDR,,,,0.00,Y,Four-Way, ,Intersection-Related,None,,,         ,Steven,Wiser,Cloudy,Front to Rear,no,no,no,no,no,False
102449287,METROPOLITAN NASHVILLE POLICE DEPT,20190532515,Davidson,Nashville,7/16/2019 6:10:00 PM,2,0,0,36.169210,-86.681130,LEBANON PKE,,,,378.00,Feet,East,FAIRWAY DR,,,,0.00,N,Not at Intersection, ,Non-Junction,None,,,         ,Miles,Posey,Clear,Angle,no,no,no,no,no,False
102449296,METROPOLITAN NASHVILLE POLICE DEPT,20190532147,Davidson,Nashville,7/16/2019 5:00:00 PM,2,1,0,36.142980,-86.666640,DONELSON PKE,,,,249.00,Feet,North,I40 W ENT RAMP,,,,0.00,N,Not at Intersection,N,Non-Junction,None,,,         ,Allyson,Reis,Clear,Angle,no,no,no,no,no,False
102449317,METROPOLITAN NASHVILLE POLICE DEPT,2019-0532290,Davidson,Nashville,7/16/2019 6:06:00 PM,2,0,0,36.167960,-86.765810,I 24,,,,0.00,,,,,,,48.85,N,Not at Intersection, ,,None,,,         ,Roy,Sain Jr.,,,no,no,no,no,no,False
102449344,METROPOLITAN NASHVILLE POLICE DEPT,20190532392,Davidson,Nashville,7/16/2019 5:16:00 PM,2,0,0,36.139600,-86.700740,ENVIOUS LN,,,,13.00,Feet,North,KAREN DR,,,,0.00,N,Not at Intersection, ,,None,,,         ,Dontaveous,Eubanks,,,no,no,no,no,no,False
102449349,METROPOLITAN NASHVILLE POLICE DEPT,20190532500,Davidson,Nashville,7/16/2019 8:13:00 PM,2,1,0,36.083030,-86.710720,TAMPA DR,,,,148.00,Feet,North,HARDING PL,,,,0.00,N,Not at Intersection,N,Non-Junction,None,,,         ,Jesse,Cox,Clear,Not Collision with Motor Vehicle in Transport,no,no,no,yes,no,False
102449366,METROPOLITAN NASHVILLE POLICE DEPT,20190532636,Davidson,Nashville,7/16/2019 9:41:00 PM,2,1,0,36.216780,-86.623510,OLD HICKORY BLVD,,,,1.00,Feet,North,2ND ST,,,,0.00,N,Not at Intersection,N,Non-Junction,None,,,         ,Terence,Mitchell,Clear,Front to Rear,no,no,no,no,no,False
102449383,METROPOLITAN NASHVILLE POLICE DEPT,20190532841,Davidson,Nashville,7/16/2019 8:28:00 PM,1,0,0,36.201550,-86.618140,LEBANON PKE,,,,0.00,,,,,,,0.00,,Not at Intersection, ,OtherLocation,None,,,         ,Jacob,West,Clear,Not Collision with Motor Vehicle in Transport,no,no,no,yes,no,False
102449391,METROPOLITAN NASHVILLE POLICE DEPT,20190532899,Davidson,Nashville,7/17/2019 12:03:00 AM,2,0,0,36.148860,-86.774720,I 40,,,,0.00,,,,,,,210.15,N,Not at Intersection,N,Non-Junction,None,,,         ,Christian,Martin,Clear,"Sideswipe, Same Direction",no,no,no,no,no,False
102449433,METROPOLITAN NASHVILLE POLICE DEPT,20190532753,Davidson,Nashville,7/16/2019 9:42:00 PM,2,0,0,36.043470,-86.719700,ZERMATT AVE,,,,777.00,Feet,South,SWISS AVE,,,,0.00,N,Not at Intersection,N,Non-Junction,None,,,         ,Ian,Wilson,Clear,Front to Rear,no,no,no,no,no,False
102449445,METROPOLITAN NASHVILLE POLICE DEPT,20190533422,Davidson,Nashville,7/17/2019 3:48:00 AM,1,0,0,36.126880,-86.753140,VIVELLE AV,,,,0.00,,,NOLENSVILLE PKE,,,,0.00,Y,T-Intersection,Y,Intersection,None,,,         ,Kurt,Lewton,Clear,Not Collision with Motor Vehicle in Transport,no,no,no,no,no,False
102449485,METROPOLITAN NASHVILLE POLICE DEPT,20190533613,Davidson,Nashville,7/17/2019 5:41:00 AM,1,0,0,36.098830,-86.790770,LEALAND LN,,,,50.00,Feet,North,ST ANDREWS PL,,,,0.00,N,Not at Intersection, ,Non-Junction,None,,,         ,Randall,Atkinson,Clear,Not Collision with Motor Vehicle in Transport,no,no,no,no,no,False
102449503,METROPOLITAN NASHVILLE POLICE DEPT,20190531466,Davidson,Nashville,7/16/2019 11:15:00 AM,2,0,0,36.218500,-86.837030,CLARKSVILLE PKE,,,,0.00,,,KINGS LN,,,,0.00,Y,Four-Way, ,Intersection,None,,,         ,Wesley,Young,Clear,Front to Rear,no,no,no,no,no,False
102449508,METROPOLITAN NASHVILLE POLICE DEPT,20190533372,Davidson,Nashville,7/17/2019 3:27:00 AM,1,6,0,36.212210,-86.765010,DICKERSON PKE,,,,183.00,Feet,South,GORDON TER,,,,0.00,N,Not at Intersection,N,Non-Junction,None,,,         ,Lindsey,Anderson,Clear,Not Collision with Motor Vehicle in Transport,no,no,no,no,yes,False
102449519,METROPOLITAN NASHVILLE POLICE DEPT,20190531828,Davidson,Madison,7/16/2019 12:50:00 PM,2,1,0,36.279950,-86.708560,ELMORE AV,,,,0.00,,,GALLATIN PKEN,,,,0.00,Y,T-Intersection,N,Non-Junction,None,,,         ,Cyretha,Frazier,Cloudy,Angle,no,no,no,no,yes,False
102449555,METROPOLITAN NASHVILLE POLICE DEPT,20190533810,Davidson,Nashville,7/17/2019 7:34:00 AM,2,0,0,36.186800,-86.757560,ELLINGTON PKWYS,,,,0.00,,,ELLINGTON PKWY S EXT RAMP,,,,0.00,Y,OTHER, ,Non-Junction,None,,,         ,Ronald,Bright,Cloudy,Front to Rear,no,no,no,no,no,False
102449557,VANDERBILT UNIVERSITY POLICE,20190531394,Davidson,Nashville,7/15/2019 11:00:00 AM,1,0,0,36.150460,-86.801830,WEST END AV,,,,0.00,,,,,,,0.00,,, ,Non-Junction,None,,,         ,Eugene,Kessler,Cloudy,Not Collision with Motor Vehicle in Transport,no,no,no,yes,no,Campus
102449564,METROPOLITAN NASHVILLE POLICE DEPT,20190524805,Davidson,Madison,7/13/2019 1:50:00 PM,2,0,0,36.263540,-86.711760,GALLATIN PKEN,,,,178.00,Feet,North,STATE RT 45,,,,0.00,N,Not at Intersection,N,Non-Junction,None,,,         ,Cyretha,Frazier,Clear,Front to Rear,no,no,no,no,no,False
102449566,METROPOLITAN NASHVILLE POLICE DEPT,20190533896,Davidson,Nashville,7/17/2019 8:14:00 AM,2,0,0,36.116050,-86.810580,HILLSBORO PKE,,,,0.00,,,HAMPTON AV,,,,0.00,Y,T-Intersection,N,Intersection,None,,,         ,Curtis,Rich,Cloudy,Angle,no,no,no,no,no,False
102449570,METROPOLITAN NASHVILLE POLICE DEPT,20190533784,Davidson,Nashville,7/17/2019 7:30:00 AM,2,0,0,36.146720,-86.743760,FESSLERS LN,,,,0.00,,,RUNDLE AV,,,,0.00,Y,Four-Way, ,Intersection,None,,,         ,Larry,Benz,Cloudy,"Sideswipe, Same Direction",no,no,no,no,no,False
102449578,METROPOLITAN NASHVILLE POLICE DEPT,20190533802,Davidson,Nashville,7/17/2019 7:42:00 AM,2,0,0,36.114380,-86.724290,I 24,,,,0.00,,,,,,,53.35,N,Not at Intersection, ,Non-Junction,None,,,         ,Jessie,Meadows,Clear,"Sideswipe, Same Direction",no,no,no,no,no,False
102449580,METROPOLITAN NASHVILLE POLICE DEPT,20190533872,Davidson,Nashville,7/17/2019 8:07:00 AM,2,0,0,36.114370,-86.724290,I 24,,,,0.00,,,,,,,53.35,N,Not at Intersection, ,Non-Junction,None,,,         ,Jessie,Meadows,Clear,Front to Rear,no,no,no,no,no,False
102449591,METROPOLITAN NASHVILLE POLICE DEPT,20190533985,Davidson,Nashville,7/17/2019 8:42:00 AM,2,0,0,36.081970,-86.761780,I65 N EXT RAMP,,,,0.00,Feet,East,SIDCO DR,,,,0.00,N,Not at Intersection, ,Non-Junction,None,,,         ,Eric,Laury,Clear,Front to Rear,no,no,no,no,no,False
102449597,METROPOLITAN NASHVILLE POLICE DEPT,20190533938,Davidson,Nashville,7/17/2019 8:25:00 AM,2,1,0,36.134090,-86.826620,WEST END AV,,,,347.00,Feet,East,CRAIGHEAD AV,,,,0.00,N,Not at Intersection,N,Non-Junction,None,,,         ,Brian,Myatt,Cloudy,Front to Rear,no,no,no,no,no,False
102449601,METROPOLITAN NASHVILLE POLICE DEPT,20190533972,Davidson,Nashville,7/17/2019 8:43:00 AM,2,2,0,36.181670,-86.799700,I 65,,,,0.00,,,,,,,85.10,N,Not at Intersection,N,Non-Junction,None,,,         ,Kevin,Reynolds,Rain,Front to Rear,no,no,no,no,yes,False
102449606,METROPOLITAN NASHVILLE POLICE DEPT,20190534059,Davidson,Nashville,7/17/2019 8:45:00 AM,2,0,0,36.153960,-86.818220,CHARLOTTE AV,,,,0.00,,,28TH AVN,,,,0.00,Y,Four-Way, ,,None,,,         ,Brian,Murphy,,,no,no,no,no,no,False
102449611,METROPOLITAN NASHVILLE POLICE DEPT,20190534033,Davidson,Nashville,7/17/2019 9:13:00 AM,2,0,0,36.106760,-86.672750,DONELSON PKE,,,,220.00,Feet,North,MURFREESBORO PKE,,,,0.00,N,Not at Intersection, ,Non-Junction,None,,,         ,Tien,Nguyen,Rain,Front to Rear,no,no,no,no,no,False
102449628,METROPOLITAN NASHVILLE POLICE DEPT,20190534019,Davidson,Nashville,7/17/2019 9:06:00 AM,2,0,0,36.194820,-86.776160,I 65,,,,0.00,,,,,,,86.50,N,Not at Intersection, ,,None,,,         ,James,Wray,,,no,no,no,no,no,False
102449629,METROPOLITAN NASHVILLE POLICE DEPT,20190533969,Davidson,Nashville,7/17/2019 8:40:00 AM,3,1,0,36.149760,-86.772970,I 40,,,,0.00,,,,,,,210.25,N,Not at Intersection, ,Entrance/Exit Ramp Related,None,,,         ,Mathew,Clement,Rain,Front to Rear,no,no,no,no,no,False
102449634,METROPOLITAN NASHVILLE POLICE DEPT,20190533980,Davidson,Nashville,7/17/2019 8:40:00 AM,3,1,0,36.163800,-86.762650,I 24,,,,0.00,,,,,,,49.20,N,Not at Intersection,N,Non-Junction,None,,,         ,Jonathan,Handley,Rain,Front to Rear,no,no,no,no,yes,False
102449639,METROPOLITAN NASHVILLE POLICE DEPT,20190533895,Davidson,Antioch,7/17/2019 8:10:00 AM,2,0,0,36.042690,-86.606840,HOBSON PKE,,,,102.00,Feet,West,MURFREESBORO PKE,,,,0.00,N,Not at Intersection, ,Non-Junction,None,,,         ,Jessie,Meadows,Clear,Front to Rear,no,no,no,no,no,False
102449640,METROPOLITAN NASHVILLE POLICE DEPT,20190533997,Davidson,Antioch,7/17/2019 8:52:00 AM,1,1,0,36.069730,-86.580460,HOBSON PKE,,,,352.00,Feet,West,WEST WINCHESTER DR,,,,0.00,N,Not at Intersection,N,Non-Junction,None,,,         ,Jessie,Meadows,Clear,Not Collision with Motor Vehicle in Transport,no,no,no,no,no,False
102449641,Nashville Airport Police,2019-02921,Davidson,Nashville,7/10/2019 12:41:00 PM,2,0,0,36.124290,-86.696340,BRILEY PKWY,,,,0.00,,,VULTEE BLVD,,,,0.00,Y,OTHER, ,Non-Junction,None,,,         ,Taran,Perry,Clear,Other,no,no,no,yes,no,False
102449645,METROPOLITAN NASHVILLE POLICE DEPT,20190534151,Davidson,Nashville,7/17/2019 9:26:00 AM,2,0,0,36.192070,-86.776260,I 24,,,,0.00,,,,,,,46.75,N,Not at Intersection,N,Non-Junction,None,,,         ,Wesley,Young,Cloudy,Front to Rear,no,no,no,no,no,False
102449649,METROPOLITAN NASHVILLE POLICE DEPT,20190534145,Davidson,Nashville,7/17/2019 10:01:00 AM,2,0,0,36.109240,-86.722780,BRILEY PKWYN,,,,76.00,Feet,East,BRILEY PKWYS,,,,0.00,N,Not at Intersection, ,Non-Junction,None,,,         ,Charles,Wakefield,Clear,"Sideswipe, Same Direction",no,no,no,no,no,False
102449652,METROPOLITAN NASHVILLE POLICE DEPT,2019-0534029,Davidson,Nashville,7/17/2019 9:09:00 AM,3,1,0,36.079100,-86.720540,WALLACE RD,,,,0.00,,,RECOVERY RD,,,,0.00,Y,Four-Way,N,Intersection,None,,,         ,Stanley,Collins,Rain,Angle,no,no,no,no,no,False
102449653,METROPOLITAN NASHVILLE POLICE DEPT,20190534244,Davidson,Nashville,7/17/2019 11:00:00 AM,2,0,0,36.026920,-86.680790,PETTUS RD,,,,12.00,Feet,East,OLD HICKORY BLVD,,,,0.00,N,Not at Intersection, ,,None,,,         ,Brandon,Simpkins,,,no,no,no,no,no,False
102449674,METROPOLITAN NASHVILLE POLICE DEPT,20190534260,Davidson,Nashville,7/17/2019 10:50:00 AM,2,0,0,36.201000,-86.617370,TYLER DR,,,,143.00,Feet,East,LEBANON PKE,,,,0.00,N,Not at Intersection,N,Non-Junction,None,,,         ,Tien,Nguyen,Cloudy,Front to Rear,no,no,no,yes,yes,False
102449675,BERRY HILL POLICE DEPT,19-2755,Davidson,Berry Hill,7/17/2019 10:05:00 AM,2,0,0,36.118860,-86.774590,FRANKLIN PKE,,,,0.00,,,BERRY RD,,,,0.00,Y,T-Intersection, ,,None,,,         ,Larry,Carter,,,no,no,no,no,no,False
102449679,METROPOLITAN NASHVILLE POLICE DEPT,20190534088,Davidson,Nashville,7/17/2019 9:44:00 AM,2,0,0,36.074010,-86.625040,ANDERSON RD,,,,49.00,Feet,West,CREEKVIEW DR,,,,0.00,N,Not at Intersection, ,Non-Junction,None,,,         ,Jessie,Meadows,Rain,Front to Rear,no,no,no,no,no,False
102449682,METROPOLITAN NASHVILLE POLICE DEPT,20190534127,Davidson,Nashville,7/17/2019 10:02:00 AM,2,1,0,36.050150,-86.667070,I 24,,,,0.00,,,,,,,58.85,N,Not at Intersection,N,Non-Junction,None,,,         ,Jessie,Meadows,Rain,Angle,no,no,no,no,no,False
102449702,METROPOLITAN NASHVILLE POLICE DEPT,20190534314,Davidson,Nashville,7/17/2019 11:23:00 AM,2,0,0,36.133700,-86.758670,NOLENSVILLE PKE,,,,141.00,Feet,South,CRAIGHEAD ST,,,,0.00,N,Not at Intersection,N,Non-Junction,None,,,         ,Jessie,Meadows,Clear,Front to Rear,no,no,no,no,yes,False
102449704,METROPOLITAN NASHVILLE POLICE DEPT,20190534290,Davidson,Nashville,7/17/2019 11:10:00 AM,2,0,0,36.148950,-86.782620,I 40,,,,0.00,,,,,,,209.70,N,Not at Intersection, ,Non-Junction,None,,,         ,Christian,Downen,Cloudy,"Sideswipe, Same Direction",no,no,no,no,no,False
102449720,METROPOLITAN NASHVILLE POLICE DEPT,20190534245,Davidson,Nashville,7/17/2019 10:30:00 AM,2,1,0,36.036460,-86.644960,I 24,,,,0.00,,,,,,,60.40,N,Not at Intersection, ,Non-Junction,None,,,         ,Nicholas,Carter,Cloudy,Front to Rear,no,no,no,no,no,False
102449732,METROPOLITAN NASHVILLE POLICE DEPT,20190534395,Davidson,Nashville,7/17/2019 12:12:00 PM,2,0,0,36.045210,-86.716510,OLD HICKORY BLVD,,,,175.00,Feet,East,HICKORY PLZ,,,,0.00,N,Not at Intersection,N,Non-Junction,None,,,         ,Earl,Davis,Cloudy,Front to Rear,no,no,no,no,no,False