master_record_number,agency,agency_tracking_number,county,city,collision_date,vehicles_involved,number_injured,number_dead,latitude,longitude,roadway_name,roadway_suffix,roadway_number,roadway_local_id,distance_from_reference,miles-feet_indicator,direction_from_reference,intersection_road_name,intersection_road_name_suffix,intersection_road_number,intersection_local_id,mile_marker,intersection_indicator,intersect_type,interchange_related_indicator,relation_to_junction,work_zone_type,construction_maintenance_zone,construction_maintenance_zone_location,fatal_case_number,officer_first_name,officer_last_name,weather_condition(s),manner_of_crash,pedestrian,bicycle,scooter,parking,hitrun,mou
102449733,METROPOLITAN NASHVILLE POLICE DEPT,20190534442,Davidson,Nashville,7/17/2019 12:16:00 PM,2,0,0,36.169330,-86.680160,LEBANON PKE,,,,78.00,Feet,West,MCGAVOCK PKE,,,,0.00,N,Not at Intersection,N,Non-Junction,None,,,         ,Tien,Nguyen,Cloudy,Angle,no,no,no,no,yes,False
102449734,METROPOLITAN NASHVILLE POLICE DEPT,20190534449,Davidson,Nashville,7/17/2019 12:00:00 PM,2,0,0,36.093090,-86.736740,MCNALLY DR,,,,177.00,Feet,West,NOLENSVILLE PKE,,,,0.00,N,Not at Intersection,N,Non-Junction,None,,,         ,Eric,Laury,Clear,Angle,no,no,no,no,yes,False
102449754,METROPOLITAN NASHVILLE POLICE DEPT,20190534516,Davidson,Nashville,7/17/2019 1:05:00 PM,2,0,0,36.116700,-86.668180,DONELSON PKE,,,,0.00,,,HANGAR LN,,,,0.00,Y,T-Intersection,Y,Intersection,None,,,         ,Joshua,Hausman,Clear,Angle,no,no,no,no,no,False
102449757,METROPOLITAN NASHVILLE POLICE DEPT,20190534009,Davidson,Nashville,7/17/2019 8:45:00 AM,1,1,0,36.239800,-86.773040,BRILEY PKWYW,,,,0.00,,,MOOREWOOD DR,,,,0.00,Y,OTHER,N,AccelDecelLane,None,,,         ,David,Humes,Rain,Not Collision with Motor Vehicle in Transport,no,no,no,no,no,False
102449766,METROPOLITAN NASHVILLE POLICE DEPT,20190534472,Davidson,Nashville,7/17/2019 12:40:00 PM,2,0,0,36.104660,-86.814730,HILLSBORO PKE,,,,62.00,Feet,South,RICHARD JONES RD,,,,0.00,N,Not at Intersection, ,Non-Junction,None,,,         ,Christian,Downen,Cloudy,"Sideswipe, Same Direction",no,no,no,no,no,False
102449774,METROPOLITAN NASHVILLE POLICE DEPT,20190531359,Davidson,Nashville,7/16/2019 10:18:00 AM,1,0,1,36.155970,-86.788830,13TH AVS,,,,0.00,,,I40 W ENT RAMP,,,,0.00,Y,OTHER,N,Intersection,None,,,19-0534  ,Donald,Davidson,Clear,Not Collision with Motor Vehicle in Transport,yes,no,no,no,no,False
102449780,METROPOLITAN NASHVILLE POLICE DEPT,20190534489,Davidson,Nashville,7/17/2019 11:25:00 AM,2,0,0,36.143140,-86.705520,I 40,,,,0.00,,,,,,,214.45,N,Not at Intersection, ,OtherLocation,None,,,         ,Natalia,Johnson,Clear,"Sideswipe, Same Direction",no,no,no,no,yes,False
102449790,METROPOLITAN NASHVILLE POLICE DEPT,20190534454,Davidson,Nashville,7/17/2019 12:29:00 PM,2,0,0,36.152120,-86.772230,LAFAYETTE ST,,,,0.00,,,ASH ST,,,,0.00,Y,Four-Way, ,Intersection,None,,,         ,Mathew,Clement,Clear,Angle,no,no,no,no,no,False
102449791,METROPOLITAN NASHVILLE POLICE DEPT,20190534396,Davidson,Nashville,7/17/2019 12:00:00 PM,2,0,0,36.167050,-86.763630,SHELBY AV,,,,32.00,Feet,East,S 4TH ST,,,,0.00,N,Not at Intersection, ,,None,,,         ,Michael,Agee,,,no,no,no,no,no,False
102449797,METROPOLITAN NASHVILLE POLICE DEPT,20190534534,Davidson,Nashville,7/17/2019 12:45:00 PM,2,0,0,36.119200,-86.809030,HILLSBORO PKE,,,,160.00,Feet,South,STOKES LN,,,,0.00,N,Not at Intersection, ,Non-Junction,None,,,         ,Christian,Downen,Cloudy,Front to Rear,no,no,no,no,no,False
102449805,METROPOLITAN NASHVILLE POLICE DEPT,20190534496,Davidson,Nashville,7/17/2019 12:55:00 PM,3,0,0,36.153010,-86.796000,18TH AVS,,,,0.00,Feet,West,WEST END AV,,,,0.00,N,Not at Intersection,N,Non-Junction,None,,,         ,Ernie,Wilson,Cloudy,Front to Rear,no,no,no,no,no,False
102449814,METROPOLITAN NASHVILLE POLICE DEPT,20190534625,Davidson,Nashville,7/17/2019 1:50:00 PM,3,0,0,36.151950,-86.849190,CHARLOTTE AV,,,,183.00,Feet,West,51ST AVN,,,,0.00,N,Not at Intersection, ,,None,,,         ,Curtis,Rich,,,no,no,no,no,no,False
102449903,METROPOLITAN NASHVILLE POLICE DEPT,20190534791,Davidson,Nashville,7/17/2019 2:15:00 PM,2,0,0,36.088130,-86.785210,BATTERY LN,,,,108.00,Feet,East,WATERSWOOD DR,,,,0.00,N,Not at Intersection,N,Non-Junction,None,,,         ,Heather,Fox,Clear,"Sideswipe, Opposite Direction",no,no,no,no,yes,False
102449905,METROPOLITAN NASHVILLE POLICE DEPT,20190534824,Davidson,Nashville,7/17/2019 2:07:00 PM,2,0,0,36.115990,-86.781650,I 440,,,,0.00,,,,,,,4.45,N,Not at Intersection, ,Non-Junction,None,,,         ,Randy,Puckett,Clear,Front to Rear,no,no,no,no,no,False
102449913,GOODLETTSVILLE POLICE DEPT,19-26449,Davidson,Goodlettsville,7/17/2019 2:55:00 PM,2,0,0,36.324600,-86.702960,LONG HOLLOW PKE,,,,174.00,Feet,West,NORTHGATE DR,,,,0.00,N,Not at Intersection, ,Non-Junction,None,,,         ,Donald,Brinton,Clear,"Sideswipe, Same Direction",no,no,no,no,no,False
102449918,METROPOLITAN NASHVILLE POLICE DEPT,20190534742,Davidson,Nashville,7/17/2019 2:49:00 PM,3,1,0,36.169360,-86.679890,LEBANON PKE,,,,0.00,,,MCGAVOCK PKE,,,,0.00,Y,Four-Way,Y,Intersection,None,,,         ,Joshua,Hausman,Clear,Angle,no,no,no,no,no,False
102449920,METROPOLITAN NASHVILLE POLICE DEPT,20190534798,Davidson,Nashville,7/17/2019 3:08:00 PM,2,0,0,36.154620,-86.779750,8TH AVS,,,,146.00,Feet,South,PALMER PL,,,,0.00,N,Not at Intersection, ,,None,,,         ,Timothy,Mead,,,no,no,no,no,no,False
102449935,METROPOLITAN NASHVILLE POLICE DEPT,20190534749,Davidson,Nashville,7/17/2019 2:25:00 PM,2,0,0,36.062670,-86.626160,MURFREESBORO PKE,,,,1032.00,Feet,South,HAMILTON CHURCH RD,,,,0.00,N,Not at Intersection, ,,None,,,         ,Matthew,Turppa,,,no,no,no,no,no,False
102449936,METROPOLITAN NASHVILLE POLICE DEPT,20190534751,Davidson,Nashville,7/17/2019 2:28:00 PM,2,0,0,36.169980,-86.768040,I24 E ENT RAMP,,,,0.00,Feet,East,I 24,,,,0.00,N,Not at Intersection,N,Entrance/Exit Ramp Related,None,,,         ,Brandon,O'Guin,Clear,Front to Rear,no,no,no,no,yes,False
102449937,METROPOLITAN NASHVILLE POLICE DEPT,20190534870,Davidson,Nashville,7/17/2019 3:46:00 PM,2,0,0,36.202060,-86.736070,LITTON AV,,,,0.00,Feet,East,BRONTE AV,,,,0.00,N,Not at Intersection,N,Non-Junction,None,,,         ,Jessica,Scott,Clear,Angle,no,no,no,no,no,False
102449953,METROPOLITAN NASHVILLE POLICE DEPT,20190534903,Davidson,Not in City Limit,7/17/2019 4:06:00 PM,3,0,0,36.275110,-86.735400,I 65,,,,0.00,,,,,,,93.00,N,Not at Intersection, ,Non-Junction,None,,,         ,Christopher,Littles,Clear,Front to Rear,no,no,no,no,no,False
102449954,METROPOLITAN NASHVILLE POLICE DEPT,20190534890,Davidson,Nashville,7/17/2019 3:20:00 PM,2,0,0,36.107400,-86.755700,SIDCO DR,,,,286.00,Feet,South,FONTANA AV,,,,0.00,N,Not at Intersection, ,Non-Junction,None,,,         ,Heather,Fox,Clear,Angle,no,no,no,no,no,False
102449957,METROPOLITAN NASHVILLE POLICE DEPT,20190534920,Davidson,Nashville,7/17/2019 4:13:00 PM,2,1,0,36.146200,-86.668510,ROYAL PKWY,,,,240.00,Feet,West,CLARIDGE DR,,,,0.00,N,Not at Intersection,N,Non-Junction,None,,,         ,Samuel,Sundra,Clear,Angle,no,no,no,no,no,False
102449959,METROPOLITAN NASHVILLE POLICE DEPT,20190534911,Davidson,Nashville,7/17/2019 3:50:00 PM,2,0,0,36.148610,-86.666290,DONELSON PKE,,,,69.00,Feet,South,ELM HILL PKE,,,,0.00,N,Not at Intersection, ,,None,,,         ,Darci,Stechman,,,no,no,no,no,no,False
102449960,METROPOLITAN NASHVILLE POLICE DEPT,20190534928,Davidson,Nashville,7/17/2019 3:24:00 PM,2,0,0,36.148480,-86.793490,CHET ATKINS PL,,,,0.00,,,MUSIC SQW,,,,0.00,Y,Four-Way,N,Intersection,None,,,         ,Eric,Burford,Clear,Angle,no,no,no,no,no,False
102449964,METROPOLITAN NASHVILLE POLICE DEPT,20190534917,Davidson,Nashville,7/17/2019 3:56:00 PM,2,0,0,36.040280,-86.768370,OLD HICKORY BLVD,,,,0.00,,,SEVEN SPRINGS WAY,,,,0.00,Y,Four-Way, ,,None,,,         ,Cynthia,Quirouette,,,no,no,no,no,no,False
102449965,METROPOLITAN NASHVILLE POLICE DEPT,20190534884,Davidson,Nashville,7/17/2019 3:23:00 PM,3,0,0,36.148920,-86.774550,I 40,,,,0.00,,,,,,,210.15,N,Not at Intersection, ,Non-Junction,None,,,         ,FELIKS,ABRAHAMYAN,Clear,Front to Rear,no,no,no,no,no,False
102449966,METROPOLITAN NASHVILLE POLICE DEPT,20190534796,Davidson,Nashville,7/17/2019 3:07:00 PM,2,0,0,36.162630,-86.777500,COMMERCE ST,,,,0.00,,,PRINTERS ALY,,,,0.00,Y,T-Intersection, ,Non-Junction,None,,,         ,Michael,Douglas,Clear,"Sideswipe, Same Direction",no,no,no,no,no,False
102449968,METROPOLITAN NASHVILLE POLICE DEPT,20190534952,Davidson,Nashville,7/17/2019 4:25:00 PM,2,0,0,36.158040,-86.800030,CHARLOTTE AV,,,,17.00,Feet,West,DR D B TODD JR BLVD,,,,0.00,N,Not at Intersection, ,Non-Junction,None,,,         ,Melvin,Taylor,Clear,"Sideswipe, Opposite Direction",no,no,no,no,yes,False
102449972,METROPOLITAN NASHVILLE POLICE DEPT,20190534982,Davidson,Nashville,7/17/2019 4:40:00 PM,1,0,0,36.171150,-86.803320,I 40,,,,0.00,,,,,,,207.70,N,Not at Intersection, ,Non-Junction,None,,,         ,Justin,Vaughn,Clear,Not Collision with Motor Vehicle in Transport,no,no,no,no,no,False
102449987,METROPOLITAN NASHVILLE POLICE DEPT,20190534908,Davidson,Nashville,7/17/2019 3:40:00 PM,3,0,0,36.168650,-86.806310,DR D B TODD JR BLVD,,,,308.00,Feet,South,JEFFERSON ST,,,,0.00,N,Not at Intersection,N,Non-Junction,None,,,         ,Luke,Steigerwalt,Clear,Front to Rear,no,no,no,no,yes,False
102449993,METROPOLITAN NASHVILLE POLICE DEPT,20190535022,Davidson,Nashville,7/17/2019 4:59:00 PM,2,0,0,36.087650,-86.647280,NASHBORO BLVD,,,,490.00,Feet,East,MURFREESBORO PKE,,,,0.00,N,Not at Intersection, ,Non-Junction,None,,,         ,Steven,Powers,Clear,Rear to Rear,no,no,no,yes,yes,False
102449994,METROPOLITAN NASHVILLE POLICE DEPT,20190534986,Davidson,Nashville,7/17/2019 4:30:00 PM,2,0,0,36.149200,-86.857910,WHITE BRIDGE PKE,,,,284.00,Feet,North,LENOX AV,,,,0.00,N,Not at Intersection, ,Non-Junction,None,,,         ,Donovan,Coble,Clear,Angle,no,no,no,no,no,False
102449995,METROPOLITAN NASHVILLE POLICE DEPT,20190534976,Davidson,Nashville,7/17/2019 4:56:00 PM,2,0,0,36.118910,-86.755900,MELROSE AV,,,,0.00,Feet,East,EUGENIA AV,,,,0.00,N,Not at Intersection, ,Non-Junction,None,,,         ,John,Timm,Clear,Angle,no,no,no,no,no,False
102449997,METROPOLITAN NASHVILLE POLICE DEPT,20190534727,Davidson,Nashville,7/17/2019 2:35:00 PM,3,1,0,36.115340,-86.705540,BRILEY PKWYS,,,,337.00,Feet,South,BRILEY PKWYN,,,,0.00,N,Not at Intersection,N,Non-Junction,None,,,         ,Jesse,Cox,Clear,Front to Rear,no,no,no,no,no,False
102450006,METROPOLITAN NASHVILLE POLICE DEPT,20190535016,Davidson,Nashville,7/17/2019 5:08:00 PM,2,2,0,36.116000,-86.696390,MURFREESBORO PKE,,,,323.00,Feet,East,MCGAVOCK PKE,,,,0.00,N,Not at Intersection, ,Non-Junction,None,,,         ,Je-Marc,Sears,Clear,Angle,no,no,no,no,no,False
102450007,METROPOLITAN NASHVILLE POLICE DEPT,20190534974,Davidson,Nashville,7/17/2019 4:01:00 PM,2,0,0,36.150200,-86.823810,33RD AVN,,,,211.00,Feet,North,NEVADA AV,,,,0.00,N,Not at Intersection, ,,None,,,         ,Robert,Crow,,,no,no,no,no,no,False
102450011,METROPOLITAN NASHVILLE POLICE DEPT,20190535038,Davidson,Not in City Limit,7/17/2019 12:00:00 AM,1,0,0,36.272390,-86.906610,BEAMAN PARK PVTDR,,,,518.00,Feet,South,LITTLE MARROWBONE RD,,,,0.00,N,Not at Intersection,N,Non-Junction,None,,,         ,Brian,Woodard,Clear,Not Collision with Motor Vehicle in Transport,no,no,no,yes,yes,False
102450013,METROPOLITAN NASHVILLE POLICE DEPT,20190535031,Davidson,Nashville,7/17/2019 4:59:00 PM,2,0,0,36.159080,-86.792010,I 40,,,,0.00,,,,,,,208.90,N,Not at Intersection,N,Non-Junction,None,,,         ,FELIKS,ABRAHAMYAN,Clear,Front to Rear,no,no,no,no,no,False
102450018,METROPOLITAN NASHVILLE POLICE DEPT,20190535091,Davidson,Not in City Limit,7/17/2019 12:00:00 AM,2,0,0,36.022290,-86.702310,ALTERAS DR,,,,65.00,Feet,South,ADARA LN,,,,0.00,N,Not at Intersection,N,Non-Junction,None,,,         ,Matthew,Turppa,Clear,Other,no,no,no,no,yes,False
102450020,METROPOLITAN NASHVILLE POLICE DEPT,20190535027,Davidson,Nashville,7/17/2019 4:17:00 PM,2,0,0,36.139690,-86.822690,MURPHY RD,,,,286.00,Feet,East,WEST END AV EXT RAMP,,,,0.00,N,Not at Intersection, ,Non-Junction,None,,,         ,Darryl,Williams,Clear,Front to Rear,no,no,no,no,no,False
102450022,METROPOLITAN NASHVILLE POLICE DEPT,20190535151,Davidson,Not in City Limit,7/17/2019 6:10:00 PM,2,3,0,36.280040,-86.713230,ONE MILE PKWY,,,,0.00,,,CONNARE DR,,,,0.00,Y,T-Intersection,N,Intersection,None,,,         ,Christopher,Littles,Clear,Angle,no,no,no,no,no,False
102450029,METROPOLITAN NASHVILLE POLICE DEPT,20190535080,Davidson,Not in City Limit,7/17/2019 5:15:00 PM,2,1,0,36.031010,-86.994730,HIGHWAY 100,,,,814.00,Feet,East,OLD HARDING PKE,,,,0.00,N,Not at Intersection,N,Non-Junction,None,,,         ,Brian,Sherman,Clear,Front to Rear,no,no,no,no,no,False
102450030,METROPOLITAN NASHVILLE POLICE DEPT,20190535129,Davidson,Nashville,7/17/2019 5:50:00 PM,2,0,0,36.148680,-86.769140,4TH AVS,,,,92.00,Feet,South,OAK ST,,,,0.00,N,Not at Intersection,N,Non-Junction,None,,,         ,Jarret,Sonnenberg,Clear,Angle,no,no,no,no,no,False
102450034,METROPOLITAN NASHVILLE POLICE DEPT,20190535226,Davidson,Nashville,7/17/2019 6:50:00 PM,1,1,0,36.162960,-86.761450,I 24,,,,0.00,,,,,,,49.25,N,Not at Intersection,N,Non-Junction,None,,,         ,Kevin,Clausius,Clear,Not Collision with Motor Vehicle in Transport,no,no,no,no,no,False
102450036,METROPOLITAN NASHVILLE POLICE DEPT,20190535204,Davidson,Nashville,7/17/2019 6:35:00 PM,2,0,0,36.035510,-86.743510,EDMONDSON PKE,,,,404.00,Feet,North,FRONTIER LN,,,,0.00,N,Not at Intersection, ,,None,,,         ,Jacob,Robbins,,,no,no,no,no,no,False
102450040,METROPOLITAN NASHVILLE POLICE DEPT,20190535241,Davidson,Nashville,7/17/2019 5:35:00 PM,2,0,0,36.117380,-86.778530,GALE LN,,,,0.00,,,VAULX LN,,,,0.00,Y,T-Intersection,Y,Intersection,None,,,         ,Conor,Cronin,Clear,"Sideswipe, Same Direction",no,no,no,no,yes,False
102450051,METROPOLITAN NASHVILLE POLICE DEPT,20190535110,Davidson,Nashville,7/17/2019 5:50:00 PM,3,0,0,36.149690,-86.773180,I 40,,,,0.00,,,,,,,210.25,N,Not at Intersection, ,Non-Junction,None,,,         ,Theodore,Flick,Clear,Front to Rear,no,no,no,no,no,False
102450061,METROPOLITAN NASHVILLE POLICE DEPT,20190534880,Davidson,Nashville,7/17/2019 3:50:00 PM,6,2,0,36.105670,-86.671920,MURFREESBORO PKE,,,,40.00,Feet,West,EZELL PKE,,,,0.00,N,Not at Intersection,N,Non-Junction,None,,,         ,Jesse,Cox,Clear,Angle,no,no,no,no,no,False
102450071,METROPOLITAN NASHVILLE POLICE DEPT,20190534747,Davidson,Nashville,7/17/2019 2:52:00 PM,2,1,0,36.157320,-86.802710,CHARLOTTE AV,,,,0.00,Feet,West,JO JOHNSTON AV,,,,0.00,N,Not at Intersection,N,Non-Junction,None,,,         ,Akira,McSwain,Clear,Angle,no,no,no,no,no,False
102450072,METROPOLITAN NASHVILLE POLICE DEPT,20190534892,Davidson,Nashville,7/17/2019 2:54:00 PM,2,0,0,36.160370,-86.794510,CHARLOTTE AV,,,,283.00,Feet,West,14TH AVN,,,,0.00,N,Not at Intersection, ,,None,,,         ,Akira,McSwain,,,no,no,no,no,no,False
102450073,METROPOLITAN NASHVILLE POLICE DEPT,20190535045,Davidson,Nashville,7/17/2019 5:00:00 PM,3,0,0,36.045610,-86.854800,OLD HICKORY BLVD,,,,112.00,Feet,East,CROMWELL DR,,,,0.00,N,Not at Intersection,N,Non-Junction,None,,,         ,Akira,McSwain,Clear,Front to Rear,no,no,no,no,no,False
102450083,METROPOLITAN NASHVILLE POLICE DEPT,20190535075,Davidson,Nashville,7/17/2019 4:33:00 PM,2,0,0,36.142850,-86.666640,DONELSON PKE,,,,203.00,Feet,North,I40 W ENT RAMP,,,,0.00,N,Not at Intersection,N,Non-Junction,None,,,         ,Samuel,Sundra,Clear,Angle,no,no,no,no,no,False
102450085,METROPOLITAN NASHVILLE POLICE DEPT,20190535245,Davidson,Nashville,7/17/2019 6:06:00 PM,2,0,0,36.113820,-86.809210,WOODMONT BLVD,,,,0.00,,,GOLF CLUB LN,,,,0.00,Y,Four-Way, ,,None,,,         ,FELIKS,ABRAHAMYAN,,,no,no,no,no,no,False
102450109,METROPOLITAN NASHVILLE POLICE DEPT,20190535256,Davidson,Nashville,7/17/2019 7:00:00 PM,2,0,0,36.152890,-86.754920,I 40,,,,0.00,,,,,,,211.30,N,Not at Intersection,N,Non-Junction,None,,,         ,Russell,Ward,Clear,Front to Rear,no,no,no,no,yes,False
102450114,METROPOLITAN NASHVILLE POLICE DEPT,20190534829,Davidson,Nashville,7/17/2019 3:26:00 PM,2,1,0,36.079080,-86.649070,OAK FOREST DR,,,,149.00,Feet,East,HIGHMEADOWS CT,,,,0.00,N,Not at Intersection,N,Non-Junction,None,,,         ,Andrew,Brazee,Clear,Not Collision with Motor Vehicle in Transport,no,no,no,no,no,False
102450115,METROPOLITAN NASHVILLE POLICE DEPT,20190535083,Davidson,Nashville,7/17/2019 5:36:00 PM,2,0,0,36.044940,-86.696330,BELL RD,,,,712.00,Feet,West,BENZING RD,,,,0.00,N,Not at Intersection, ,Non-Junction,Unknown,,,         ,Andrew,Brazee,Clear,Front to Rear,no,no,no,no,no,False
102450116,METROPOLITAN NASHVILLE POLICE DEPT,20190535329,Davidson,Not in City Limit,7/17/2019 7:42:00 PM,1,0,0,36.105550,-86.943730,CHARLOTTE PKE,,,,1568.00,Feet,West,FORREST VALLEY DR,,,,0.00,N,Not at Intersection,N,Non-Junction,None,,,         ,Jeremy,Huffine,Clear,Not Collision with Motor Vehicle in Transport,no,no,no,no,no,False
102450123,METROPOLITAN NASHVILLE POLICE DEPT,20190535069,Davidson,Nashville,7/17/2019 4:48:00 PM,2,0,0,36.195430,-86.800020,ATHENS WAY,,,,373.00,Feet,South,FRENCH LANDING DR,,,,0.00,N,Not at Intersection, ,Non-Junction,None,,,         ,Justin,Vaughn,Clear,Angle,no,no,no,no,no,False
102450151,METROPOLITAN NASHVILLE POLICE DEPT,20190535252,Davidson,Nashville,7/17/2019 5:14:00 PM,2,0,0,36.066350,-86.630120,MURFREESBORO PKE,,,,292.00,Feet,North,HAMILTON CROSSINGS,,,,0.00,N,Not at Intersection, ,Non-Junction,None,,,         ,Andrew,Brazee,Clear,Front to Rear,no,no,no,no,no,False
102450210,METROPOLITAN NASHVILLE POLICE DEPT,20190535448,Davidson,Nashville,7/17/2019 8:40:00 PM,2,0,0,36.045420,-86.703560,OLD HICKORY BLVD,,,,15.00,Feet,South,EULALA DR,,,,0.00,N,Not at Intersection,N,Non-Junction,None,,,         ,Jesse,Cox,Clear,Angle,no,no,no,no,yes,False
102450211,METROPOLITAN NASHVILLE POLICE DEPT,20190535497,Davidson,Nashville,7/17/2019 9:20:00 PM,2,1,0,36.113950,-86.810880,WOODMONT BLVD,,,,0.00,,,HILLSBORO PKE,,,,0.00,Y,Four-Way, ,Intersection,None,,,         ,Conor,Cronin,Clear,Front to Rear,no,no,no,no,no,False
102450233,METROPOLITAN NASHVILLE POLICE DEPT,20190535302,Davidson,Nashville,7/17/2019 6:30:00 PM,2,0,0,36.108540,-86.812210,HILLSBORO PKE,,,,54.00,Feet,South,GLEN ECHO RD,,,,0.00,N,Not at Intersection,N,Non-Junction,None,,,         ,Donovan,Coble,Clear,Angle,no,no,no,no,no,False
102450234,METROPOLITAN NASHVILLE POLICE DEPT,2019-0535442,Davidson,Nashville,7/17/2019 8:15:00 PM,2,0,0,36.178370,-86.721430,CHAPMAN DR,,,,260.00,Feet,North,CONRAD DR,,,,0.00,N,Not at Intersection,N,Non-Junction,None,,,         ,Christopher,Beery,Clear,Rear to Side,no,no,no,no,yes,False
102450235,METROPOLITAN NASHVILLE POLICE DEPT,20190535397,Davidson,Nashville,7/17/2019 8:27:00 PM,2,0,0,36.118000,-86.778680,VAULX LN,,,,233.00,Feet,North,GALE LN,,,,0.00,N,Not at Intersection, ,Non-Junction,None,,,         ,Akira,McSwain,Clear,Rear to Rear,no,no,no,no,no,False
102450236,Metro Park Police,20190535429,Davidson,Nashville,7/17/2019 8:35:00 PM,1,0,0,36.053920,-86.898690,OLD HICKORY BLVD,,,,0.00,,,GAUCHO ROAD PVTDR,,,,0.00,Y,OTHER,N,Non-Junction,None,,,         ,Brian,Thompson,Clear,Not Collision with Motor Vehicle in Transport,no,no,no,no,no,False
102450252,METROPOLITAN NASHVILLE POLICE DEPT,20190535496,Davidson,Nashville,7/17/2019 9:21:00 PM,1,0,0,36.063840,-86.717090,NOLENSVILLE PKE,,,,344.00,Feet,North,FAIRLANE DR,,,,0.00,N,Not at Intersection, ,Non-Junction,None,,,         ,Brandon,Hughes,Clear,Not Collision with Motor Vehicle in Transport,no,no,no,no,no,False
102450263,METROPOLITAN NASHVILLE POLICE DEPT,20190534940,Davidson,Nashville,7/17/2019 4:23:00 PM,3,1,0,36.090800,-86.703950,I 24,,,,0.00,,,,,,,55.30,N,Not at Intersection,N,Non-Junction,None,,,         ,Devonte,Coleman,Clear,Front to Rear,no,no,no,no,no,False
102450274,METROPOLITAN NASHVILLE POLICE DEPT,20190535216,Davidson,Nashville,7/17/2019 5:46:00 PM,2,0,0,36.120780,-86.703540,MURFREESBORO PKE,,,,23.00,Feet,East,GLENGARRY DR,,,,0.00,N,Not at Intersection,N,Non-Junction,None,,,         ,Dontaveous,Eubanks,Clear,Front to Rear,no,no,no,yes,yes,False
102450282,METROPOLITAN NASHVILLE POLICE DEPT,20190533315,Davidson,Nashville,7/17/2019 12:00:00 AM,1,0,0,36.124460,-86.727100,I440 W ENT RAMP,,,,0.00,Feet,East,I 24,,,,0.00,N,Not at Intersection,N,Non-Junction,Construction Zone,Lane Shift-Crossover,Transition Area,         ,Alexander,Hartle,Clear,Unknown,no,no,no,no,no,False
102450287,METROPOLITAN NASHVILLE POLICE DEPT,20190535624,Davidson,Nashville,7/17/2019 10:40:00 PM,2,0,0,36.183350,-86.748570,GALLATIN AV,,,,0.00,,,W EASTLAND AV,,,,0.00,Y,Four-Way,Y,Intersection-Related,None,,,         ,Frederick,Ware,Clear,Front to Rear,no,no,no,no,yes,False
102450290,METROPOLITAN NASHVILLE POLICE DEPT,20190535721,Davidson,Nashville,7/17/2019 12:00:00 AM,1,0,0,36.191770,-86.802660,PONDER PL,,,,73.00,Feet,West,ATHENS WAY,,,,0.00,N,Not at Intersection,N,Non-Junction,None,,,         ,Erik,Schall,Clear,Not Collision with Motor Vehicle in Transport,no,no,no,no,yes,False
102450294,METROPOLITAN NASHVILLE POLICE DEPT,20190535840,Davidson,Nashville,7/17/2019 8:40:00 PM,2,0,0,36.176810,-86.749720,S 11TH ST,,,,0.00,,,,,,,0.00,,,N,Non-Junction,None,,,         ,Frederick,Ware,Clear,Front to Rear,no,no,no,yes,yes,False
102450295,METROPOLITAN NASHVILLE POLICE DEPT,20190535856,Davidson,Nashville,7/18/2019 12:10:00 AM,1,0,0,36.232500,-86.724800,GALLATIN PKE,,,,27.00,Feet,South,GALLATIN PKE NB EXT RAMP,,,,0.00,N,Not at Intersection,N,Non-Junction,None,,,         ,Jerica,Gladston,Clear,Not Collision with Motor Vehicle in Transport,no,no,no,no,no,False
102450300,METROPOLITAN NASHVILLE POLICE DEPT,20190535645,Davidson,Not in City Limit,7/17/2019 11:00:00 PM,2,0,0,36.271150,-86.750300,OLD HICKORY BLVDW,,,,0.00,,,,,,,0.00,,,N,Non-Junction,None,,,         ,Patrick,McGinnis,Clear,Angle,no,no,no,yes,no,False
102450310,GOODLETTSVILLE POLICE DEPT,19-26502,Davidson,Goodlettsville,7/17/2019 11:18:00 PM,2,0,0,36.322710,-86.704310,I 65,,,,0.00,,,,,,,96.90,N,Not at Intersection, ,Non-Junction,None,,,         ,Devonte,Tapp,Clear,Front to Rear,no,no,no,no,yes,False
102450317,METROPOLITAN NASHVILLE POLICE DEPT,20190535993,Davidson,Nashville,7/18/2019 1:20:00 AM,1,0,0,36.171090,-86.873910,CENTENNIAL BLVD,,,,0.00,,,COCKRILL BEND BLVD,,,,0.00,Y,Four-Way, ,Intersection-Related,None,,,         ,Melvin,Brown III,Clear,Not Collision with Motor Vehicle in Transport,no,no,no,no,no,False
102450346,METROPOLITAN NASHVILLE POLICE DEPT,20190535733,Davidson,Nashville,7/17/2019 11:29:00 PM,2,0,0,36.139510,-86.700310,KAREN DR,,,,0.00,,,BRILEY PKWY,,,,0.00,Y,Four-Way,Y,Intersection,None,,,         ,Bridget,Griepentrog,Clear,"Sideswipe, Same Direction",no,no,no,no,yes,False
102450372,METROPOLITAN NASHVILLE POLICE DEPT,20190536253,Davidson,Nashville,7/18/2019 4:03:00 AM,1,1,0,36.159560,-86.774640,3RD AVS,,,,0.00,,,DEMONBREUN ST,,,,0.00,Y,Four-Way,N,Intersection,None,,,         ,Billy,Price,Clear,Not Collision with Motor Vehicle in Transport,yes,no,no,no,no,False
102450387,METROPOLITAN NASHVILLE POLICE DEPT,20190536397,Davidson,Nashville,7/18/2019 5:55:00 AM,3,0,0,36.150670,-86.785260,I 40,,,,0.00,,,,,,,209.50,N,Not at Intersection,N,Non-Junction,None,,,         ,Daniel,Russett,Clear,Front to Rear,no,no,no,no,no,False