master_record_number,agency,agency_tracking_number,county,city,collision_date,vehicles_involved,number_injured,number_dead,latitude,longitude,roadway_name,roadway_suffix,roadway_number,roadway_local_id,distance_from_reference,miles-feet_indicator,direction_from_reference,intersection_road_name,intersection_road_name_suffix,intersection_road_number,intersection_local_id,mile_marker,intersection_indicator,intersect_type,interchange_related_indicator,relation_to_junction,work_zone_type,construction_maintenance_zone,construction_maintenance_zone_location,fatal_case_number,officer_first_name,officer_last_name,weather_condition(s),manner_of_crash,pedestrian,bicycle,scooter,parking,hitrun,mou
102450416,METROPOLITAN NASHVILLE POLICE DEPT,20190536519,Davidson,Nashville,7/18/2019 6:44:00 AM,2,0,0,36.153510,-86.849770,I 40,,,,0.00,,,,,,,204.40,N,Not at Intersection, ,,None,,,         ,Curtis,Rich,,,no,no,no,no,no,False
102450424,METROPOLITAN NASHVILLE POLICE DEPT,20190536430,Davidson,Nashville,7/18/2019 6:11:00 AM,1,1,0,36.149820,-86.772800,I 40,,,,0.00,,,,,,,210.25,N,Not at Intersection,N,Non-Junction,None,,,         ,Blake,Lutz,Clear,Not Collision with Motor Vehicle in Transport,no,no,no,no,no,False
102450426,METROPOLITAN NASHVILLE POLICE DEPT,20190536443,Davidson,Nashville,7/18/2019 6:03:00 AM,2,1,0,36.217470,-86.781560,BRICK CHURCH PKE,,,,0.00,,,WOODFOLK AV,,,,0.00,Y,Four-Way,N,Intersection,None,,,         ,Wesley,Young,Clear,Angle,no,no,no,no,no,False
102450437,METROPOLITAN NASHVILLE POLICE DEPT,20190536547,Davidson,Nashville,7/18/2019 6:50:00 AM,2,0,0,36.151140,-86.750580,I 40,,,,0.00,,,,,,,211.55,N,Not at Intersection, ,Non-Junction,None,,,         ,Tien,Nguyen,Cloudy,Front to Rear,no,no,no,no,no,False
102450438,METROPOLITAN NASHVILLE POLICE DEPT,20190536466,Davidson,Nashville,7/18/2019 6:39:00 AM,2,0,0,36.147710,-86.744380,I 40,,,,0.00,,,,,,,212.00,N,Not at Intersection, ,Non-Junction,None,,,         ,Tien,Nguyen,Cloudy,Front to Rear,no,no,no,no,no,False
102450445,METROPOLITAN NASHVILLE POLICE DEPT,20190536465,Davidson,Nashville,7/18/2019 6:11:00 AM,2,0,0,36.121200,-86.726750,I440 W ENT RAMP,,,,0.00,Feet,East,I 24,,,,0.00,N,Not at Intersection, ,Non-Junction,None,,,         ,Jessie,Meadows,Clear,"Sideswipe, Same Direction",no,no,no,no,no,False
102450446,BERRY HILL POLICE DEPT,19-2715,Davidson,Berry Hill,7/15/2019 1:28:00 PM,2,0,0,36.112460,-86.765320,THOMPSON LN,,,,260.00,Feet,South,BRANSFORD AV,,,,0.00,N,Not at Intersection, ,"Driveway, Alley Access, etc",None,,,         ,Ronnie,Hill,Cloudy,Angle,yes,no,no,yes,no,False
102450447,METROPOLITAN NASHVILLE POLICE DEPT,20190536611,Davidson,Nashville,7/18/2019 7:50:00 AM,2,0,0,36.111430,-86.875870,GUN CLUB RD,,,,0.00,,,ROBIN HILL RD,,,,0.00,Y,Four-Way,N,Intersection,None,,,         ,Curtis,Rich,Cloudy,Angle,no,no,no,no,no,False
102450448,THP District 3 - Nashville,319045257,Davidson,Nashville,7/17/2019 4:00:00 PM,2,0,0,36.158100,-86.799870,CHARLOTTE AV,,,,0.00,,,18TH AVN,,,,0.00,Y,Four-Way,Y,Intersection-Related,None,,,         ,Matthew,Priest,Clear,"Sideswipe, Opposite Direction",no,no,no,no,yes,False
102450466,METROPOLITAN NASHVILLE POLICE DEPT,20190536679,Davidson,Nashville,7/18/2019 8:00:00 AM,2,0,0,36.060580,-86.903630,OLD HICKORY BLVD,,,,697.00,Feet,South,HIGHWAY 100,,,,0.00,N,Not at Intersection,N,Non-Junction,None,,,         ,Wesley,Tilley,Cloudy,Front to Rear,no,no,no,no,no,False
102450474,METROPOLITAN NASHVILLE POLICE DEPT,20190536688,Davidson,Nashville,7/18/2019 8:26:00 AM,1,0,0,36.216630,-86.692630,MCGAVOCK PKE,,,,0.00,,,MCGAVOCK PKE WB EXT RAMP,,,,0.00,Y,OTHER, ,Non-Junction,None,,,         ,Tien,Nguyen,Cloudy,Not Collision with Motor Vehicle in Transport,no,no,no,no,no,False
102450479,METROPOLITAN NASHVILLE POLICE DEPT,20190536768,Davidson,Nashville,7/18/2019 9:05:00 AM,3,1,0,36.109910,-86.770220,I 65,,,,0.00,,,,,,,79.75,N,Not at Intersection,N,Non-Junction,None,,,         ,Nathan,Kemp,Clear,Front to Rear,no,no,no,no,no,False
102450488,METROPOLITAN NASHVILLE POLICE DEPT,20190536796,Davidson,Nashville,7/18/2019 9:25:00 AM,2,1,0,36.170960,-86.800660,JEFFERSON ST,,,,0.00,,,14TH AVN,,,,0.00,Y,T-Intersection,N,Intersection,None,,,         ,Wesley,Young,Clear,Front to Rear,no,no,no,no,no,False
102450492,METROPOLITAN NASHVILLE POLICE DEPT,20190536556,Davidson,Nashville,7/18/2019 7:21:00 AM,3,0,0,36.106130,-86.742760,NOLENSVILLE PKE,,,,96.00,Feet,South,MORTON AV,,,,0.00,N,Not at Intersection,N,Non-Junction,None,,,         ,Jessie,Meadows,Clear,Front to Rear,no,no,no,no,yes,False
102450502,METROPOLITAN NASHVILLE POLICE DEPT,20190536751,Davidson,Nashville,7/18/2019 8:45:00 AM,2,0,0,36.138030,-86.805050,BLAKEMORE AV,,,,0.00,Feet,East,24TH AVS,,,,0.00,N,Not at Intersection,N,Non-Junction,None,,,         ,Justan,Vance,Clear,Angle,no,no,no,no,yes,Campus
102450504,METROPOLITAN NASHVILLE POLICE DEPT,20190536805,Davidson,Nashville,7/18/2019 8:50:00 AM,2,0,0,36.151540,-86.852270,CHARLOTTE AV,,,,53.00,Feet,West,MORROW RD,,,,0.00,N,Not at Intersection, ,Non-Junction,None,,,         ,Curtis,Rich,Cloudy,Front to Rear,no,no,no,no,no,False
102450505,METROPOLITAN NASHVILLE POLICE DEPT,20190536769,Davidson,Antioch,7/18/2019 8:50:00 AM,1,0,0,36.012020,-86.617680,I 24,,,,0.00,,,,,,,62.75,N,Not at Intersection, ,Non-Junction,None,,,         ,Jessie,Meadows,Clear,Not Collision with Motor Vehicle in Transport,no,no,no,no,no,False
102450527,METROPOLITAN NASHVILLE POLICE DEPT,20190535130,Davidson,Nashville,7/17/2019 5:58:00 PM,3,0,0,36.168740,-86.783760,JAMES ROBERTSON PKWY,,,,0.00,,,5TH AVN,,,,0.00,Y,Four-Way,N,Intersection-Related,None,,,         ,Joshua,Reece,Clear,Front to Rear,no,no,no,no,no,False
102450530,METROPOLITAN NASHVILLE POLICE DEPT,20190536842,Davidson,Nashville,7/18/2019 9:52:00 AM,2,0,0,36.154630,-86.779160,8TH AVS,,,,0.00,,,8TH AVS,,,,0.00,Y,Roundabout, ,Intersection-Related,None,,,         ,Kyle,Eicholtz,Cloudy,Angle,no,no,no,no,no,False
102450539,METROPOLITAN NASHVILLE POLICE DEPT,20190536959,Davidson,Nashville,7/18/2019 10:08:00 AM,2,0,0,36.124850,-86.772620,I 65,,,,0.00,,,,,,,80.70,N,Not at Intersection,N,Non-Junction,None,,,         ,Nathan,Kemp,Clear,Front to Rear,no,no,no,no,no,False
102450547,METROPOLITAN NASHVILLE POLICE DEPT,20190536800,Davidson,Nashville,7/18/2019 9:22:00 AM,2,0,0,36.128150,-86.809500,W LINDEN AV,,,,182.00,Feet,West,26TH AVS,,,,0.00,N,Not at Intersection,N,Non-Junction,None,,,         ,Justan,Vance,Clear,Angle,no,no,no,no,yes,False
102450565,METROPOLITAN NASHVILLE POLICE DEPT,20190537000,Davidson,Nashville,7/18/2019 11:00:00 AM,2,0,0,36.105870,-86.813940,ABBOTT MARTIN RD,,,,20.00,Feet,West,HILLSBORO PKE,,,,0.00,N,Not at Intersection, ,Non-Junction,None,,,         ,Curtis,Rich,Cloudy,Angle,no,no,no,no,yes,False
102450594,METROPOLITAN NASHVILLE POLICE DEPT,20190536964,Davidson,Nashville,7/18/2019 10:40:00 AM,2,2,0,36.153790,-86.794410,17TH AVS,,,,0.00,,,WEST END AV,,,,0.00,Y,Four-Way,Y,Intersection,None,,,         ,Justan,Vance,Clear,Angle,no,no,no,no,no,False
102450601,METROPOLITAN NASHVILLE POLICE DEPT,20190537161,Davidson,Nashville,7/18/2019 11:22:00 AM,2,0,0,36.091020,-86.828760,HILLSBORO PKE,,,,147.00,Feet,South,HARDING PL,,,,0.00,N,Not at Intersection,N,Non-Junction,None,,,         ,Curtis,Rich,Cloudy,Angle,no,no,no,no,yes,False
102450616,METROPOLITAN NASHVILLE POLICE DEPT,20190536903,Davidson,Nashville,7/18/2019 10:02:00 AM,2,0,0,36.176510,-86.769720,SPRING ST,,,,0.00,,,I24 W EXT RAMP,,,,0.00,Y,OTHER,N,Intersection,None,,,         ,Russell,Freeman,Clear,Front to Rear,no,no,no,no,no,False
102450621,METROPOLITAN NASHVILLE POLICE DEPT,20190536958,Davidson,Nashville,7/18/2019 10:30:00 AM,2,0,0,36.040900,-86.779380,STONE BROOK DR,,,,0.00,,,OLD HICKORY BLVD,,,,0.00,Y,Four-Way, ,Intersection,None,,,         ,Ian,Hammond,Cloudy,"Sideswipe, Same Direction",no,no,no,no,yes,False
102450622,METROPOLITAN NASHVILLE POLICE DEPT,20190537164,Davidson,Nashville,7/18/2019 11:25:00 AM,2,0,0,36.119590,-86.912610,I 40,,,,0.00,,,,,,,200.00,N,Not at Intersection,N,Non-Junction,None,,,         ,Benjamin,Cantrell,Clear,"Sideswipe, Same Direction",no,no,no,no,yes,False
102450628,METROPOLITAN NASHVILLE POLICE DEPT,20190537169,Davidson,Nashville,7/18/2019 12:20:00 PM,2,0,0,36.068070,-86.718990,NOLENSVILLE PKE,,,,60.00,Feet,South,HAYWOOD LN,,,,0.00,N,Not at Intersection, ,Non-Junction,None,,,         ,Jessie,Meadows,Clear,Front to Rear,no,no,no,no,no,False
102450629,METROPOLITAN NASHVILLE POLICE DEPT,20190537162,Davidson,Nashville,7/18/2019 12:21:00 PM,2,1,0,36.196040,-86.735740,CAHAL AV,,,,0.00,,,NORTHVIEW AV,,,,0.00,Y,T-Intersection,N,Intersection-Related,None,,,         ,Russell,Freeman,Cloudy,Front to Rear,no,no,no,no,no,False
102450650,METROPOLITAN NASHVILLE POLICE DEPT,20190537264,Davidson,Nashville,7/18/2019 1:06:00 PM,3,0,0,36.158580,-86.760450,I 24,,,,0.00,,,,,,,49.55,N,Not at Intersection, ,,None,,,         ,Kyle,Eicholtz,,,no,no,no,no,no,False
102450680,METROPOLITAN NASHVILLE POLICE DEPT,20190534387,Davidson,Nashville,7/17/2019 11:50:00 AM,2,0,0,36.174490,-86.770800,I 24,,,,0.00,,,,,,,48.10,N,Not at Intersection, ,Non-Junction,None,,,         ,Russell,Freeman,Clear,"Sideswipe, Same Direction",no,no,no,no,no,False
102450699,METROPOLITAN NASHVILLE POLICE DEPT,20190537129,Davidson,Goodlettsville,7/18/2019 12:05:00 PM,2,0,0,36.294420,-86.697070,MYATT DR,,,,0.00,,,MYATT DR PVTDR,,,,0.00,Y,Four-Way,N,Intersection,None,,,         ,Brandon,Bilbrey,Cloudy,Angle,no,no,no,no,no,False
102450700,METROPOLITAN NASHVILLE POLICE DEPT,20190536588,Davidson,Nashville,7/18/2019 7:40:00 AM,2,0,0,36.149410,-86.779170,8TH AVS,,,,104.00,Feet,South,DIVISION ST,,,,0.00,N,Not at Intersection, ,Non-Junction,None,,,         ,Cody,O'Quinn,Cloudy,Front to Rear,no,no,no,no,no,False
102450702,METROPOLITAN NASHVILLE POLICE DEPT,20190533995,Davidson,Nashville,7/17/2019 8:50:00 AM,2,0,0,36.177920,-86.774490,N 1ST ST,,,,301.00,Feet,South,EXIT 47,,,,0.00,N,Not at Intersection, ,Non-Junction,None,,,         ,Gregory,Julia,Rain,Front to Rear,no,no,no,no,no,False
102450703,METROPOLITAN NASHVILLE POLICE DEPT,20190531982,Davidson,Nashville,7/16/2019 2:00:00 PM,2,0,0,36.086770,-86.753680,TROUSDALE DR,,,,147.00,Feet,South,GRASSMERE PK,,,,0.00,N,Not at Intersection, ,Non-Junction,None,,,         ,Eric,Snyder,Cloudy,Front to Rear,no,no,no,no,no,False
102450718,METROPOLITAN NASHVILLE POLICE DEPT,20190537199,Davidson,Nashville,7/18/2019 12:34:00 PM,2,0,0,36.152990,-86.803090,21ST AVN,,,,151.00,Feet,South,STATE ST,,,,0.00,N,Not at Intersection,N,"Driveway, Alley Access, etc",None,,,         ,Phillip,Murphy,Cloudy,"Sideswipe, Same Direction",no,no,no,no,no,False
102450719,METROPOLITAN NASHVILLE POLICE DEPT,20190537239,Davidson,Madison,7/18/2019 12:58:00 PM,1,0,0,36.263360,-86.696480,E OLD HICKORY BLVD,,,,0.00,,,LANIER DR,,,,0.00,Y,OTHER,N,Intersection-Related,None,,,         ,Eric,Richardson,Clear,Not Collision with Motor Vehicle in Transport,no,no,no,no,no,False
102450740,METROPOLITAN NASHVILLE POLICE DEPT,20190537290,Davidson,Goodlettsville,7/18/2019 1:15:00 PM,2,0,0,36.293840,-86.696450,MYATT DR,,,,0.00,,,SPRING BRANCH DR,,,,0.00,Y,T-Intersection, ,Intersection,None,,,         ,Brandon,Bilbrey,Cloudy,Angle,no,no,no,no,no,False
102450756,VANDERBILT UNIVERSITY POLICE,20190537270,Davidson,Nashville,7/18/2019 12:59:00 PM,2,0,0,36.109500,-86.765830,POWELL AV,,,,0.00,,,,,,,0.00,,, ,Intersection-Related,None,,,         ,Fred,Oakley,Cloudy,Rear to Side,no,no,no,yes,no,OHO
102450780,METROPOLITAN NASHVILLE POLICE DEPT,20190537220,Davidson,Nashville,7/18/2019 12:50:00 PM,3,0,0,36.165420,-86.763960,I 24,,,,0.00,,,,,,,49.05,N,Not at Intersection,N,Entrance/Exit Ramp Related,None,,,         ,Doyle,Price,Cloudy,Front to Rear,no,no,no,no,no,False
102450795,METROPOLITAN NASHVILLE POLICE DEPT,20190537283,Davidson,Nashville,7/18/2019 1:00:00 PM,2,0,0,36.112560,-86.742860,FOSTER AV,,,,530.00,Feet,South,FOSTER CT,,,,0.00,N,Not at Intersection,N,Non-Junction,None,,,         ,Honorio,Canchola,Clear,"Sideswipe, Same Direction",no,no,no,no,no,False
102450844,METROPOLITAN NASHVILLE POLICE DEPT,20190537464,Davidson,Goodlettsville,7/18/2019 2:04:00 PM,2,0,0,36.301650,-86.693440,THE GALLERY AT RIVERGATE PVTDR,,,,0.00,,,GALLATIN PKEN,,,,0.00,Y,T-Intersection, ,Intersection,None,,,         ,Christopher,Littles,Cloudy,Angle,no,no,no,no,no,False
102450847,METROPOLITAN NASHVILLE POLICE DEPT,20190537072,Davidson,Nashville,7/18/2019 11:36:00 AM,2,0,0,36.161200,-86.792680,CHARLOTTE AV,,,,0.00,,,GEORGE L DAVIS BLVD,,,,0.00,Y,Four-Way, ,Intersection,None,,,         ,Michael,Douglas,Cloudy,Angle,no,no,no,no,yes,False
102450874,METROPOLITAN NASHVILLE POLICE DEPT,20190537546,Davidson,Goodlettsville,7/18/2019 3:21:00 PM,2,0,0,36.287330,-86.705190,GALLATIN PKEN,,,,206.00,Feet,North,EDENWOLD RD,,,,0.00,N,Not at Intersection,N,Non-Junction,None,,,         ,Christopher,Littles,Cloudy,Front to Rear,no,no,no,no,yes,False
102450900,METROPOLITAN NASHVILLE POLICE DEPT,20190537591,Davidson,Nashville,7/18/2019 3:47:00 PM,2,0,0,36.157530,-86.772350,2ND AVS,,,,185.00,Feet,South,KOREAN VETERANS BLVD,,,,0.00,N,Not at Intersection,N,Non-Junction,None,,,         ,Jordan,Vrbas,Cloudy,"Sideswipe, Same Direction",no,no,no,no,yes,False
102450906,METROPOLITAN NASHVILLE POLICE DEPT,20190537571,Davidson,Nashville,7/18/2019 12:00:00 AM,1,1,0,36.170780,-86.801400,JEFFERSON ST,,,,20.00,Feet,West,14TH AVN,,,,0.00,N,Not at Intersection,N,Non-Junction,None,,,         ,Melvin,Taylor,Clear,Not Collision with Motor Vehicle in Transport,no,no,no,no,no,False
102450912,METROPOLITAN NASHVILLE POLICE DEPT,20190537579,Davidson,Nashville,7/18/2019 3:33:00 PM,2,0,0,36.106780,-86.674430,MURFREESBORO PKE,,,,456.00,Feet,West,DONELSON PKE,,,,0.00,N,Not at Intersection, ,Non-Junction,None,,,         ,Taylor,Hurley,Rain,Angle,no,no,no,no,no,False
102450920,METROPOLITAN NASHVILLE POLICE DEPT,20190531766,Davidson,Nashville,7/16/2019 1:25:00 PM,2,0,1,36.188830,-86.773160,DICKERSON PKE,,,,0.00,,,WHITES CREEK PKE,,,,0.00,Y,T-Intersection,Y,Intersection,None,,,19-0535  ,Christopher,Augustin,Clear,Angle,no,no,no,no,no,False
102450929,METROPOLITAN NASHVILLE POLICE DEPT,20190537330,Davidson,Nashville,7/18/2019 2:00:00 PM,1,0,0,36.048470,-86.646100,BELL FORGE LNE,,,,754.00,Feet,East,MT VIEW RD,,,,0.00,N,Not at Intersection, ,Non-Junction,None,,,         ,Jessie,Meadows,Clear,Not Collision with Motor Vehicle in Transport,no,no,no,yes,no,False
102450933,METROPOLITAN NASHVILLE POLICE DEPT,20190537469,Davidson,Nashville,7/18/2019 2:30:00 PM,2,0,0,36.041420,-86.712680,MILL CREEK WHITTEMORE GRNWY,,,,352.00,Feet,South,MILL CREEK WHITTLEMORE GRNWY,,,,0.00,N,Not at Intersection,N,OtherLocation,None,,,         ,Matthew,Turppa,Cloudy,Angle,no,no,no,yes,yes,False
102450945,METROPOLITAN NASHVILLE POLICE DEPT,20190537601,Davidson,Nashville,7/18/2019 3:54:00 PM,2,0,0,36.150310,-86.797250,LYLE AV,,,,0.00,,,BROADWAY,,,,0.00,Y,Four-Way,N,Non-Junction,None,,,         ,Randy,Puckett,Rain,Angle,no,no,no,no,no,False
102450946,METROPOLITAN NASHVILLE POLICE DEPT,20190537641,Davidson,Nashville,7/18/2019 4:10:00 PM,2,0,0,36.219670,-86.727640,CURDWOOD BLVD,,,,61.00,Feet,West,GALLATIN PKE,,,,0.00,N,Not at Intersection, ,Non-Junction,None,,,         ,Wade,Johnson,Cloudy,Angle,no,no,no,no,no,False
102450949,METROPOLITAN NASHVILLE POLICE DEPT,20190537527,Davidson,Nashville,7/18/2019 3:20:00 PM,3,1,0,36.148570,-86.779120,8TH AVS,,,,57.00,Feet,South,I40 W ENT RAMP,,,,0.00,N,Not at Intersection, ,Non-Junction,None,,,         ,Brandon,O'Guin,Cloudy,Front to Rear,no,no,no,no,no,False
102450961,METROPOLITAN NASHVILLE POLICE DEPT,20190537616,Davidson,Nashville,7/18/2019 4:00:00 PM,1,1,0,36.154170,-86.833910,I 40,,,,0.00,,,,,,,205.30,N,Not at Intersection,N,Non-Junction,None,,,         ,Torian,Cox,Rain,Not Collision with Motor Vehicle in Transport,no,no,no,no,no,False
102450963,METROPOLITAN NASHVILLE POLICE DEPT,20190537713,Davidson,Nashville,7/18/2019 4:53:00 PM,2,0,0,36.175440,-86.603010,OLD HICKORY BLVD,,,,367.00,Feet,North,BURNING TREE DR,,,,0.00,N,Not at Intersection, ,Non-Junction,None,,,         ,Jason,Milyaro Lucas,Clear,Angle,no,no,no,no,no,False
102450964,METROPOLITAN NASHVILLE POLICE DEPT,20190537658,Davidson,Nashville,7/18/2019 3:40:00 PM,2,0,0,36.146570,-86.742630,I 40,,,,0.00,,,,,,,212.10,N,Not at Intersection, ,Non-Junction,None,,,         ,Torry,Hill,Cloudy,"Sideswipe, Same Direction",no,no,no,no,no,False
102450970,METROPOLITAN NASHVILLE POLICE DEPT,20190537692,Davidson,Nashville,7/18/2019 12:00:00 AM,2,1,0,36.085920,-86.691050,ANTIOCH PKE,,,,167.00,Feet,North,PERIMETER HILL DR,,,,0.00,N,Not at Intersection, ,Non-Junction,None,,,         ,Ryan,Sherry,Rain,Front to Rear,no,no,no,no,no,False
102450980,METROPOLITAN NASHVILLE POLICE DEPT,20190537580,Davidson,Nashville,7/18/2019 12:00:00 AM,2,0,0,36.154160,-86.835570,I 40,,,,0.00,,,,,,,205.20,N,Not at Intersection, ,Non-Junction,None,,,         ,Kelby,Dumond,Rain,"Sideswipe, Same Direction",no,no,no,no,no,False
102450981,METROPOLITAN NASHVILLE POLICE DEPT,20190537702,Davidson,Nashville,7/18/2019 4:46:00 PM,2,1,0,36.046570,-86.678110,BELL RD,,,,396.00,Feet,East,BRITTANY PARK DR,,,,0.00,N,Not at Intersection,N,Non-Junction,None,,,         ,Taylor,Hurley,Rain,Angle,no,no,no,no,no,False
102450986,METROPOLITAN NASHVILLE POLICE DEPT,20190537520,Davidson,Nashville,7/18/2019 3:17:00 PM,4,2,0,36.115770,-86.773400,I440 W ENT RAMP,,,,0.00,Feet,East,I 440,,,,0.00,N,Not at Intersection, ,Non-Junction,None,,,         ,Darryl,Williams,Cloudy,Front to Rear,no,no,no,no,no,False
102450990,METROPOLITAN NASHVILLE POLICE DEPT,20190537590,Davidson,Nashville,7/18/2019 3:40:00 PM,2,0,0,36.169350,-86.869030,BRILEY PKWYN,,,,297.00,Feet,South,BRILEY PKWYS,,,,0.00,N,Not at Intersection,N,Non-Junction,None,,,         ,Jessie,Meadows,Clear,"Sideswipe, Same Direction",no,no,no,no,yes,False
102450994,METROPOLITAN NASHVILLE POLICE DEPT,20190537587,Davidson,Nashville,7/18/2019 3:42:00 PM,2,0,0,36.154570,-86.779200,8TH AVS,,,,27.00,Feet,South,LAFAYETTE ST,,,,0.00,N,Not at Intersection, ,Non-Junction,None,,,         ,Brandon,O'Guin,Cloudy,"Sideswipe, Same Direction",no,no,no,no,no,False
102451003,METROPOLITAN NASHVILLE POLICE DEPT,20190537730,Davidson,Nashville,7/18/2019 12:00:00 AM,2,0,0,36.147930,-86.857920,WHITE BRIDGE PKE,,,,176.00,Feet,South,LENOX AV,,,,0.00,N,Not at Intersection, ,Non-Junction,None,,,         ,Kelby,Dumond,Cloudy,"Sideswipe, Opposite Direction",no,no,no,no,no,False
102451006,METROPOLITAN NASHVILLE POLICE DEPT,20190537637,Davidson,Nashville,7/18/2019 4:12:00 PM,4,0,0,36.139720,-86.823100,MURPHY RD,,,,35.00,Feet,West,I440 E EXT RAMP,,,,0.00,N,Not at Intersection,N,Non-Junction,None,,,         ,Avery,Jackson,Rain,Front to Rear,no,no,no,no,yes,False
102451007,METROPOLITAN NASHVILLE POLICE DEPT,20190537642,Davidson,Nashville,7/18/2019 4:19:00 PM,2,0,0,36.068470,-86.632420,MURFREESBORO PKE,,,,519.00,Feet,North,FOREST VIEW DR,,,,0.00,N,Not at Intersection, ,Non-Junction,None,,,         ,Andrew,Brazee,Rain,Front to Rear,no,no,no,no,no,False
102451008,BERRY HILL POLICE DEPT,19-2783,Davidson,Nashville,7/18/2019 12:00:00 AM,2,0,0,36.110640,-86.767040,POWELL AV,,,,120.00,Feet,South,OLD POWELL AV,,,,0.00,N,Not at Intersection,N,"Driveway, Alley Access, etc",None,,,         ,John,Gleixner,Rain,Angle,no,no,no,no,no,False
102451013,METROPOLITAN NASHVILLE POLICE DEPT,20190537694,Davidson,Not in City Limit,7/18/2019 4:41:00 PM,2,0,0,36.263210,-86.757280,WESTCHESTER DR,,,,0.00,,,DICKERSON PKE,,,,0.00,Y,Four-Way, ,,None,,,         ,Christopher,Littles,,,no,no,no,no,no,False
102451014,METROPOLITAN NASHVILLE POLICE DEPT,20190537743,Davidson,Nashville,7/18/2019 4:43:00 PM,2,0,0,36.247160,-86.720870,GALLATIN PKES,,,,341.00,Feet,South,DUE WEST AVW,,,,0.00,N,Not at Intersection, ,Non-Junction,None,,,         ,Christopher,Littles,Cloudy,Front to Rear,no,no,no,no,no,False
102451019,METROPOLITAN NASHVILLE POLICE DEPT,20190537739,Davidson,Nashville,7/18/2019 4:50:00 PM,2,0,0,36.141210,-86.739520,MURFREESBORO PKE,,,,330.00,Feet,East,FOSTER AV,,,,0.00,N,Not at Intersection,N,Non-Junction,None,,,         ,Jesse,Cox,Clear,Angle,no,no,no,no,yes,False
102451023,METROPOLITAN NASHVILLE POLICE DEPT,20190537802,Davidson,Nashville,7/18/2019 12:00:00 AM,2,0,0,36.114550,-86.747220,CENTRAL AV,,,,31.00,Feet,West,NOLENSVILLE PKE,,,,0.00,N,Not at Intersection, ,Non-Junction,None,,,         ,Ryan,Sherry,Cloudy,Angle,no,no,no,no,no,False
102451038,METROPOLITAN NASHVILLE POLICE DEPT,20190537470,Davidson,Nashville,7/18/2019 12:30:00 PM,2,0,0,36.188010,-86.775370,I 24,,,,0.00,,,,,,,47.05,N,Not at Intersection, ,Entrance/Exit Ramp Related,None,,,         ,Ryan,Fink,Clear,Not Collision with Motor Vehicle in Transport,no,no,no,no,yes,False
102451041,METROPOLITAN NASHVILLE POLICE DEPT,20190537789,Davidson,Nashville,7/18/2019 5:30:00 PM,3,0,0,36.129310,-86.773140,I 65,,,,0.00,,,,,,,81.00,N,Not at Intersection,Y,Non-Junction,None,,,         ,Heather,Fox,Clear,Front to Rear,no,no,no,no,yes,False
102451042,METROPOLITAN NASHVILLE POLICE DEPT,20190537826,Davidson,Nashville,7/18/2019 5:39:00 PM,2,0,0,36.099080,-86.764050,I 65,,,,0.00,,,,,,,79.00,N,Not at Intersection,N,Non-Junction,None,,,         ,Randy,Puckett,Cloudy,Front to Rear,no,no,no,no,yes,False
102451044,METROPOLITAN NASHVILLE POLICE DEPT,20190537666,Davidson,Nashville,7/18/2019 4:26:00 PM,3,1,0,36.162230,-86.774360,1ST AVS,,,,0.00,,,1ST AVN,,,,0.00,Y,T-Intersection, ,Intersection,None,,,         ,Michael,Douglas,Cloudy,Front to Rear,no,no,no,no,yes,False
102451048,METROPOLITAN NASHVILLE POLICE DEPT,20190537723,Davidson,Goodlettsville,7/18/2019 4:50:00 PM,2,0,0,36.294660,-86.701150,GALLATIN PKEN,,,,107.00,Feet,North,MCHENRY CENTER PVTDR,,,,0.00,N,Not at Intersection, ,Non-Junction,None,,,         ,Andrew,Ramirez,Clear,"Sideswipe, Same Direction",no,no,no,no,no,False
102451049,METROPOLITAN NASHVILLE POLICE DEPT,20190537753,Davidson,Goodlettsville,7/18/2019 5:05:00 PM,1,1,0,36.295810,-86.700150,GALLATIN PKEN,,,,59.00,Feet,North,RIVERGATE STATION PVTDR,,,,0.00,N,Not at Intersection,N,Non-Junction,None,,,         ,Andrew,Ramirez,Clear,Not Collision with Motor Vehicle in Transport,yes,no,no,no,no,False
102451055,METROPOLITAN NASHVILLE POLICE DEPT,20190537703,Davidson,Nashville,7/18/2019 4:45:00 PM,2,1,0,36.073400,-86.920650,OLD HICKORY BLVD,,,,94.00,Feet,North,BELLEVUE VALLEY PLAZA PVTDR,,,,0.00,N,Not at Intersection,N,Non-Junction,None,,,         ,Edward,Starke,Cloudy,Front to Rear,no,no,no,no,no,False
102451062,METROPOLITAN NASHVILLE POLICE DEPT,20190537841,Davidson,Nashville,7/18/2019 5:55:00 PM,2,1,0,36.168160,-86.690160,LEBANON PKE,,,,0.00,,,BRILEY PKWY S EXT RAMP,,,,0.00,Y,T-Intersection,N,Non-Junction,None,,,         ,Samuel,Sundra,Clear,Front to Rear,no,no,no,no,no,False
102451076,VANDERBILT UNIVERSITY POLICE,20190537672,Davidson,Nashville,7/18/2019 4:00:00 PM,2,0,0,36.142600,-86.805750,HIGHLAND AV,,,,240.00,Feet,East,25TH AVS,,,,0.00,N,Not at Intersection, ,Non-Junction,None,,,         ,Martin,Hill,Rain,Angle,no,no,no,no,no,Campus
102451080,METROPOLITAN NASHVILLE POLICE DEPT,20190537897,Davidson,Not in City Limit,7/18/2019 5:31:00 PM,1,0,0,36.324350,-86.771100,BRICK CHURCH PKE,,,,592.00,Feet,West,UNION HILL RD,,,,0.00,N,Not at Intersection,N,Non-Junction,None,,,         ,Christopher,Littles,Cloudy,Not Collision with Motor Vehicle in Transport,no,no,no,no,no,False