master_record_number,agency,agency_tracking_number,county,city,collision_date,vehicles_involved,number_injured,number_dead,latitude,longitude,roadway_name,roadway_suffix,roadway_number,roadway_local_id,distance_from_reference,miles-feet_indicator,direction_from_reference,intersection_road_name,intersection_road_name_suffix,intersection_road_number,intersection_local_id,mile_marker,intersection_indicator,intersect_type,interchange_related_indicator,relation_to_junction,work_zone_type,construction_maintenance_zone,construction_maintenance_zone_location,fatal_case_number,officer_first_name,officer_last_name,weather_condition(s),manner_of_crash,pedestrian,bicycle,scooter,parking,hitrun,mou
102452019,METROPOLITAN NASHVILLE POLICE DEPT,20190540082,Davidson,Nashville,7/19/2019 2:54:00 PM,2,1,0,36.116020,-86.789620,I 440,,,,0.00,,,,,,,4.00,N,Not at Intersection, ,Non-Junction,Construction Zone,,,         ,FELIKS,ABRAHAMYAN,Clear,Front to Rear,no,no,no,no,no,False
102452027,METROPOLITAN NASHVILLE POLICE DEPT,20190540123,Davidson,Nashville,7/19/2019 3:05:00 PM,2,0,0,36.120000,-86.802610,I 440,,,,0.00,,,,,,,3.00,N,Not at Intersection, ,,Construction Zone,,,         ,Heather,Fox,,,no,no,no,no,no,False
102452029,METROPOLITAN NASHVILLE POLICE DEPT,20190540022,Davidson,Nashville,7/19/2019 2:05:00 PM,3,1,0,36.145740,-86.696160,BRILEY PKWY S EXT RAMP,,,,0.00,,,I40 W ENT RAMP,,,,0.00,Y,Y-Intersection,Y,Entrance/Exit Ramp Related,None,,,         ,Zachary,Scott,Clear,"Sideswipe, Same Direction",no,no,no,no,no,False
102452045,METROPOLITAN NASHVILLE POLICE DEPT,20190540049,Davidson,Nashville,7/19/2019 2:30:00 PM,2,0,0,36.160580,-86.775350,3RD AVS,,,,50.00,Feet,North,SHELBY ST PEDESTRIAN BRIDGE GR,,,,0.00,N,Not at Intersection,N,"Driveway, Alley Access, etc",None,,,         ,Joshua,Reece,Clear,Angle,no,no,no,no,no,False
102452056,METROPOLITAN NASHVILLE POLICE DEPT,20190540069,Davidson,Nashville,7/19/2019 2:24:00 PM,2,0,0,36.110820,-86.722560,I 24,,,,0.00,,,,,,,53.60,N,Not at Intersection, ,Non-Junction,None,,,         ,Je-Marc,Sears,Clear,Front to Rear,no,no,no,no,no,False
102452064,METROPOLITAN NASHVILLE POLICE DEPT,20190540108,Davidson,Nashville,7/19/2019 2:40:00 PM,2,0,0,36.084800,-86.649610,UNA ANTIOCH PKE,,,,17.00,Feet,North,RANSOM VILLAGE WAY,,,,0.00,N,Not at Intersection, ,Non-Junction,None,,,         ,Marcus,Darden,Clear,Angle,no,no,no,no,no,False
102452077,METROPOLITAN NASHVILLE POLICE DEPT,20190540201,Davidson,Nashville,7/19/2019 3:17:00 PM,2,0,0,36.202460,-86.689080,STATE HWY 155,,,,396.00,Feet,North,EXIT 11,,,,0.00,N,Not at Intersection,N,Non-Junction,None,,,         ,Brady,Reynolds,Clear,"Sideswipe, Same Direction",no,no,no,no,yes,False
102452094,METROPOLITAN NASHVILLE POLICE DEPT,20190540191,Davidson,Nashville,7/19/2019 3:30:00 PM,2,0,0,36.171230,-86.767790,I 24,,,,0.00,,,,,,,48.40,N,Not at Intersection, ,Non-Junction,None,,,         ,Joseph,Bingham,Clear,Front to Rear,no,no,no,no,no,False
102452100,METROPOLITAN NASHVILLE POLICE DEPT,20190540200,Davidson,Nashville,7/19/2019 12:00:00 AM,2,2,0,36.112190,-86.922770,OLD HICKORY BLVD,,,,0.00,,,I40 W EXT RAMP,,,,0.00,Y,OTHER,N,Entrance/Exit Ramp Related,None,,,         ,Kelby,Dumond,Clear,Angle,no,no,no,no,no,False
102452109,METROPOLITAN NASHVILLE POLICE DEPT,20190540194,Davidson,Nashville,7/19/2019 2:45:00 PM,2,0,0,36.124430,-86.848430,HARDING PKE,,,,214.00,Feet,East,ROYAL OAKS CONDOS PVTDR,,,,0.00,N,Not at Intersection, ,"Driveway, Alley Access, etc",None,,,         ,Avery,Jackson,Clear,Angle,no,no,no,no,no,False
102452121,METROPOLITAN NASHVILLE POLICE DEPT,20190540289,Davidson,Nashville,7/19/2019 4:20:00 PM,2,0,0,36.094160,-86.634360,SMITH SPRINGS RD,,,,0.00,,,NED SHELTON RD,,,,0.00,Y,T-Intersection, ,,None,,,         ,Steven,Powers,,,no,no,no,no,no,False
102452132,METROPOLITAN NASHVILLE POLICE DEPT,20190539941,Davidson,Nashville,7/19/2019 1:23:00 PM,2,3,0,36.035490,-86.638660,CROSSINGS BLVD,,,,87.00,Feet,West,OLD FRANKLIN RD,,,,0.00,N,Not at Intersection,N,Non-Junction,None,,,         ,Jessie,Meadows,Clear,Front to Rear,no,no,no,no,no,False
102452133,METROPOLITAN NASHVILLE POLICE DEPT,20190540158,Davidson,Nashville,7/19/2019 2:36:00 PM,2,0,0,36.082600,-86.647250,SHUMATE LN,,,,133.00,Feet,West,MURFREESBORO PKE,,,,0.00,N,Not at Intersection, ,Non-Junction,None,,,         ,Taylor,Hurley,Clear,Angle,no,no,no,yes,yes,False
102452134,METROPOLITAN NASHVILLE POLICE DEPT,20190540298,Davidson,Nashville,7/19/2019 4:30:00 PM,2,0,0,36.172590,-86.762800,S 6TH ST,,,,0.00,,,WOODLAND ST,,,,0.00,Y,Four-Way,N,Intersection,None,,,         ,Riley,Brewer,Clear,Angle,no,no,no,no,yes,False
102452137,METROPOLITAN NASHVILLE POLICE DEPT,20190540180,Davidson,Nashville,7/19/2019 3:26:00 PM,2,1,0,36.093620,-86.610130,PRIEST LAKE DR,,,,0.00,,,WOOD BRIDGE DR,,,,0.00,Y,T-Intersection,N,Non-Junction,None,,,         ,Gabriel,Vasquez,Clear,Front to Rear,no,no,no,no,no,False
102452138,METROPOLITAN NASHVILLE POLICE DEPT,20190540243,Davidson,Nashville,7/19/2019 3:35:00 PM,2,0,0,36.151640,-86.786890,I40 E ENT RAMP,,,,0.00,,,I 40,,,,0.00,Y,Y-Intersection,N,Entrance/Exit Ramp Related,None,,,         ,FELIKS,ABRAHAMYAN,Clear,Front to Rear,no,no,no,no,no,False
102452139,GOODLETTSVILLE POLICE DEPT,19-26719,Davidson,Goodlettsville,7/19/2019 4:00:00 PM,2,0,0,36.307530,-86.704900,I 65,,,,0.00,,,,,,,95.80,N,Not at Intersection, ,Non-Junction,None,,,         ,Marcus,Zugelder,Clear,Front to Rear,no,no,no,no,no,False
102452147,METROPOLITAN NASHVILLE POLICE DEPT,20190540163,Davidson,Nashville,7/19/2019 3:20:00 PM,1,0,0,36.026780,-86.634550,I 24,,,,0.00,,,,,,,61.30,N,Not at Intersection, ,,None,,,         ,Laura,Williams,,,no,no,no,no,no,False
102452166,METROPOLITAN NASHVILLE POLICE DEPT,20190540120,Davidson,Nashville,7/19/2019 1:11:00 PM,1,0,0,36.204510,-86.725010,MCGAVOCK PKE,,,,192.00,Feet,West,RIVERSIDE DR,,,,0.00,N,Not at Intersection,N,Non-Junction,None,,,         ,Trevor,Jones,Clear,Not Collision with Motor Vehicle in Transport,no,no,no,no,yes,False
102452181,METROPOLITAN NASHVILLE POLICE DEPT,20190537756,Davidson,Nashville,7/18/2019 4:30:00 PM,2,1,0,36.156640,-86.818710,28TH AVN,,,,94.00,Feet,North,DELAWARE AV,,,,0.00,N,Not at Intersection, ,Non-Junction,None,,,         ,Justin,Vaughn,Clear,Front to Rear,no,no,no,no,no,False
102452194,METROPOLITAN NASHVILLE POLICE DEPT,20190540439,Davidson,Nashville,7/19/2019 4:55:00 PM,2,0,0,36.166290,-86.765640,SHELBY AV,,,,48.00,Feet,East,I24 E EXT RAMP,,,,0.00,N,Not at Intersection,N,Non-Junction,None,,,         ,Riley,Brewer,Clear,Front to Rear,no,no,no,no,yes,False
102452195,BERRY HILL POLICE DEPT,19-2799,Davidson,Berry Hill,7/19/2019 3:32:00 PM,2,0,0,36.118860,-86.774590,FRANKLIN PKE,,,,0.00,,,BERRY RD,,,,0.00,Y,Four-Way, ,,None,,,         ,Dawn,Thornsberry,,,no,no,no,no,no,False
102452199,METROPOLITAN NASHVILLE POLICE DEPT,20190540196,Davidson,Nashville,7/19/2019 12:00:00 AM,2,1,0,36.141980,-86.711840,I 40,,,,0.00,,,,,,,214.10,N,Not at Intersection,N,Non-Junction,None,,,         ,Darci,Stechman,Clear,Front to Rear,no,no,no,no,no,False
102452201,METROPOLITAN NASHVILLE POLICE DEPT,20190540164,Davidson,Nashville,7/19/2019 2:18:00 PM,2,0,0,36.195170,-86.739520,CHESTER AV,,,,119.00,Feet,East,CHAPEL AV,,,,0.00,N,Not at Intersection,N,Non-Junction,None,,,         ,Richard,Conger,Clear,"Sideswipe, Same Direction",no,no,no,no,yes,False
102452202,METROPOLITAN NASHVILLE POLICE DEPT,20190540337,Davidson,Nashville,7/19/2019 3:41:00 PM,2,0,0,36.106180,-86.816430,ABBOTT MARTIN RD,,,,127.00,Feet,West,BANDYWOOD DR,,,,0.00,N,Not at Intersection, ,"Driveway, Alley Access, etc",None,,,         ,Ryan,Allen,Clear,Angle,no,no,no,no,no,False
102452206,METROPOLITAN NASHVILLE POLICE DEPT,20190540284,Davidson,Nashville,7/19/2019 4:24:00 PM,2,0,0,36.206960,-86.791810,W TRINITY LN,,,,63.00,Feet,West,WHITES CREEK PKE,,,,0.00,N,Not at Intersection, ,Non-Junction,None,,,         ,Janelle,Keslar,Clear,Other,no,no,no,no,no,False
102452212,METROPOLITAN NASHVILLE POLICE DEPT,20190540413,Davidson,Nashville,7/19/2019 5:27:00 PM,2,1,0,36.134280,-86.780570,WEDGEWOOD AV,,,,0.00,,,BEECH AV,,,,0.00,Y,Four-Way, ,Intersection,None,,,         ,FELIKS,ABRAHAMYAN,Clear,Angle,no,no,no,no,no,False
102452213,METROPOLITAN NASHVILLE POLICE DEPT,2019-0540406,Davidson,Nashville,7/19/2019 4:30:00 PM,2,0,0,36.211910,-86.732370,GALLATIN PKE,,,,131.00,Feet,North,HART LN,,,,0.00,N,Not at Intersection, ,Non-Junction,None,,,         ,Christopher,Beery,Clear,"Sideswipe, Same Direction",no,no,no,no,no,False
102452228,METROPOLITAN NASHVILLE POLICE DEPT,20190540384,Davidson,Nashville,7/19/2019 4:27:00 PM,2,1,0,36.068900,-86.632890,MURFREESBORO PKE,,,,727.00,Feet,North,FOREST VIEW DR,,,,0.00,N,Not at Intersection,N,Non-Junction,None,,,         ,Andrew,Brazee,Clear,Angle,no,no,no,no,no,False
102452230,METROPOLITAN NASHVILLE POLICE DEPT,20190540242,Davidson,Nashville,7/19/2019 2:19:00 PM,2,0,0,36.082100,-86.761700,HARDING PL,,,,0.00,,,SIDCO DR,,,,0.00,Y,Four-Way,Y,Entrance/Exit Ramp Related,None,,,         ,Jacob,Robbins,Clear,Front to Rear,no,no,no,no,no,False
102452232,METROPOLITAN NASHVILLE POLICE DEPT,20190540356,Davidson,Nashville,7/19/2019 5:00:00 PM,2,0,0,36.154830,-86.763340,LINDSLEY AV,,,,0.00,,,ANTHES DR,,,,0.00,Y,Four-Way, ,Intersection-Related,None,,,         ,Theodore,Flick,Clear,Angle,no,no,no,no,no,False
102452240,METROPOLITAN NASHVILLE POLICE DEPT,20190540444,Davidson,Nashville,7/19/2019 5:40:00 PM,2,0,0,36.115910,-86.810590,HILLSBORO PKE,,,,44.00,Feet,North,HAMPTON PL,,,,0.00,N,Not at Intersection,N,Non-Junction,None,,,         ,Heather,Fox,Clear,Front to Rear,no,no,no,no,no,False
102452242,METROPOLITAN NASHVILLE POLICE DEPT,20190540086,Davidson,Nashville,7/19/2019 2:02:00 PM,2,0,0,36.159370,-86.792250,I 40,,,,0.00,,,,,,,208.85,N,Not at Intersection, ,Non-Junction,None,,,         ,Darryl,Williams,Clear,Front to Rear,no,no,no,no,yes,False
102452244,METROPOLITAN NASHVILLE POLICE DEPT,20190540094,Davidson,Nashville,7/19/2019 12:12:00 PM,2,0,0,36.071730,-86.683830,ANTIOCH PKE,,,,202.00,Feet,South,CHEROKEE PL,,,,0.00,N,Not at Intersection,N,OtherLocation,None,,,         ,Aimee,Ortiz,Clear,Rear to Rear,no,no,no,yes,no,False
102452252,METROPOLITAN NASHVILLE POLICE DEPT,20190540412,Davidson,Nashville,7/19/2019 4:44:00 PM,2,2,0,36.167850,-86.820760,ED TEMPLE BLVD,,,,22.00,Feet,North,JEFFERSON ST,,,,0.00,N,Not at Intersection, ,Non-Junction,None,,,         ,Justin,Vaughn,Clear,Front to Rear,no,no,no,no,yes,False
102452256,METROPOLITAN NASHVILLE POLICE DEPT,20190540435,Davidson,Nashville,7/19/2019 4:52:00 PM,2,0,0,36.167740,-86.746290,SEVIER CT,,,,51.00,Feet,West,VILLAGE CT,,,,0.00,N,Not at Intersection,N,Non-Junction,None,,,         ,Trevor,Jones,Clear,Angle,no,no,no,no,yes,False
102452286,METROPOLITAN NASHVILLE POLICE DEPT,20190540598,Davidson,Nashville,7/19/2019 5:16:00 PM,2,1,0,36.120430,-86.750610,MELROSE AV,,,,0.00,,,GRANDVIEW AV,,,,0.00,Y,T-Intersection, ,Intersection,None,,,         ,FELIKS,ABRAHAMYAN,Clear,Front to Rear,no,no,no,no,no,False
102452295,METROPOLITAN NASHVILLE POLICE DEPT,20190540392,Davidson,Nashville,7/19/2019 5:04:00 PM,2,0,0,36.137560,-86.726550,I40 E ENT RAMP,,,,0.00,Feet,East,I 24,,,,0.00,N,Not at Intersection, ,Non-Junction,None,,,         ,Steven,Powers,Cloudy,Front to Rear,no,no,no,no,no,False
102452296,METROPOLITAN NASHVILLE POLICE DEPT,20190540515,Davidson,Nashville,7/19/2019 5:21:00 PM,2,1,0,36.142580,-86.708210,I 40,,,,0.00,,,,,,,214.30,N,Not at Intersection,N,Non-Junction,None,,,         ,Steven,Powers,Cloudy,Front to Rear,no,no,no,no,no,False
102452304,METROPOLITAN NASHVILLE POLICE DEPT,20190540576,Davidson,Nashville,7/19/2019 6:20:00 PM,3,2,0,36.184340,-86.748140,GALLATIN AV,,,,141.00,Feet,South,CHICAMAUGA AV,,,,0.00,N,Not at Intersection,N,Non-Junction,None,,,         ,Gregory,Cenicola,Clear,Front to Rear,no,no,no,no,no,False
102452305,METROPOLITAN NASHVILLE POLICE DEPT,20190540417,Davidson,Nashville,7/19/2019 4:18:00 PM,2,0,0,36.129950,-86.715130,US HWY 41,,,,211.00,Feet,West,CONNECTING ROAD,,,,0.00,N,Not at Intersection,N,Non-Junction,None,,,         ,Brady,Reynolds,Clear,Angle,no,no,no,yes,yes,False
102452306,METROPOLITAN NASHVILLE POLICE DEPT,20190540531,Davidson,Nashville,7/19/2019 6:00:00 PM,2,1,0,36.141830,-86.674980,I 40,,,,0.00,,,,,,,215.00,N,Not at Intersection,N,Non-Junction,None,,,         ,Brady,Reynolds,Clear,Not Collision with Motor Vehicle in Transport,no,no,no,no,no,False
102452316,METROPOLITAN NASHVILLE POLICE DEPT,20190540657,Davidson,Nashville,7/19/2019 6:01:00 PM,2,0,0,36.096850,-86.653240,REYNOLDS RD,,,,17.00,Feet,North,SMITH SPRINGS RD,,,,0.00,N,Not at Intersection,N,Non-Junction,None,,,         ,Brady,Reynolds,Clear,Front to Rear,no,no,no,no,yes,False
102452341,METROPOLITAN NASHVILLE POLICE DEPT,20190540590,Davidson,Nashville,7/19/2019 6:28:00 PM,2,1,0,36.140880,-86.719290,I 40,,,,0.00,,,,,,,213.70,N,Not at Intersection,N,Non-Junction,None,,,         ,Jason,Milyaro Lucas,Clear,Front to Rear,no,no,no,no,no,False
102452348,METROPOLITAN NASHVILLE POLICE DEPT,20190540954,Davidson,Nashville,7/19/2019 6:30:00 PM,2,0,0,36.116040,-86.790120,I 440,,,,0.00,,,,,,,4.00,N,Not at Intersection, ,Non-Junction,Construction Zone,,,         ,Eric,Snyder,Clear,Front to Rear,no,no,no,no,no,False
102452350,METROPOLITAN NASHVILLE POLICE DEPT,20190540349,Davidson,Nashville,7/19/2019 4:59:00 PM,3,0,0,36.110420,-86.783100,WOODMONT BLVD,,,,163.00,Feet,East,GENERAL BATE DR,,,,0.00,N,Not at Intersection,N,Non-Junction,None,,,         ,Jarrett,Ipox,Clear,Front to Rear,no,no,no,no,no,False
102452354,METROPOLITAN NASHVILLE POLICE DEPT,20190540563,Davidson,Nashville,7/19/2019 5:38:00 PM,2,0,0,36.110290,-86.800350,GRAYBAR LN,,,,0.00,,,BELMONT BLVD,,,,0.00,Y,Four-Way,N,Intersection,None,,,         ,Cynthia,Quirouette,Clear,Angle,no,no,no,no,no,False
102452356,METROPOLITAN NASHVILLE POLICE DEPT,20190540369,Davidson,Not in City Limit,7/19/2019 5:15:00 PM,2,0,0,36.262290,-86.711560,E OLD HICKORY BLVD,,,,194.00,Feet,East,GALLATIN PKES,,,,0.00,N,Not at Intersection, ,,None,,,         ,Evan,Grace,,,no,no,no,no,no,False
102452363,METROPOLITAN NASHVILLE POLICE DEPT,20190540593,Davidson,Nashville,7/19/2019 6:25:00 PM,3,0,0,36.144290,-86.695230,I 40,,,,0.00,,,,,,,215.00,N,Not at Intersection,N,Non-Junction,None,,,         ,Gabriel,Vasquez,Clear,Angle,no,no,no,no,yes,False
102452376,METROPOLITAN NASHVILLE POLICE DEPT,20190540396,Davidson,Nashville,7/19/2019 3:52:00 PM,2,0,0,36.153170,-86.764540,I 40,,,,0.00,,,,,,,210.70,N,Not at Intersection,N,Entrance/Exit Ramp Related,None,,,         ,Christopher,Augustin,Clear,Front to Rear,no,no,no,no,no,False
102452400,METROPOLITAN NASHVILLE POLICE DEPT,20190540901,Davidson,Nashville,7/19/2019 8:49:00 PM,2,2,0,36.107340,-86.629860,BELL RD,,,,71.00,Feet,North,RAMP,,,,0.00,N,Not at Intersection,N,Non-Junction,None,,,         ,Brady,Reynolds,Clear,Angle,no,no,no,no,no,False
102452407,METROPOLITAN NASHVILLE POLICE DEPT,20190540619,Davidson,Not in City Limit,7/19/2019 6:55:00 PM,2,0,0,36.282050,-86.731680,I 65,,,,0.00,,,,,,,93.50,N,Not at Intersection,N,Non-Junction,None,,,         ,John,Walden,Clear,Front to Rear,no,no,no,no,no,False
102452432,METROPOLITAN NASHVILLE POLICE DEPT,20190541024,Davidson,Nashville,7/19/2019 9:30:00 PM,2,2,0,36.053150,-86.742960,EDMONDSON PKE,,,,345.00,Feet,North,HUNTINGTON PKWY,,,,0.00,N,Not at Intersection,N,Non-Junction,None,,,         ,FELIKS,ABRAHAMYAN,Clear,HeadOn,no,no,no,no,no,False
102452433,METROPOLITAN NASHVILLE POLICE DEPT,20190540953,Davidson,Nashville,7/19/2019 9:04:00 PM,2,1,0,36.074800,-86.638950,MURFREESBORO PKE,,,,146.00,Feet,North,RURAL HILL RD,,,,0.00,N,Not at Intersection,N,Non-Junction,None,,,         ,Deandera,Payne,Clear,Angle,no,no,no,no,no,False
102452448,METROPOLITAN NASHVILLE POLICE DEPT,20190540911,Davidson,Nashville,7/19/2019 8:55:00 PM,3,1,0,36.129660,-86.714930,MURFREESBORO PKE,,,,95.00,Feet,West,MILLWOOD DR,,,,0.00,N,Not at Intersection,N,Non-Junction,None,,,         ,Christopher,Augustin,Clear,Front to Rear,no,no,no,no,yes,False
102452460,METROPOLITAN NASHVILLE POLICE DEPT,20190540966,Davidson,Nashville,7/19/2019 9:08:00 PM,1,0,0,36.066240,-86.644310,RURAL HILL RD,,,,543.00,Feet,North,EVANFIELD CT,,,,0.00,N,Not at Intersection,N,Non-Junction,None,,,         ,Taylor,Hurley,Clear,Not Collision with Motor Vehicle in Transport,no,no,no,no,yes,False
102452503,METROPOLITAN NASHVILLE POLICE DEPT,20190541155,Davidson,Nashville,7/19/2019 10:39:00 PM,2,2,0,36.069540,-86.693450,HAYWOOD LN,,,,141.00,Feet,East,EZELL RD,,,,0.00,N,Not at Intersection, ,Non-Junction,None,,,         ,Marcus,Darden,Clear,Angle,no,no,no,no,no,False
102452538,METROPOLITAN NASHVILLE POLICE DEPT,2019-0541413,Davidson,Nashville,7/20/2019 12:30:00 AM,2,0,0,36.141210,-86.731620,I 40,,,,0.00,,,,,,,213.00,N,Not at Intersection, ,,None,,,         ,Joshua,McGarvey,,,no,no,no,no,no,False
102452563,METROPOLITAN NASHVILLE POLICE DEPT,20190541296,Davidson,Nashville,7/19/2019 9:45:00 PM,2,0,0,36.128780,-86.910420,RIVER RD,,,,0.00,,,,,,,0.00,,, ,,None,,,         ,Joshua,Asbell,,,no,no,no,yes,no,False
102452565,METROPOLITAN NASHVILLE POLICE DEPT,20190541212,Davidson,Nashville,7/19/2019 9:24:00 PM,2,0,0,36.171480,-86.768900,JAMES ROBERTSON PKWY,,,,44.00,Feet,East,INTERSTATE DR,,,,0.00,N,Not at Intersection, ,OtherLocation,None,,,         ,Kelcey,Bell,Clear,"Sideswipe, Same Direction",no,no,no,no,no,False
102452580,METROPOLITAN NASHVILLE POLICE DEPT,20190541384,Davidson,Nashville,7/19/2019 7:45:00 PM,1,0,0,36.072330,-86.598340,DOVE CREEK RD,,,,219.00,Feet,North,QUAISE MOORE,,,,0.00,N,Not at Intersection, ,Non-Junction,None,,,         ,Michael,Griggs,Unknown,Not Collision with Motor Vehicle in Transport,no,no,no,no,no,False
102452581,METROPOLITAN NASHVILLE POLICE DEPT,20190541610,Davidson,Nashville,7/20/2019 2:35:00 AM,2,2,0,36.064790,-86.628480,HAMILTON CHURCH RD,,,,0.00,Feet,North,MURFREESBORO PKE,,,,0.00,N,Not at Intersection,N,Non-Junction,None,,,         ,Alex,DiBernardo,Clear,HeadOn,no,no,no,no,no,False
102452584,METROPOLITAN NASHVILLE POLICE DEPT,20190541675,Davidson,Nashville,7/20/2019 3:07:00 AM,2,0,0,36.155040,-86.797520,18TH AVN,,,,0.00,,,CHURCH ST,,,,0.00,Y,Four-Way, ,Intersection-Related,None,,,         ,Dakota,Vermillion,Clear,Front to Rear,no,no,no,no,no,False
102452585,METROPOLITAN NASHVILLE POLICE DEPT,20190541444,Davidson,Nashville,7/20/2019 12:00:00 AM,1,1,0,36.085760,-86.664320,FRANKLIN LIMESTONE RD,,,,1040.00,Feet,West,FRANKLIN LIMESTONE CT,,,,0.00,N,Not at Intersection,N,Non-Junction,None,,,         ,Derrick,Toney,Clear,Not Collision with Motor Vehicle in Transport,no,no,no,no,yes,False
102452595,METROPOLITAN NASHVILLE POLICE DEPT,20190541339,Davidson,Nashville,7/20/2019 12:03:00 AM,2,1,0,36.247710,-86.720530,GALLATIN PKES,,,,118.00,Feet,South,DUE WEST AVW,,,,0.00,N,Not at Intersection,N,Non-Junction,None,,,         ,Jonathan,Phipps,Clear,"Sideswipe, Same Direction",no,no,no,no,no,False
102452601,METROPOLITAN NASHVILLE POLICE DEPT,20190541666,Davidson,Nashville,7/20/2019 12:00:00 AM,2,0,0,36.151440,-86.804000,ELLISTON PL,,,,123.00,Feet,South,22ND AVN,,,,0.00,N,Not at Intersection,N,Non-Junction,None,,,         ,Brian,Warstadt,Clear,Unknown,no,no,no,yes,yes,Campus
102452622,METROPOLITAN NASHVILLE POLICE DEPT,20190541567,Davidson,Nashville,7/19/2019 10:30:00 PM,2,0,0,36.133400,-86.723000,PLUS PARK BLVD,,,,254.00,Feet,North,PAVILION BLVD,,,,0.00,N,Not at Intersection, ,,None,,,         ,Brenda,Navarro,,,no,no,no,yes,no,False
102452624,METROPOLITAN NASHVILLE POLICE DEPT,20190541812,Davidson,Nashville,7/20/2019 3:30:00 AM,2,0,0,36.045360,-86.658840,I 24,,,,0.00,,,,,,,59.40,N,Not at Intersection,Y,Non-Junction,None,,,         ,Derrick,Toney,Clear,Front to Rear,no,no,no,no,yes,False
102452625,METROPOLITAN NASHVILLE POLICE DEPT,20190541754,Davidson,Nashville,7/20/2019 3:58:00 AM,1,0,0,36.136080,-86.727270,I24 E EXT RAMP,,,,54.00,Feet,North,I 24,,,,0.00,N,Not at Intersection,N,Entrance/Exit Ramp Related,None,,,         ,David,Moser,Clear,Not Collision with Motor Vehicle in Transport,no,no,no,no,yes,False
102452635,METROPOLITAN NASHVILLE POLICE DEPT,20190541867,Davidson,Old Hickory,7/20/2019 5:35:00 AM,2,0,0,36.245830,-86.639160,OLD HICKORY BLVD,,,,166.00,Feet,East,28TH ST,,,,0.00,N,Not at Intersection,N,Non-Junction,None,,,         ,Douglas,Meringer,Clear,"Sideswipe, Same Direction",no,no,no,no,yes,False
102452642,METROPOLITAN NASHVILLE POLICE DEPT,20190541790,Davidson,Nashville,7/20/2019 4:25:00 AM,2,0,0,36.047840,-86.612050,MURFREESBORO PKE,,,,1284.00,Feet,North,MOUNTAIN SPRINGS RD,,,,0.00,N,Not at Intersection,N,Non-Junction,None,,,         ,David,Moser,Clear,Angle,no,no,no,no,yes,False
102452657,METROPOLITAN NASHVILLE POLICE DEPT,20190526255,Davidson,Nashville,7/14/2019 6:40:00 AM,2,0,0,36.045620,-86.658500,I24 W ENT RAMP,,,,0.00,,,I 24,,,,0.00,Y,Four-Way,Y,Intersection,None,,,         ,Amy,Hirschmann,Cloudy,Angle,no,no,no,no,yes,False
102452658,METROPOLITAN NASHVILLE POLICE DEPT,20190526521,Davidson,Nashville,7/13/2019 5:15:00 PM,2,0,0,36.045430,-86.640230,BABY RUTH LN,,,,793.00,Feet,North,MT VIEW RD,,,,0.00,N,Not at Intersection,N,Non-Junction,None,,,         ,Amy,Hirschmann,Unknown,Unknown,no,no,no,yes,yes,False
102452692,METROPOLITAN NASHVILLE POLICE DEPT,20190541934,Davidson,Antioch,7/20/2019 4:30:00 AM,1,0,0,36.050800,-86.613200,MURFREESBORO RD,,,,300.00,Feet,West,MURFREESBORO,RD,SR,,0.00,N,Not at Intersection,N,Non-Junction,None,,,         ,Gerald,Gomes,Clear,Not Collision with Motor Vehicle in Transport,no,no,no,no,no,False
102452693,METROPOLITAN NASHVILLE POLICE DEPT,20190541958,Davidson,Nashville,7/20/2019 7:05:00 AM,1,0,0,36.188300,-86.593360,TULIP GROVE RD,,,,267.00,Feet,North,STROMBURY DR,,,,0.00,N,Not at Intersection,N,Non-Junction,None,,,         ,Michael,Brooks,Cloudy,Not Collision with Motor Vehicle in Transport,no,no,no,no,no,False
102452711,BERRY HILL POLICE DEPT,19-2798,Davidson,Berry Hill,7/19/2019 12:19:00 PM,3,2,0,36.112370,-86.767610,THOMPSON LN,,,,119.00,Feet,East,W IRIS DR,,,,0.00,N,Not at Intersection,N,Non-Junction,None,,,         ,Rick,Willliams,Clear,Front to Rear,no,no,no,no,no,False
102452715,METROPOLITAN NASHVILLE POLICE DEPT,20190542029,Davidson,Nashville,7/20/2019 12:00:00 AM,1,0,0,36.093660,-86.735590,NATCHEZ CT,,,,230.00,Feet,East,NOLENSVILLE PKE,,,,0.00,N,Not at Intersection,N,Non-Junction,None,,,         ,Joseph,Simon,Unknown,Not Collision with Motor Vehicle in Transport,no,no,no,yes,yes,False
102452717,METROPOLITAN NASHVILLE POLICE DEPT,20190542018,Davidson,Nashville,7/20/2019 7:53:00 AM,2,0,0,36.193370,-86.833710,JOHN MALLETTE DR,,,,0.00,,,COUNTY HOSPITAL RD,,,,0.00,Y,Four-Way, ,Intersection,None,,,         ,Zachary,Goodall,Clear,Front to Rear,no,no,no,no,no,False
102452731,METROPOLITAN NASHVILLE POLICE DEPT,20190542080,Davidson,Nashville,7/20/2019 8:17:00 AM,2,0,0,36.159540,-86.796410,CHARLOTTE AV,,,,68.00,Feet,East,16TH AVN,,,,0.00,N,Not at Intersection,N,Non-Junction,None,,,         ,William,Caillouette,Cloudy,Front to Rear,no,no,no,no,yes,False
102452732,Nashville Airport Police,2019-03036,Davidson,Nashville,7/17/2019 9:15:00 AM,2,0,0,36.130696,-88.383827,TERMINAL DR,,,,5.00,Feet,West,DENELDSON,PIKE,US,,0.00,N,Not at Intersection, ,Non-Junction,None,,,         ,Brian,Robbins,Rain,Rear to Side,no,no,no,yes,no,False