master_record_number,agency,agency_tracking_number,county,city,collision_date,vehicles_involved,number_injured,number_dead,latitude,longitude,roadway_name,roadway_suffix,roadway_number,roadway_local_id,distance_from_reference,miles-feet_indicator,direction_from_reference,intersection_road_name,intersection_road_name_suffix,intersection_road_number,intersection_local_id,mile_marker,intersection_indicator,intersect_type,interchange_related_indicator,relation_to_junction,work_zone_type,construction_maintenance_zone,construction_maintenance_zone_location,fatal_case_number,officer_first_name,officer_last_name,weather_condition(s),manner_of_crash,pedestrian,bicycle,scooter,parking,hitrun,mou
102455672,METROPOLITAN NASHVILLE POLICE DEPT,20190549471,Davidson,Nashville,7/23/2019 12:50:00 PM,1,0,0,36.168990,-86.683070,LEBANON PKE,,,,213.00,Feet,West,FAIRWAY DR,,,,0.00,N,Not at Intersection, ,Non-Junction,None,,,         ,Thomas,Odom,Clear,Not Collision with Motor Vehicle in Transport,no,no,no,yes,no,False
102455678,METROPOLITAN NASHVILLE POLICE DEPT,20190549235,Davidson,Nashville,7/23/2019 10:38:00 AM,2,0,0,36.161200,-86.792680,CHARLOTTE AV,,,,0.00,,,GEORGE L DAVIS BLVD,,,,0.00,Y,Four-Way, ,,Maintenance Zone,,,         ,Michael,Douglas,,,no,no,no,no,no,False
102455682,METROPOLITAN NASHVILLE POLICE DEPT,20190549525,Davidson,Nashville,7/23/2019 1:10:00 PM,2,0,0,35.992280,-86.684490,NOLENSVILLE RD,,,,161.00,Feet,South,OLD BURKITT RD,,,,0.00,N,Not at Intersection, ,Non-Junction,None,,,         ,Jessie,Meadows,Clear,Front to Rear,no,no,no,no,no,False
102455689,METROPOLITAN NASHVILLE POLICE DEPT,20190548994,Davidson,Nashville,7/23/2019 8:49:00 AM,2,0,0,36.168320,-86.813770,I40 E EXT RAMP,,,,0.00,Feet,East,I 40,,,,0.00,N,Not at Intersection, ,Non-Junction,None,,,         ,Anthony,Cavis,Clear,Front to Rear,no,no,no,no,no,False
102455691,METROPOLITAN NASHVILLE POLICE DEPT,20190549421,Davidson,Nashville,7/23/2019 12:15:00 PM,2,1,0,36.196070,-86.835200,CLARKSVILLE PKE,,,,17.00,Feet,West,ASHTON AV,,,,0.00,N,Not at Intersection,N,Non-Junction,None,,,         ,Denarius,Lawson,Clear,Front to Rear,no,no,no,no,no,False
102455692,METROPOLITAN NASHVILLE POLICE DEPT,20190549637,Davidson,Nashville,7/23/2019 12:55:00 PM,2,0,0,36.083170,-86.724510,WELCH RD,,,,39.00,Feet,West,SEVEN MILE CREEK HARDING MALL,,,,0.00,N,Not at Intersection,N,Non-Junction,None,,,         ,Adam,Warren,Clear,Front to Rear,no,no,no,no,yes,False
102455694,METROPOLITAN NASHVILLE POLICE DEPT,20190549515,Davidson,Nashville,7/23/2019 12:05:00 PM,2,0,0,36.087490,-86.730860,NOLENSVILLE PKE,,,,292.00,Feet,North,ELYSIAN FIELDS CT,,,,0.00,N,Not at Intersection, ,Non-Junction,None,,,         ,Natalia,Johnson,Clear,Angle,no,no,no,no,no,False
102455696,METROPOLITAN NASHVILLE POLICE DEPT,20190549627,Davidson,Nashville,7/23/2019 1:45:00 PM,2,0,0,36.118100,-86.768060,I 440,,,,0.00,,,,,,,5.25,N,Not at Intersection,N,Entrance/Exit Ramp Related,Construction Zone,Laneclosure,Activity Area,         ,Justin,Pinkelton,Clear,"Sideswipe, Same Direction",no,no,no,no,no,False
102455724,METROPOLITAN NASHVILLE POLICE DEPT,20190549587,Davidson,Nashville,7/23/2019 12:42:00 PM,2,0,0,36.166600,-86.764760,I 24,,,,0.00,,,,,,,49.00,N,Not at Intersection,N,Entrance/Exit Ramp Related,None,,,         ,Doyle,Price,Clear,Front to Rear,no,no,no,no,yes,False
102455733,METROPOLITAN NASHVILLE POLICE DEPT,20190549636,Davidson,Nashville,7/23/2019 1:54:00 PM,1,1,0,36.143100,-86.686150,I 40,,,,0.00,,,,,,,215.50,N,Not at Intersection,N,Non-Junction,None,,,         ,Ralph,Harvey,Cloudy,Not Collision with Motor Vehicle in Transport,no,no,no,no,no,False
102455752,METROPOLITAN NASHVILLE POLICE DEPT,20190549470,Davidson,Nashville,7/23/2019 12:40:00 PM,4,3,0,36.244230,-86.747180,I 65,,,,0.00,,,,,,,90.70,N,Not at Intersection,N,Non-Junction,None,,,         ,Nicholas,Smith,Clear,Angle,no,no,no,no,no,False
102455764,METROPOLITAN NASHVILLE POLICE DEPT,20190549711,Davidson,Nashville,7/23/2019 2:16:00 PM,2,0,0,36.112390,-86.922410,I40 W EXT RAMP,,,,0.00,Feet,East,I 40,,,,0.00,N,Not at Intersection, ,Entrance/Exit Ramp Related,None,,,         ,Jeremy,Huffine,Clear,Front to Rear,no,no,no,no,no,False
102455776,METROPOLITAN NASHVILLE POLICE DEPT,20190549631,Davidson,Nashville,7/23/2019 1:53:00 PM,2,0,0,36.133470,-86.819410,I 440,,,,0.00,,,,,,,1.70,N,Not at Intersection, ,Non-Junction,None,,,         ,Walter,Gray II,Cloudy,"Sideswipe, Same Direction",no,no,no,no,no,False
102455778,METROPOLITAN NASHVILLE POLICE DEPT,20190549663,Davidson,Nashville,7/23/2019 2:10:00 PM,3,0,0,36.193890,-86.831000,BUENA VISTA PKE,,,,100.00,Feet,North,CLARKSVILLE PKE,,,,0.00,N,Not at Intersection,N,Non-Junction,None,,,         ,William,Coy,Clear,Angle,no,no,no,no,no,False
102455805,METROPOLITAN NASHVILLE POLICE DEPT,20190549765,Davidson,Nashville,7/23/2019 2:50:00 PM,1,0,0,36.066180,-86.686030,I 24,,,,0.00,,,,,,,57.30,N,Not at Intersection, ,Non-Junction,None,,,         ,Eric,Laury,Clear,Not Collision with Motor Vehicle in Transport,no,no,no,no,no,False
102455813,METROPOLITAN NASHVILLE POLICE DEPT,20190549796,Davidson,Nashville,7/23/2019 3:20:00 PM,2,0,0,36.157480,-86.759830,I 24,,,,0.00,,,,,,,49.65,N,Not at Intersection, ,Non-Junction,None,,,         ,Cooper,HIll,Clear,"Sideswipe, Same Direction",no,no,no,no,no,False
102455822,METROPOLITAN NASHVILLE POLICE DEPT,20190549718,Davidson,Nashville,7/23/2019 2:50:00 PM,2,0,0,36.151270,-86.691610,ELM HILL PKE,,,,0.00,,,ELM HILL PKE EB EXT RAMP,,,,0.00,Y,Four-Way,N,Intersection,None,,,         ,Thomas,Odom,Clear,Angle,no,no,no,no,no,False
102455830,GOODLETTSVILLE POLICE DEPT,19-27337,Davidson,Goodlettsville,7/23/2019 3:32:00 PM,2,0,0,36.323320,-86.706830,LONG HOLLOW PKE,,,,110.00,Feet,West,I65 S ENT RAMP,,,,0.00,N,Not at Intersection, ,Non-Junction,None,,,         ,Shane,Farrell,Clear,Front to Rear,no,no,no,no,no,False
102455837,METROPOLITAN NASHVILLE POLICE DEPT,20190549903,Davidson,Nashville,7/23/2019 3:40:00 PM,2,0,0,36.211490,-86.797580,W NOCTURNE DR,,,,0.00,,West,E NOCTURNE DR,,,,0.00,N,Not at Intersection,N,Non-Junction,None,,,         ,Bryan,Musgrave,Clear,Front to Rear,no,no,no,no,no,False
102455840,METROPOLITAN NASHVILLE POLICE DEPT,20190549782,Davidson,Nashville,7/23/2019 3:18:00 PM,5,1,0,36.135270,-86.820240,I 440,,,,0.00,,,,,,,1.60,N,Not at Intersection,N,Non-Junction,Construction Zone,Laneclosure,Unknown,         ,FELIKS,ABRAHAMYAN,Clear,Front to Rear,no,no,no,no,no,False
102455842,Nashville Airport Police,2019-03126,Davidson,Nashville,7/22/2019 5:53:00 PM,1,1,0,36.137140,-86.665760,TERMINAL DR,,,,0.00,,,,,,,0.00,,Not at Intersection,N,Non-Junction,None,,,         ,Daniel,DePinto,Rain,Not Collision with Motor Vehicle in Transport,yes,no,no,yes,no,False
102455846,METROPOLITAN NASHVILLE POLICE DEPT,20190549966,Davidson,Nashville,7/23/2019 3:37:00 PM,2,0,0,36.191860,-86.780280,I 65,,,,0.00,,,,,,,86.30,N,Not at Intersection, ,Non-Junction,None,,,         ,Justin,Vaughn,Clear,Front to Rear,no,no,no,no,no,False
102455850,METROPOLITAN NASHVILLE POLICE DEPT,20190549983,Davidson,Nashville,7/23/2019 4:38:00 PM,2,1,0,36.144850,-86.711040,ELM HILL PKE,,,,0.00,,,MASSMAN DR,,,,0.00,Y,Four-Way,Y,Intersection,None,,,         ,Samuel,Sundra,Clear,HeadOn,no,no,no,no,no,False
102455859,METROPOLITAN NASHVILLE POLICE DEPT,20190549954,Davidson,Nashville,7/23/2019 4:24:00 PM,2,0,0,36.161040,-86.840310,TENNESSEE AV,,,,0.00,,,44TH AVN,,,,0.00,Y,OTHER, ,Intersection,None,,,         ,Walter,Gray II,Clear,Angle,no,no,no,no,no,False
102455864,METROPOLITAN NASHVILLE POLICE DEPT,20190550019,Davidson,Nashville,7/23/2019 4:54:00 PM,2,0,0,36.141340,-86.732080,I 40,,,,0.00,,,,,,,213.00,N,Not at Intersection,N,Non-Junction,None,,,         ,Samuel,Sundra,Clear,Front to Rear,no,no,no,no,no,False
102455867,METROPOLITAN NASHVILLE POLICE DEPT,20190549893,Davidson,Nashville,7/23/2019 3:55:00 PM,2,0,0,36.237860,-86.779790,BRILEY PKWY E ENT RAMP,,,,0.00,Feet,East,BRILEY PKWY E EXT RAMP,,,,0.00,N,Not at Intersection,N,Non-Junction,None,,,         ,Rodney,Phipps,Clear,Front to Rear,no,no,no,no,no,False
102455875,METROPOLITAN NASHVILLE POLICE DEPT,20190549974,Davidson,Nashville,7/23/2019 4:30:00 PM,2,0,0,36.169060,-86.682400,LEBANON PKE,,,,0.00,,,FAIRWAY DR,,,,0.00,Y,Four-Way,Y,Intersection,None,,,         ,John,Kelley,Clear,Angle,no,no,no,no,no,False
102455908,METROPOLITAN NASHVILLE POLICE DEPT,20190549886,Davidson,Nashville,7/23/2019 3:58:00 PM,3,1,0,36.217830,-86.597630,ANDREW JACKSON PKWY,,,,0.00,Feet,East,JACKSON MEADOWS DR,,,,0.00,N,Not at Intersection,Y,OtherLocation,None,,,         ,Terence,Mitchell,Clear,Angle,no,no,no,no,no,False
102455909,METROPOLITAN NASHVILLE POLICE DEPT,20190550066,Davidson,Nashville,7/23/2019 4:06:00 PM,2,0,0,36.216720,-86.624200,GRANWOOD BLVD,,,,203.00,Feet,West,OLD HICKORY BLVD,,,,0.00,N,Not at Intersection, ,,None,,,         ,Terence,Mitchell,,,no,no,no,no,no,False
102455910,METROPOLITAN NASHVILLE POLICE DEPT,20190550025,Davidson,Nashville,7/23/2019 4:22:00 PM,2,0,0,36.151670,-86.789520,DIVISION ST,,,,0.00,,,MUSIC CIRE,,,,0.00,Y,Four-Way, ,Intersection,None,,,         ,John,Roberson,Cloudy,"Sideswipe, Same Direction",no,no,no,no,no,False
102455914,METROPOLITAN NASHVILLE POLICE DEPT,20190550042,Davidson,Nashville,7/23/2019 5:05:00 PM,2,0,0,36.166580,-86.764890,SHELBY AV,,,,110.00,Feet,West,I24 W ENT RAMP,,,,0.00,N,Not at Intersection,N,Non-Junction,None,,,         ,Joshua,Reece,Clear,Front to Rear,no,no,no,no,no,False
102455916,METROPOLITAN NASHVILLE POLICE DEPT,20190550106,Davidson,Nashville,7/23/2019 5:34:00 PM,2,0,0,36.154480,-86.779450,8TH AVS,,,,0.00,,,8TH AVS,,,,0.00,Y,Roundabout, ,Intersection,None,,,         ,Joshua,Reece,Clear,Angle,no,no,no,no,no,False
102455917,METROPOLITAN NASHVILLE POLICE DEPT,20190550089,Davidson,Nashville,7/23/2019 4:54:00 PM,2,0,0,36.043330,-86.655840,I 24,,,,0.00,,,,,,,59.60,N,Not at Intersection, ,Non-Junction,None,,,         ,Andrew,Brazee,Clear,Front to Rear,no,no,no,no,no,False
102455922,METROPOLITAN NASHVILLE POLICE DEPT,20190549918,Davidson,Not in City Limit,7/23/2019 4:12:00 PM,3,0,0,36.272560,-86.694630,ANDERSON LN,,,,0.00,,,MAY DR,,,,0.00,Y,Four-Way,Y,Intersection,None,,,         ,Harold,Willmore IV,Clear,Angle,no,no,no,no,yes,False
102455923,METROPOLITAN NASHVILLE POLICE DEPT,20190550139,Davidson,Nashville,7/23/2019 5:05:00 PM,2,0,0,36.153730,-86.757680,I 40,,,,0.00,,,,,,,211.10,N,Not at Intersection,Y,Non-Junction,None,,,         ,Alexander,Spradling,Clear,Front to Rear,no,no,no,no,no,False
102455931,METROPOLITAN NASHVILLE POLICE DEPT,20190549710,Davidson,Not in City Limit,7/23/2019 2:30:00 PM,2,0,0,36.325020,-86.875830,I 24,,,,0.00,,,,,,,34.50,N,Not at Intersection, ,,None,,,         ,Peter,Kinsey,,,no,no,no,no,no,False
102455933,METROPOLITAN NASHVILLE POLICE DEPT,20190550243,Davidson,Nashville,7/23/2019 6:37:00 PM,2,0,0,36.214440,-86.730550,GALLATIN PKE,,,,21.00,Feet,South,STRATFORD AV,,,,0.00,N,Not at Intersection, ,Non-Junction,None,,,         ,Richard,Conger,Clear,Angle,no,no,no,no,no,False
102455936,METROPOLITAN NASHVILLE POLICE DEPT,20190549928,Davidson,Nashville,7/23/2019 3:46:00 PM,3,0,0,36.121700,-86.757730,I 440,,,,0.00,,,,,,,5.90,N,Not at Intersection,N,Non-Junction,Construction Zone,Laneclosure,Unknown,         ,FELIKS,ABRAHAMYAN,Clear,Front to Rear,no,no,no,no,no,False
102455937,VANDERBILT UNIVERSITY POLICE,19-0550157,Davidson,Nashville,7/23/2019 5:30:00 PM,2,1,0,36.142490,-86.800060,21ST AVS,,,,105.00,Feet,South,MEDICAL CENTER DR,,,,0.00,N,Not at Intersection, ,Non-Junction,None,,,         ,Cedric,Roach,Clear,Front to Rear,no,no,no,no,no,Campus
102455950,METROPOLITAN NASHVILLE POLICE DEPT,20190550278,Davidson,Nashville,7/23/2019 5:37:00 PM,2,0,0,36.137000,-86.727310,I 24,,,,0.00,,,,,,,51.30,N,Not at Intersection, ,,None,,,         ,Andrew,Brazee,,,no,no,no,no,no,False
102455951,GOODLETTSVILLE POLICE DEPT,19-27347,Davidson,Goodlettsville,7/23/2019 5:49:00 PM,3,0,0,36.306410,-86.699420,VIETNAM VETERANS BLVDN,,,,293.00,Feet,East,VIETNAM VETERANS BLVD NB EXT R,,,,0.00,N,Not at Intersection,N,Non-Junction,None,,,         ,Jessica,Gistarb,Clear,Front to Rear,no,no,no,no,no,False
102455955,METROPOLITAN NASHVILLE POLICE DEPT,20190550258,Davidson,Nashville,7/23/2019 12:00:00 AM,1,1,0,36.200330,-86.754520,CHICKASAW AV,,,,80.00,Feet,West,MONTGOMERY AV,,,,0.00,N,Not at Intersection,N,Non-Junction,None,,,         ,Gordon,Stovall,Clear,Not Collision with Motor Vehicle in Transport,no,no,no,no,no,False
102455961,METROPOLITAN NASHVILLE POLICE DEPT,20190549728,Davidson,Nashville,7/23/2019 2:57:00 PM,1,0,0,36.091100,-86.734770,NOLENSVILLE PKE,,,,144.00,Feet,South,YELTON CT,,,,0.00,N,Not at Intersection,N,Non-Junction,None,,,         ,Akira,McSwain,Clear,Not Collision with Motor Vehicle in Transport,no,no,no,no,no,False
102455962,METROPOLITAN NASHVILLE POLICE DEPT,20190549704,Davidson,Nashville,7/23/2019 2:40:00 PM,2,0,0,36.038420,-86.784190,I65 S EXT RAMP,,,,0.00,,,I 65,,,,0.00,Y,T-Intersection, ,,None,,,         ,Akira,McSwain,,,no,no,no,no,no,False
102455963,METROPOLITAN NASHVILLE POLICE DEPT,20190550010,Davidson,Nashville,7/23/2019 3:54:00 PM,4,0,0,36.042550,-86.830050,OLD HICKORY BLVD,,,,499.00,Feet,East,BRIDLEWOOD LN,,,,0.00,N,Not at Intersection, ,Non-Junction,None,,,         ,Akira,McSwain,Clear,Front to Rear,no,no,no,no,no,False
102455964,METROPOLITAN NASHVILLE POLICE DEPT,20190550292,Davidson,Nashville,7/23/2019 5:47:00 PM,2,0,0,36.108680,-86.769790,I 65,,,,0.00,,,,,,,79.65,N,Not at Intersection, ,,None,,,         ,Akira,McSwain,,,no,no,no,no,no,False
102455965,METROPOLITAN NASHVILLE POLICE DEPT,20190550238,Davidson,Nashville,7/23/2019 5:40:00 PM,2,0,0,36.194100,-86.830810,BUENA VISTA PKE,,,,201.00,Feet,North,CLARKSVILLE PKE,,,,0.00,N,Not at Intersection, ,Non-Junction,None,,,         ,Benjamin,Williams,Clear,Angle,no,no,no,no,no,False
102455993,METROPOLITAN NASHVILLE POLICE DEPT,20190550332,Davidson,Nashville,7/23/2019 7:34:00 PM,1,1,0,36.074460,-86.651690,DOVER GLEN DR,,,,75.00,Feet,East,SEPTO CT,,,,0.00,N,Not at Intersection,N,Non-Junction,None,,,         ,Jarret,Sonnenberg,Clear,Not Collision with Motor Vehicle in Transport,no,no,no,no,no,False
102456001,BERRY HILL POLICE DEPT,19-2876,Davidson,Berry Hill,7/23/2019 7:40:00 PM,2,0,0,36.121590,-86.775530,FRANKLIN PKE,,,,83.00,Feet,North,KIRKWOOD AV,,,,0.00,N,Not at Intersection,N,Non-Junction,None,,,         ,John,Gleixner,Clear,Angle,no,no,no,no,no,False
102456010,METROPOLITAN NASHVILLE POLICE DEPT,20190550468,Davidson,Nashville,7/23/2019 7:00:00 PM,2,0,0,36.162430,-86.760960,I 24,,,,0.00,,,,,,,49.30,N,Not at Intersection, ,Non-Junction,None,,,         ,Kevin,Clausius,Clear,Front to Rear,no,no,no,no,no,False
102456023,METROPOLITAN NASHVILLE POLICE DEPT,20190550476,Davidson,Goodlettsville,7/23/2019 8:36:00 PM,2,0,0,36.304200,-86.691790,THE SHOPPES AT RIVERGATE PVTDR,,,,270.00,Feet,East,CONFERENCE DR,,,,0.00,N,Not at Intersection, ,,None,,,         ,Christopher,Littles,,,no,no,no,yes,no,False
102456028,METROPOLITAN NASHVILLE POLICE DEPT,20190550437,Davidson,Antioch,7/23/2019 7:56:00 PM,2,0,0,36.013070,-86.620900,I24 E EXT RAMP,,,,0.00,Feet,East,I 24,,,,0.00,N,Not at Intersection, ,Entrance/Exit Ramp Related,None,,,         ,Andrew,Brazee,Clear,Front to Rear,no,no,no,no,no,False
102456033,METROPOLITAN NASHVILLE POLICE DEPT,20190550423,Davidson,Nashville,7/23/2019 6:10:00 PM,2,0,0,36.145810,-86.814160,29TH AVN,,,,0.00,,,POSTON AV,,,,0.00,Y,Four-Way,N,Intersection,Construction Zone,Unknown,Unknown,         ,Catherine,Poole,Clear,Angle,no,no,no,no,no,Campus
102456034,METROPOLITAN NASHVILLE POLICE DEPT,20190550373,Davidson,Nashville,7/23/2019 7:18:00 PM,3,0,0,36.084760,-86.733880,LYNN DR,,,,0.00,,,ELYSIAN FIELDS RD,,,,0.00,Y,Four-Way,N,Intersection,None,,,         ,William,King,Clear,Angle,no,no,no,no,no,False
102456036,METROPOLITAN NASHVILLE POLICE DEPT,20190549978,Davidson,Nashville,7/23/2019 4:38:00 PM,2,1,0,36.094810,-86.736970,NOLENSVILLE PKE,,,,395.00,Feet,South,WHEELER AV,,,,0.00,N,Not at Intersection,N,Non-Junction,None,,,         ,Brandon,Hughes,Clear,Angle,no,no,no,no,no,False
102456092,METROPOLITAN NASHVILLE POLICE DEPT,20190550295,Davidson,Nashville,7/23/2019 6:30:00 PM,2,0,0,36.098790,-86.659670,MURFREESBORO PKE,,,,107.00,Feet,West,HARDING PL,,,,0.00,N,Not at Intersection, ,Non-Junction,None,,,         ,Eric,Laury,Clear,Front to Rear,no,no,no,no,no,False
102456108,METROPOLITAN NASHVILLE POLICE DEPT,20190550616,Davidson,Not in City Limit,7/23/2019 9:45:00 PM,2,0,0,36.262620,-86.684380,E OLD HICKORY BLVD,,,,0.00,,,LARKIN SPRINGS RD,,,,0.00,Y,Four-Way,N,Intersection,None,,,         ,Christopher,Littles,Clear,HeadOn,no,no,no,no,no,False
102456110,METROPOLITAN NASHVILLE POLICE DEPT,20150550257,Davidson,Nashville,7/23/2019 6:40:00 PM,2,1,0,36.098560,-86.738930,NOLENSVILLE PKE,,,,0.00,,,HARRISON ST,,,,0.00,Y,T-Intersection,N,Intersection,None,,,         ,John,Roberson,Cloudy,Angle,no,no,no,no,no,False
102456111,METROPOLITAN NASHVILLE POLICE DEPT,20190550503,Davidson,Nashville,7/23/2019 8:52:00 PM,2,0,0,36.206870,-86.777870,BRICK CHURCH PKE,,,,91.00,Feet,North,W TRINITY LN,,,,0.00,N,Not at Intersection, ,Non-Junction,None,,,         ,Michael,Moss,Clear,Angle,no,no,no,no,no,False
102456113,METROPOLITAN NASHVILLE POLICE DEPT,20190550607,Davidson,Nashville,7/23/2019 9:39:00 PM,2,2,0,36.127470,-86.629550,BELL RD,,,,0.00,Feet,North,PRIEST WOODS DR,,,,0.00,N,Not at Intersection,N,Non-Junction,None,,,         ,Deandera,Payne,Clear,Angle,no,no,no,no,no,False
102456114,METROPOLITAN NASHVILLE POLICE DEPT,20190550299,Davidson,Nashville,7/23/2019 7:05:00 PM,2,0,0,36.088740,-86.612850,SMITH SPRINGS RD,,,,375.00,Feet,East,CLEARLAKE DRW,,,,0.00,N,Not at Intersection,N,Non-Junction,None,,,         ,Cheri,Cox,Clear,"Sideswipe, Opposite Direction",no,no,no,no,yes,False
102456120,METROPOLITAN NASHVILLE POLICE DEPT,20190550480,Davidson,Nashville,7/23/2019 8:40:00 PM,2,1,0,36.211800,-86.843600,FAIRVIEW DR,,,,28.00,Feet,East,SOUTHVIEW DR,,,,0.00,N,Not at Intersection,N,Non-Junction,None,,,         ,Peter,Kinsey,Clear,HeadOn,no,no,no,no,no,False
102456165,METROPOLITAN NASHVILLE POLICE DEPT,20190550675,Davidson,Nashville,7/23/2019 10:14:00 PM,2,0,0,36.069150,-86.689620,I24 E EXT RAMP,,,,0.00,Feet,East,I 24,,,,0.00,N,Not at Intersection,Y,Entrance/Exit Ramp Related,None,,,         ,Andrew,Brazee,Clear,"Sideswipe, Same Direction",no,no,no,no,yes,False
102456171,METROPOLITAN NASHVILLE POLICE DEPT,20190550496,Davidson,Nashville,7/23/2019 8:53:00 PM,2,2,0,36.089070,-86.649990,RANSOM PL,,,,0.00,,,MURFREESBORO PKE,,,,0.00,Y,Four-Way,N,Intersection,None,,,         ,Cheri,Cox,Clear,Angle,no,no,no,no,no,False
102456180,METROPOLITAN NASHVILLE POLICE DEPT,20190550645,Davidson,Nashville,7/23/2019 8:53:00 PM,2,0,0,36.077720,-86.695070,I 24,,,,0.00,,,,,,,56.35,N,Not at Intersection, ,Non-Junction,None,,,         ,Richard,Olive,Clear,Front to Rear,no,no,no,no,no,False
102456182,METROPOLITAN NASHVILLE POLICE DEPT,20190550714,Davidson,Nashville,7/23/2019 10:13:00 PM,2,0,0,36.151170,-86.750640,I 40,,,,0.00,,,,,,,211.55,N,Not at Intersection, ,Non-Junction,None,,,         ,Joseph,Patricio,Clear,Angle,no,no,no,no,no,False
102456212,METROPOLITAN NASHVILLE POLICE DEPT,20190550686,Davidson,Nashville,7/23/2019 10:25:00 PM,2,0,0,36.150680,-86.867500,I 40 W,,,,0.00,,,,,,,203.40,N,Not at Intersection, ,Non-Junction,None,,,         ,Jeremy,Huffine,Clear,Angle,no,no,no,no,no,False
102456216,METROPOLITAN NASHVILLE POLICE DEPT,20190550795,Davidson,Nashville,7/23/2019 10:00:00 PM,1,0,0,36.188890,-86.836270,S HAMILTON RD,,,,265.00,Feet,East,HYDES FERRY RD,,,,0.00,N,Not at Intersection,N,Non-Junction,None,,,         ,Charles,Duke,Clear,Not Collision with Motor Vehicle in Transport,no,no,no,no,no,False
102456218,METROPOLITAN NASHVILLE POLICE DEPT,20190550793,Davidson,Nashville,7/23/2019 11:35:00 PM,2,0,0,36.159410,-86.780910,BROADWAY,,,,0.00,Feet,East,7TH AVN,,,,0.00,N,Not at Intersection, ,Non-Junction,None,,,         ,Zachary,Maxa,Clear,Front to Rear,no,no,no,no,no,False
102456235,METROPOLITAN NASHVILLE POLICE DEPT,20190550878,Davidson,Goodlettsville,7/24/2019 12:17:00 AM,1,3,0,36.296920,-86.699090,GALLATIN PKEN,,,,0.00,,,,,,,0.00,,,N,Intersection,None,,,         ,Patrick,McGinnis,Clear,Not Collision with Motor Vehicle in Transport,no,no,no,no,no,False
102456246,METROPOLITAN NASHVILLE POLICE DEPT,20190551052,Davidson,Nashville,7/24/2019 1:52:00 AM,2,0,0,36.149020,-86.765100,1ST AVS,,,,255.00,Feet,South,CRENSHAW ST,,,,0.00,N,Not at Intersection,N,Non-Junction,None,,,         ,Corey,Eldridge,Clear,Front to Rear,no,no,no,no,yes,False
102456285,METROPOLITAN NASHVILLE POLICE DEPT,20190551233,Davidson,Nashville,7/24/2019 3:43:00 AM,1,0,0,36.150030,-86.798310,20TH AVS,,,,170.00,Feet,South,TERRACE PL,,,,0.00,N,Not at Intersection,N,Non-Junction,None,,,         ,Randall,Atkinson,Clear,Not Collision with Motor Vehicle in Transport,no,no,no,no,no,Campus
102456286,METROPOLITAN NASHVILLE POLICE DEPT,20190551230,Davidson,Nashville,7/24/2019 12:00:00 AM,2,0,0,36.040280,-86.768370,OLD HICKORY BLVD,,,,0.00,Feet,East,SEVEN SPRINGS WAY,,,,0.00,N,Not at Intersection, ,Non-Junction,None,,,         ,Jose,Salazar,Clear,Angle,no,no,no,no,no,False
102456287,METROPOLITAN NASHVILLE POLICE DEPT,20190551324,Davidson,Not in City Limit,7/24/2019 4:30:00 AM,1,0,0,36.290140,-86.847110,WHITES CREEK PKE,,,,1478.00,Feet,West,LAWS RD,,,,0.00,N,Not at Intersection,N,Non-Junction,None,,,         ,John,Deiterick,Clear,Not Collision with Motor Vehicle in Transport,no,no,no,no,no,False
102456348,WILLIAMSON CO SHERIFFS OFFICE,1916913,Davidson,Nashville,7/10/2019 5:25:00 PM,2,0,0,36.026940,-86.903820,SNEED RDW,,,,1020.00,Feet,North,WILLOWBROOKE CIR,,,,0.00,N,Not at Intersection,N,Non-Junction,None,,,         ,Harry,Bellinger,Clear,Front to Rear,no,no,no,no,no,False
102456350,METROPOLITAN NASHVILLE POLICE DEPT,2019-0551546,Davidson,Nashville,7/24/2019 6:16:00 AM,2,0,0,36.070980,-86.690860,I 24,,,,0.00,,,,,,,56.85,N,Not at Intersection,N,Non-Junction,None,,,         ,Stanley,Collins,Clear,Front to Rear,no,no,no,no,yes,False
102456353,GOODLETTSVILLE POLICE DEPT,19-27451,Davidson,Goodlettsville,7/24/2019 6:14:00 AM,3,0,0,36.306950,-86.697200,VIETNAM VETERANS BLVDS,,,,445.00,Feet,West,VIETNAM VETERANS BLVD SB ENT R,,,,0.00,N,Not at Intersection,N,Non-Junction,None,,,         ,Rico,Jones,Clear,Front to Rear,no,no,no,no,no,False
102456362,METROPOLITAN NASHVILLE POLICE DEPT,20190551533,Davidson,Nashville,7/24/2019 6:44:00 AM,2,0,0,36.147200,-86.694060,BRILEY PKWY S EXT RAMP,,,,0.00,Feet,East,BRILEY PKWYS,,,,0.00,N,Not at Intersection, ,Entrance/Exit Ramp Related,None,,,         ,Tien,Nguyen,Clear,"Sideswipe, Same Direction",no,no,no,no,no,False
102456364,METROPOLITAN NASHVILLE POLICE DEPT,20190551573,Davidson,Nashville,7/24/2019 7:00:00 AM,2,1,0,36.072330,-86.636620,MURFREESBORO PKE,,,,209.00,Feet,North,BELL RD,,,,0.00,N,Not at Intersection,N,Non-Junction,None,,,         ,Eric,Jackson,Clear,Angle,no,no,no,no,no,False
102456366,METROPOLITAN NASHVILLE POLICE DEPT,20190551661,Davidson,Nashville,7/24/2019 8:00:00 AM,2,0,0,36.120310,-86.802890,I 440,,,,0.00,,,,,,,3.00,N,Not at Intersection,N,Non-Junction,Construction Zone,Work On Shoulder Or Median,Activity Area,         ,Curtis,Rich,Clear,Angle,no,no,no,no,no,False