master_record_number,agency,agency_tracking_number,county,city,collision_date,vehicles_involved,number_injured,number_dead,latitude,longitude,roadway_name,roadway_suffix,roadway_number,roadway_local_id,distance_from_reference,miles-feet_indicator,direction_from_reference,intersection_road_name,intersection_road_name_suffix,intersection_road_number,intersection_local_id,mile_marker,intersection_indicator,intersect_type,interchange_related_indicator,relation_to_junction,work_zone_type,construction_maintenance_zone,construction_maintenance_zone_location,fatal_case_number,officer_first_name,officer_last_name,weather_condition(s),manner_of_crash,pedestrian,bicycle,scooter,parking,hitrun,mou
102457797,METROPOLITAN NASHVILLE POLICE DEPT,20190555300,Davidson,Goodlettsville,7/25/2019 2:15:00 PM,2,0,0,36.302910,-86.691620,GALLATIN PKEN,,,,87.00,Feet,East,CONFERENCE DR,,,,0.00,N,Not at Intersection,N,Non-Junction,None,,,         ,Christopher,Littles,Clear,HeadOn,no,no,no,no,no,False
102457798,METROPOLITAN NASHVILLE POLICE DEPT,20190555483,Davidson,Nashville,7/25/2019 4:20:00 PM,2,0,0,36.238270,-86.783180,BRILEY PKWYW,,,,0.00,,,I24 W ENT RAMP,,,,0.00,Y,Y-Intersection,N,Entrance/Exit Ramp Related,None,,,         ,Christopher,Littles,Clear,Front to Rear,no,no,no,no,no,False
102457802,METROPOLITAN NASHVILLE POLICE DEPT,20190554800,Davidson,Nashville,7/25/2019 10:27:00 AM,2,0,0,36.166230,-86.765790,SHELBY AV,,,,0.00,,,INTERSTATE DR,,,,0.00,Y,Four-Way,N,Non-Junction,None,,,         ,Michael,Douglas,Clear,"Sideswipe, Same Direction",no,no,no,yes,yes,False
102457806,METROPOLITAN NASHVILLE POLICE DEPT,20190555389,Davidson,Not in City Limit,7/25/2019 3:13:00 PM,2,0,0,36.261240,-86.712530,GALLATIN PKES,,,,0.00,,,MAPLE ST,,,,0.00,Y,T-Intersection, ,Non-Junction,None,,,         ,Peter,Vaught,Clear,Angle,no,no,no,no,no,False
102457813,METROPOLITAN NASHVILLE POLICE DEPT,20190555430,Davidson,Not in City Limit,7/25/2019 3:52:00 PM,4,1,0,36.264120,-86.725100,OLD HICKORY BLVDW,,,,17.00,Feet,East,BEVERLY DR,,,,0.00,N,Not at Intersection,N,Non-Junction,None,,,         ,Bradley,Fort,Clear,Front to Rear,no,no,no,no,no,False
102457814,METROPOLITAN NASHVILLE POLICE DEPT,20190555549,Davidson,Nashville,7/25/2019 4:35:00 PM,2,0,0,36.151560,-86.752060,I 40,,,,0.00,,,,,,,211.45,N,Not at Intersection, ,,None,,,         ,Darci,Stechman,,,no,no,no,no,no,False
102457815,METROPOLITAN NASHVILLE POLICE DEPT,20190555539,Davidson,Nashville,7/25/2019 12:00:00 AM,1,0,0,36.141870,-86.673210,I 40,,,,0.00,,,,,,,215.00,N,Not at Intersection, ,,None,,,         ,Alexander,Spradling,,,no,no,no,no,no,False
102457818,METROPOLITAN NASHVILLE POLICE DEPT,20190555502,Davidson,Nashville,7/25/2019 4:29:00 PM,2,0,0,36.148600,-86.775770,I 40,,,,0.00,,,,,,,210.05,N,Not at Intersection, ,Non-Junction,None,,,         ,Darryl,Williams,Clear,"Sideswipe, Same Direction",no,no,no,no,no,False
102457833,METROPOLITAN NASHVILLE POLICE DEPT,20190555299,Davidson,Nashville,7/25/2019 12:00:00 PM,1,0,0,36.244910,-86.875400,EATONS CREEK RD,,,,2034.00,Feet,North,TAZ HYDE RD,,,,0.00,N,Not at Intersection,N,Non-Junction,None,,,         ,Tyler,Geiger,Clear,Not Collision with Motor Vehicle in Transport,no,no,no,no,no,False
102457842,METROPOLITAN NASHVILLE POLICE DEPT,20190555591,Davidson,Not in City Limit,7/25/2019 4:24:00 PM,2,0,0,36.008460,-86.655120,MAGGIE DR,,,,132.00,Feet,North,RAINEY DR,,,,0.00,N,Not at Intersection, ,,None,,,         ,Laura,Williams,,,no,no,no,no,no,False
102457845,METROPOLITAN NASHVILLE POLICE DEPT,20190555528,Davidson,Nashville,7/25/2019 4:42:00 PM,2,1,0,36.205820,-86.781610,SCRUGGS LN,,,,389.00,Feet,South,W TRINITY LN,,,,0.00,N,Not at Intersection,N,Non-Junction,None,,,         ,Benjamin,Williams,Clear,Front to Rear,no,no,no,yes,no,False
102457851,METROPOLITAN NASHVILLE POLICE DEPT,20190555582,Davidson,Nashville,7/25/2019 4:35:00 PM,2,0,0,36.231370,-86.700020,BRILEY PKWYN,,,,165.00,Feet,South,BRILEY PKWYW,,,,0.00,N,Not at Intersection, ,,None,,,         ,John,Kelley,,,no,no,no,no,no,False
102457854,Nashville Airport Police,2019-03180,Davidson,Nashville,7/25/2019 12:00:00 AM,2,0,0,36.137010,-86.665820,TERMINAL DR,,,,760.00,Feet,West,DONELSON PKE,,,,0.00,N,Not at Intersection,N,Non-Junction,None,,,         ,Zachary,Voigts,Clear,Angle,no,no,no,yes,yes,False
102457856,BELLE MEADE POLICE DEPT,19-0198,Davidson,Nashville,7/24/2019 5:50:00 PM,2,1,0,36.102180,-86.870250,HARDING PL,,,,0.00,,,HARDING PKE,,,,0.00,Y,T-Intersection,N,Intersection,None,,,         ,Katelyn,Cloxton,Clear,Front to Rear,no,no,no,no,no,False
102457857,METROPOLITAN NASHVILLE POLICE DEPT,20190555541,Davidson,Nashville,7/25/2019 3:58:00 PM,2,0,0,36.134360,-86.697380,BRILEY PKWYN,,,,417.00,Feet,East,BRILEY PKWYS,,,,0.00,N,Not at Intersection, ,Non-Junction,None,,,         ,Jason,Milyaro Lucas,Clear,Front to Rear,no,no,no,no,no,False
102457864,METROPOLITAN NASHVILLE POLICE DEPT,20190555624,Davidson,Nashville,7/25/2019 4:33:00 PM,2,0,0,36.207260,-86.612070,LEBANON PKE,,,,80.00,Feet,South,HIGHLAND VIEW DR,,,,0.00,N,Not at Intersection, ,,None,,,         ,Abbey,Sawl,,,no,no,no,no,no,False
102457866,METROPOLITAN NASHVILLE POLICE DEPT,20190555556,Davidson,Nashville,7/25/2019 3:00:00 PM,2,0,0,36.167890,-86.778790,2ND AVN,,,,114.00,Feet,North,JAMES ROBERTSON PKWY,,,,0.00,N,Not at Intersection, ,,None,,,         ,Brian,DeMarce,,,no,no,no,no,no,False
102457867,METROPOLITAN NASHVILLE POLICE DEPT,20190555397,Davidson,Nashville,7/25/2019 3:00:00 PM,2,0,0,36.152350,-86.769010,2ND AVS,,,,0.00,,,LINDSLEY AV,,,,0.00,Y,T-Intersection, ,Non-Junction,None,,,         ,Bryant,Presley,Clear,"Sideswipe, Same Direction",no,no,no,no,no,False
102457873,METROPOLITAN NASHVILLE POLICE DEPT,20190555680,Davidson,Nashville,7/25/2019 5:08:00 PM,2,1,0,36.141040,-86.733080,I 40,,,,0.00,,,,,,,213.00,N,Not at Intersection, ,Non-Junction,None,,,         ,Jason,Milyaro Lucas,Clear,Front to Rear,no,no,no,no,no,False
102457874,METROPOLITAN NASHVILLE POLICE DEPT,20190555618,Davidson,Nashville,7/25/2019 12:00:00 AM,3,1,0,36.169270,-86.669910,LEBANON PKE,,,,260.00,Feet,South,BLUEFIELD AV,,,,0.00,N,Not at Intersection,N,Non-Junction,None,,,         ,Torry,Hill,Clear,Front to Rear,no,no,no,no,yes,False
102457876,METROPOLITAN NASHVILLE POLICE DEPT,20190555658,Davidson,Nashville,7/25/2019 5:53:00 PM,2,1,0,36.044940,-86.664840,BELL RD,,,,982.00,Feet,West,CANE RIDGE RD,,,,0.00,N,Not at Intersection,N,Non-Junction,None,,,         ,Taylor,Hurley,Clear,Angle,no,no,no,no,no,False
102457890,METROPOLITAN NASHVILLE POLICE DEPT,20190555656,Davidson,Nashville,7/25/2019 5:52:00 PM,2,0,0,36.106830,-86.719500,I 24,,,,0.00,,,,,,,53.95,N,Not at Intersection, ,Non-Junction,None,,,         ,Andrew,Brazee,Clear,"Sideswipe, Same Direction",no,no,no,no,no,False
102457895,METROPOLITAN NASHVILLE POLICE DEPT,20190555764,Davidson,Antioch,7/25/2019 6:37:00 PM,2,0,0,36.016140,-86.620050,OLD HICKORY BLVD,,,,215.00,Feet,North,I24 W EXT RAMP,,,,0.00,N,Not at Intersection, ,Non-Junction,None,,,         ,Laura,Williams,Clear,Angle,no,no,no,no,no,False
102457897,METROPOLITAN NASHVILLE POLICE DEPT,20190555690,Davidson,Not in City Limit,7/25/2019 5:22:00 PM,2,0,0,36.068730,-86.932850,COLICE JEANNE RD,,,,5.00,Feet,East,OLD HARDING PKE,,,,0.00,N,Not at Intersection,Y,Non-Junction,None,,,         ,Edward,Starke,Clear,"Sideswipe, Same Direction",no,no,no,no,no,False
102457899,METROPOLITAN NASHVILLE POLICE DEPT,20190555463,Davidson,Nashville,7/25/2019 4:09:00 PM,2,0,0,36.133820,-86.726920,I24E,,,,55.00,Feet,East,I24 W EXT RAMP,,,,0.00,N,Not at Intersection,N,Non-Junction,None,,,         ,Aimee,Ortiz,Clear,Front to Rear,no,no,no,no,no,False
102457903,METROPOLITAN NASHVILLE POLICE DEPT,20190555717,Davidson,Nashville,7/25/2019 5:51:00 PM,2,0,0,36.125390,-86.742600,GLENROSE AV,,,,61.00,Feet,West,FOSTER AV,,,,0.00,N,Not at Intersection, ,Non-Junction,None,,,         ,Andrew,Brazee,Clear,Front to Rear,no,no,no,no,no,False
102457910,METROPOLITAN NASHVILLE POLICE DEPT,20190555707,Davidson,Nashville,7/25/2019 5:48:00 PM,2,0,0,36.165760,-86.787840,GAY ST,,,,120.00,Feet,West,ROSA L PARKS BLVD,,,,0.00,N,Not at Intersection, ,,None,,,         ,Roy,Sain Jr.,,,no,no,no,no,no,False
102457921,METROPOLITAN NASHVILLE POLICE DEPT,20190555708,Davidson,Nashville,7/25/2019 6:17:00 PM,2,0,0,36.158730,-86.781970,8TH AVS,,,,0.00,,,,,,,0.00,,, ,Non-Junction,None,,,         ,Nicolas,Pernell,Clear,"Sideswipe, Same Direction",no,no,no,no,no,False
102457955,METROPOLITAN NASHVILLE POLICE DEPT,20190555922,Davidson,Nashville,7/25/2019 12:00:00 AM,2,0,0,36.150790,-86.749810,I 40,,,,0.00,,,,,,,211.60,N,Not at Intersection,N,Non-Junction,None,,,         ,Torry,Hill,Clear,"Sideswipe, Same Direction",no,no,no,no,yes,False
102457956,METROPOLITAN NASHVILLE POLICE DEPT,20190555879,Davidson,Nashville,7/25/2019 6:10:00 PM,3,0,0,36.061060,-86.913590,HIGHWAY 100,,,,697.00,Feet,West,WARNER NATURE CTR PVTDR,,,,0.00,N,Not at Intersection,N,Non-Junction,None,,,         ,Edward,Starke,Clear,Front to Rear,no,no,no,no,no,False
102457959,METROPOLITAN NASHVILLE POLICE DEPT,20190555830,Davidson,Nashville,7/25/2019 7:25:00 PM,2,2,0,36.212470,-86.775570,I 65,,,,0.00,,,,,,,87.75,N,Not at Intersection,N,Non-Junction,None,,,         ,David,Collins,Clear,Angle,no,no,no,no,no,False
102457960,GOODLETTSVILLE POLICE DEPT,19-27686,Davidson,Goodlettsville,7/25/2019 5:38:00 PM,2,0,0,36.296560,-86.714970,I 65,,,,0.00,,,,,,,94.85,N,Not at Intersection, ,Non-Junction,None,,,         ,Kenneth,Parks,Clear,Front to Rear,no,no,no,no,no,False
102457965,METROPOLITAN NASHVILLE POLICE DEPT,20190555613,Davidson,Nashville,7/25/2019 5:09:00 PM,2,0,0,36.161200,-86.792680,CHARLOTTE AV,,,,0.00,,,GEORGE L DAVIS BLVD,,,,0.00,Y,Four-Way,Y,Intersection,None,,,         ,Joseph,Bingham,Clear,Front to Rear,no,no,no,no,yes,False
102457968,METROPOLITAN NASHVILLE POLICE DEPT,20190555944,Davidson,Nashville,7/25/2019 7:34:00 PM,2,0,0,36.151800,-86.771250,4TH AVS,,,,0.00,,,LAFAYETTE ST,,,,0.00,Y,Four-Way, ,Intersection,None,,,         ,Nicolas,Pernell,Clear,Front to Rear,no,no,no,no,no,False
102457994,METROPOLITAN NASHVILLE POLICE DEPT,20190555875,Davidson,Nashville,7/25/2019 7:00:00 PM,4,0,0,36.121760,-86.760560,I 440,,,,0.00,,,,,,,5.75,N,Not at Intersection, ,,Construction Zone,,,         ,FELIKS,ABRAHAMYAN,,,no,no,no,no,no,False
102458019,METROPOLITAN NASHVILLE POLICE DEPT,20190556087,Davidson,Nashville,7/25/2019 8:43:00 PM,2,0,0,36.247430,-86.720700,GALLATIN PKES,,,,251.00,Feet,South,DUE WEST AVE,,,,0.00,N,Not at Intersection,N,Non-Junction,None,,,         ,Christopher,Littles,Clear,Front to Rear,no,no,no,no,no,False
102458028,METROPOLITAN NASHVILLE POLICE DEPT,20190555880,Davidson,Nashville,7/25/2019 6:25:00 PM,2,0,0,36.062310,-86.904640,HIGHWAY 100,,,,4.00,Feet,West,OLD HICKORY BLVD,,,,0.00,N,Not at Intersection, ,Non-Junction,None,,,         ,Edward,Starke,Clear,Front to Rear,no,no,no,no,no,False
102458030,METROPOLITAN NASHVILLE POLICE DEPT,20190555627,Davidson,Nashville,7/25/2019 5:38:00 PM,2,0,0,36.200490,-86.839300,CLARKSVILLE PKE,,,,467.00,Feet,North,NORTH GATE SHOPPING CTR PVTDR,,,,0.00,N,Not at Intersection, ,Non-Junction,None,,,         ,Justin,Vaughn,Clear,Front to Rear,no,no,no,no,no,False
102458039,METROPOLITAN NASHVILLE POLICE DEPT,20190555980,Davidson,Nashville,7/25/2019 8:39:00 PM,2,1,0,36.134570,-86.825280,BOWLING AV,,,,0.00,,,WEST END AV,,,,0.00,Y,Four-Way,Y,Intersection-Related,None,,,         ,Joel,Cottrill,Clear,Angle,no,no,no,no,yes,False
102458060,METROPOLITAN NASHVILLE POLICE DEPT,20190556098,Davidson,Nashville,7/25/2019 12:00:00 AM,2,0,0,36.145420,-86.740780,I 40,,,,0.00,,,,,,,212.25,N,Not at Intersection,N,Non-Junction,None,,,         ,Torry,Hill,Clear,Front to Rear,no,no,no,no,no,False
102458064,METROPOLITAN NASHVILLE POLICE DEPT,20190555948,Davidson,Nashville,7/25/2019 8:24:00 PM,2,0,0,36.064270,-86.627910,MURFREESBORO PKE,,,,253.00,Feet,South,HAMILTON CHURCH RD,,,,0.00,N,Not at Intersection,N,Non-Junction,None,,,         ,Laura,Williams,Clear,Front to Rear,no,no,no,no,no,False
102458080,VANDERBILT UNIVERSITY POLICE,20190556059,Davidson,Nashville,7/25/2019 9:15:00 PM,1,0,0,36.138560,-86.810010,BLAKEMORE AV,,,,257.00,Feet,East,NATCHEZ TRC,,,,0.00,N,Not at Intersection,N,Non-Junction,None,,,         ,Martin,Hill,Clear,Not Collision with Motor Vehicle in Transport,no,no,no,no,no,Campus
102458090,METROPOLITAN NASHVILLE POLICE DEPT,20190555750,Davidson,Nashville,7/25/2019 5:59:00 PM,2,0,0,36.126810,-86.710630,THOMPSON PL,,,,142.00,Feet,East,MURFREESBORO PKE,,,,0.00,N,Not at Intersection, ,Non-Junction,None,,,         ,Dontaveous,Eubanks,Clear,Rear to Side,no,no,no,yes,no,False
102458102,METROPOLITAN NASHVILLE POLICE DEPT,20190556223,Davidson,Nashville,7/25/2019 7:08:00 PM,2,0,0,36.087870,-86.920730,OLD HICKORY BLVD,,,,0.00,,,WOODBURY FALLS DR,,,,0.00,Y,Four-Way,N,Intersection,None,,,         ,Jackson,Smythe,Clear,Front to Rear,no,no,no,no,yes,False
102458134,METROPOLITAN NASHVILLE POLICE DEPT,20190556275,Davidson,Nashville,7/25/2019 11:26:00 PM,2,2,0,36.152000,-86.792860,DIVISION ST,,,,0.00,,,MUSIC SQW,,,,0.00,Y,OTHER,Y,Intersection,None,,,         ,Dakota,Vermillion,Clear,Angle,no,no,no,no,no,False
102458142,METROPOLITAN NASHVILLE POLICE DEPT,20190556228,Davidson,Nashville,7/25/2019 12:00:00 AM,3,2,0,36.031860,-86.640230,I 24,,,,0.00,,,,,,,60.85,N,Not at Intersection,Y,Non-Junction,None,,,         ,Derrick,Toney,Clear,Front to Rear,no,no,no,no,no,False
102458146,METROPOLITAN NASHVILLE POLICE DEPT,20190556351,Davidson,Not in City Limit,7/25/2019 11:00:00 PM,2,0,0,36.257260,-86.689390,KINSEY BLVD,,,,77.00,Feet,South,FARRIS AV,,,,0.00,N,Not at Intersection,N,Non-Junction,None,,,         ,Reagan,Heath,Clear,Unknown,no,no,no,no,yes,False
102458148,METROPOLITAN NASHVILLE POLICE DEPT,20190556224,Davidson,Nashville,7/25/2019 10:32:00 PM,3,1,0,36.233780,-86.702130,BRILEY PKWYW,,,,815.00,Feet,West,BRILEY PKWYE,,,,0.00,N,Not at Intersection,N,Non-Junction,None,,,         ,Curtis,Fisher,Clear,"Sideswipe, Same Direction",no,no,no,no,no,False
102458151,METROPOLITAN NASHVILLE POLICE DEPT,20190556394,Davidson,Nashville,7/25/2019 10:10:00 PM,2,0,0,36.088130,-86.885550,VAUGHNS GAP RD,,,,0.00,,,PERCY DR,,,,0.00,Y,Four-Way,N,Intersection,None,,,         ,Jackson,Smythe,Clear,"Sideswipe, Opposite Direction",no,no,no,no,yes,False
102458164,METROPOLITAN NASHVILLE POLICE DEPT,20190556603,Davidson,Nashville,7/26/2019 2:26:00 AM,2,0,0,36.153590,-86.794820,WEST END AV,,,,142.00,Feet,West,17TH AVS,,,,0.00,N,Not at Intersection,N,Non-Junction,None,,,         ,Dakota,Vermillion,Clear,Angle,no,no,no,no,yes,False
102458165,METROPOLITAN NASHVILLE POLICE DEPT,20190556273,Davidson,Nashville,7/25/2019 11:26:00 PM,3,6,0,36.143400,-86.703980,I 40,,,,0.00,,,,,,,214.50,N,Not at Intersection,N,Non-Junction,None,,,         ,Douglas,Meringer,Clear,Front to Rear,no,no,no,no,no,False
102458186,METROPOLITAN NASHVILLE POLICE DEPT,20190556525,Davidson,Nashville,7/26/2019 1:30:00 AM,2,0,0,36.124260,-86.744540,I 440,,,,0.00,,,,,,,6.60,N,Not at Intersection,N,Non-Junction,Construction Zone,Laneclosure,Activity Area,         ,Jeremy,Spears,Clear,"Sideswipe, Same Direction",no,no,no,no,no,False
102458190,METROPOLITAN NASHVILLE POLICE DEPT,2019-0552468,Davidson,Nashville,7/24/2019 12:56:00 PM,2,0,0,36.087120,-86.730470,NOLENSVILLE PKE,,,,115.00,Feet,North,ELYSIAN FIELDS CT,,,,0.00,N,Not at Intersection,N,Non-Junction,None,,,         ,Sean,Williams,Clear,Front to Rear,no,no,no,no,yes,False
102458206,THP District 9 - Administrative,319046718,Davidson,Nashville,7/24/2019 6:00:00 PM,2,0,0,36.171320,-86.789580,ROSA L PARKS BLVD,,,,0.00,,,,,,,0.00,,, ,Non-Junction,None,,,         ,Trae,Dickson,,"Sideswipe, Opposite Direction",no,no,no,yes,no,False
102458214,METROPOLITAN NASHVILLE POLICE DEPT,20190556865,Davidson,Nashville,7/26/2019 4:30:00 AM,1,0,0,36.223500,-86.838200,CLARKSVILLE PKE,,,,715.00,Feet,North,FAIRMEADE DR,,,,0.00,N,Not at Intersection,N,Non-Junction,None,,,         ,Dalton,Crum,Clear,Not Collision with Motor Vehicle in Transport,no,no,no,no,yes,False
102458221,THP District 3 - Nashville,319046556,Davidson,Not in City Limit,7/23/2019 6:35:00 AM,1,1,0,36.347100,-86.928910,I 24,,,,0.00,,,,,,,31.20,N,Not at Intersection,N,Non-Junction,None,,,         ,Nicholas,Lang,Clear,Not Collision with Motor Vehicle in Transport,no,no,no,no,no,False
102458230,METROPOLITAN NASHVILLE POLICE DEPT,20190555414,Davidson,Nashville,7/25/2019 3:40:00 PM,2,0,0,36.118050,-86.768060,I440 E ENT RAMP,,,,0.00,,,I 440,,,,0.00,Y,OTHER, ,Entrance/Exit Ramp Related,Construction Zone,,,         ,Brent,Bauer,Clear,"Sideswipe, Same Direction",no,no,no,no,no,False
102458234,METROPOLITAN NASHVILLE POLICE DEPT,20190556205,Davidson,Not in City Limit,7/25/2019 8:00:00 PM,2,0,0,36.082680,-86.923940,STILL SPRING HOLLOW DR,,,,109.00,Feet,North,SPRING PL,,,,0.00,N,Not at Intersection, ,,None,,,         ,Angeline,Comilla,,,no,no,no,yes,no,False
102458259,THP District 3 - Nashville,319047181,Davidson,Nashville,7/25/2019 2:30:00 PM,2,0,0,36.193970,-86.687200,BRILEY PKWYN,,,,559.00,Feet,North,BRILEY PKWY N ENT RAMP,,,,0.00,N,Not at Intersection, ,Non-Junction,None,,,         ,Matthew,Priest,Clear,"Sideswipe, Same Direction",no,no,no,no,no,False
102458261,METROPOLITAN NASHVILLE POLICE DEPT,20190556908,Davidson,Nashville,7/26/2019 5:55:00 AM,3,1,0,36.109780,-86.721760,BRILEY PKWYS,,,,194.00,Feet,West,BRILEY PKWYN,,,,0.00,N,Not at Intersection,N,Non-Junction,None,,,         ,Kevin,Breeding,Clear,Front to Rear,no,no,no,no,no,False
102458263,METROPOLITAN NASHVILLE POLICE DEPT,20190554389,Davidson,Nashville,7/25/2019 6:50:00 AM,3,2,0,36.040030,-86.649560,I 24,,,,0.00,,,,,,,60.00,N,Not at Intersection,N,Non-Junction,None,,,         ,Honorio,Canchola,Clear,Front to Rear,no,no,no,no,no,False
102458267,METROPOLITAN NASHVILLE POLICE DEPT,20190556989,Davidson,Nashville,7/26/2019 6:15:00 AM,2,0,0,36.153460,-86.773880,LEA AV,,,,0.00,,,5TH AVS,,,,0.00,Y,T-Intersection, ,Intersection,Construction Zone,,,         ,Johnathan,Carlisle,Cloudy,"Sideswipe, Same Direction",no,no,no,no,no,False
102458273,METROPOLITAN NASHVILLE POLICE DEPT,20190557066,Davidson,Nashville,7/26/2019 7:31:00 AM,1,0,0,36.104550,-86.766590,I 65,,,,0.00,,,,,,,79.40,N,Not at Intersection,N,Non-Junction,None,,,         ,Justin,Pinkelton,Clear,Not Collision with Motor Vehicle in Transport,no,no,no,no,no,False
102458274,METROPOLITAN NASHVILLE POLICE DEPT,20190557101,Davidson,Nashville,7/26/2019 7:45:00 AM,2,0,0,36.070060,-86.758690,TROUSDALE DR,,,,0.00,,,ARROWWOOD DR,,,,0.00,Y,Four-Way, ,Intersection,None,,,         ,Earl,Davis,Clear,Angle,no,no,no,no,no,False
102458276,METROPOLITAN NASHVILLE POLICE DEPT,20190556982,Davidson,Nashville,7/26/2019 4:50:00 AM,1,0,0,36.186110,-86.671870,WINDEMERE CIR,,,,134.00,Feet,West,GLENOAKS DR,,,,0.00,N,Not at Intersection,N,Non-Junction,None,,,         ,Lee,Davis,Clear,Not Collision with Motor Vehicle in Transport,no,no,no,no,yes,False
102458277,METROPOLITAN NASHVILLE POLICE DEPT,20190557104,Davidson,Nashville,7/26/2019 7:45:00 AM,2,0,0,36.074000,-86.624870,ANDERSON RD,,,,0.00,,,CREEKVIEW DR,,,,0.00,Y,Four-Way,Y,Intersection,None,,,         ,Steven,Williams,Clear,Angle,no,no,no,no,no,False
102458278,METROPOLITAN NASHVILLE POLICE DEPT,20190557032,Davidson,Nashville,7/26/2019 7:15:00 AM,2,0,0,36.157000,-86.709110,LEBANON PKE,,,,0.00,,,OMOHUNDRO DR,,,,0.00,Y,T-Intersection, ,Non-Junction,None,,,         ,Mathew,Clement,Clear,"Sideswipe, Same Direction",no,no,no,no,no,False
102458287,METROPOLITAN NASHVILLE POLICE DEPT,20190557025,Davidson,Nashville,7/26/2019 7:10:00 AM,2,0,0,36.236890,-86.792600,BRILEY PKWYE,,,,0.98,Miles,East,BRILEY PKWY E ENT RAMP,,,,0.00,N,Not at Intersection,N,Non-Junction,None,,,         ,Cyretha,Frazier,Cloudy,Front to Rear,no,no,no,no,yes,False
102458312,METROPOLITAN NASHVILLE POLICE DEPT,20190557109,Davidson,Nashville,7/26/2019 7:50:00 AM,2,0,0,36.116040,-86.790060,I 440,,,,0.00,,,,,,,4.00,N,Not at Intersection,N,Non-Junction,Work Zone,Laneclosure,Activity Area,         ,John,Chambers,Clear,Front to Rear,no,no,no,no,no,False
102458363,BELLE MEADE POLICE DEPT,19-0196,Davidson,Belle Meade,7/23/2019 11:27:00 AM,2,0,0,36.109720,-86.856410,BELLE MEADE BLVD,,,,0.00,,,JACKSON BLVD,,,,0.00,Y,Four-Way,N,Intersection,None,,,         ,Mark,Hill,Clear,Angle,no,no,no,no,no,False
102458364,METROPOLITAN NASHVILLE POLICE DEPT,20190557266,Davidson,Nashville,7/26/2019 9:15:00 AM,2,1,0,36.117340,-86.795260,GALE LN,,,,594.00,Feet,East,BELMONT BLVD,,,,0.00,N,Not at Intersection,N,Non-Junction,None,,,         ,Justin,Pinkelton,Clear,Angle,no,no,no,no,no,False
102458398,METROPOLITAN NASHVILLE POLICE DEPT,20190557064,Davidson,Nashville,7/26/2019 7:22:00 AM,2,0,0,36.142100,-86.742860,POLK AV,,,,73.00,Feet,South,MURFREESBORO PKE,,,,0.00,N,Not at Intersection,N,Non-Junction,None,,,         ,Jessie,Meadows,Clear,"Sideswipe, Same Direction",no,no,no,no,no,False
102458399,METROPOLITAN NASHVILLE POLICE DEPT,20190557399,Davidson,Nashville,7/26/2019 10:20:00 AM,2,0,0,36.059890,-86.671810,ANTIOCH PKE,,,,92.00,Feet,East,BLUE HOLE RD,,,,0.00,N,Not at Intersection, ,Non-Junction,None,,,         ,Jessie,Meadows,Clear,Front to Rear,no,no,no,no,no,False
102458403,METROPOLITAN NASHVILLE POLICE DEPT,20190557471,Davidson,Nashville,7/26/2019 10:39:00 AM,2,0,0,36.150150,-86.857950,WHITE BRIDGE PKE,,,,0.00,,,CHARLOTTE PKE,,,,0.00,Y,Four-Way, ,Intersection,None,,,         ,Curtis,Rich,Clear,Angle,no,no,no,no,no,False
102458404,METROPOLITAN NASHVILLE POLICE DEPT,20190557435,Davidson,Nashville,7/26/2019 10:24:00 AM,2,0,0,36.151310,-86.750990,I 40,,,,0.00,,,,,,,211.55,N,Not at Intersection,N,Non-Junction,None,,,         ,Tien,Nguyen,Clear,Front to Rear,no,no,no,no,yes,False
102458421,METROPOLITAN NASHVILLE POLICE DEPT,20190557159,Davidson,Antioch,7/26/2019 8:19:00 AM,2,1,0,36.014850,-86.620840,I 24,,,,0.00,,,,,,,62.50,N,Not at Intersection, ,Non-Junction,None,,,         ,Nicholas,Carter,Clear,Front to Rear,no,no,no,no,no,False
102458422,METROPOLITAN NASHVILLE POLICE DEPT,20190557397,Davidson,Nashville,7/26/2019 10:12:00 AM,2,0,0,36.087570,-86.607220,ANDERSON RD,,,,50.00,Feet,South,SMITH SPRINGS RD,,,,0.00,N,Not at Intersection, ,Non-Junction,None,,,         ,Thomas,Odom,Clear,Front to Rear,no,no,no,no,no,False
102458432,METROPOLITAN NASHVILLE POLICE DEPT,20190557534,Davidson,Nashville,7/26/2019 11:30:00 AM,3,1,0,36.108570,-86.812200,HILLSBORO PKE,,,,46.00,Feet,South,GLEN ECHO RD,,,,0.00,N,Not at Intersection,N,Non-Junction,None,,,         ,Curtis,Rich,Clear,Front to Rear,no,no,no,no,no,False
102458456,METROPOLITAN NASHVILLE POLICE DEPT,20190557117,Davidson,Nashville,7/26/2019 7:55:00 AM,2,3,0,36.203550,-86.738530,GALLATIN PKE,,,,0.00,,,E TRINITY LN,,,,0.00,Y,T-Intersection,N,Intersection,None,,,         ,Doyle,Price,Clear,Angle,no,no,no,no,no,False
102458476,METROPOLITAN NASHVILLE POLICE DEPT,20190557599,Davidson,Nashville,7/26/2019 11:53:00 AM,2,0,0,36.184860,-86.759280,CLEVELAND ST,,,,0.00,,,ELLINGTON PKWY N ENT RAMP,,,,0.00,Y,Four-Way, ,Intersection,None,,,         ,Ronald,Bright,Cloudy,Front to Rear,no,no,no,no,no,False