master_record_number,agency,agency_tracking_number,county,city,collision_date,vehicles_involved,number_injured,number_dead,latitude,longitude,roadway_name,roadway_suffix,roadway_number,roadway_local_id,distance_from_reference,miles-feet_indicator,direction_from_reference,intersection_road_name,intersection_road_name_suffix,intersection_road_number,intersection_local_id,mile_marker,intersection_indicator,intersect_type,interchange_related_indicator,relation_to_junction,work_zone_type,construction_maintenance_zone,construction_maintenance_zone_location,fatal_case_number,officer_first_name,officer_last_name,weather_condition(s),manner_of_crash,pedestrian,bicycle,scooter,parking,hitrun,mou
102462346,METROPOLITAN NASHVILLE POLICE DEPT,20190566171,Davidson,Nashville,7/30/2019 8:17:00 AM,2,0,0,36.214610,-86.604660,LEBANON PKE,,,,0.00,,,SHUTE LN,,,,0.00,Y,T-Intersection, ,Intersection-Related,None,,,         ,Tien,Nguyen,Clear,Front to Rear,no,no,no,no,no,False
102462354,METROPOLITAN NASHVILLE POLICE DEPT,20190566252,Davidson,Nashville,7/30/2019 8:45:00 AM,2,0,0,36.108540,-86.922440,OLD HICKORY BLVD,,,,255.00,Feet,North,ROCKY LN,,,,0.00,N,Not at Intersection,N,Non-Junction,None,,,         ,Gregory,McDaniel,Cloudy,Front to Rear,no,no,no,no,no,False
102462366,METROPOLITAN NASHVILLE POLICE DEPT,20190566314,Davidson,Nashville,7/30/2019 8:37:00 AM,2,0,0,36.157380,-86.770380,HERMITAGE AV,,,,50.00,Feet,East,PEABODY ST,,,,0.00,N,Not at Intersection, ,Non-Junction,None,,,         ,Michael,Schlegel,Clear,Angle,no,no,no,no,yes,False
102462368,METROPOLITAN NASHVILLE POLICE DEPT,20190566218,Davidson,Nashville,7/30/2019 8:38:00 AM,2,1,0,36.179170,-86.775920,COWAN ST,,,,835.00,Feet,North,SPRING ST,,,,0.00,N,Not at Intersection, ,Non-Junction,None,,,         ,Cody,O'Quinn,Cloudy,Front to Rear,no,no,no,no,no,False
102462369,METROPOLITAN NASHVILLE POLICE DEPT,20190565943,Davidson,Nashville,7/30/2019 6:17:00 AM,1,1,0,36.238120,-86.783030,BRILEY PKWYE,,,,0.00,,,I24 W EXT RAMP,,,,0.00,Y,OTHER,Y,Entrance/Exit Ramp Related,None,,,         ,Gabriel,Centeno,Cloudy,Not Collision with Motor Vehicle in Transport,no,no,no,no,no,False
102462386,METROPOLITAN NASHVILLE POLICE DEPT,20190565926,Davidson,Madison,7/30/2019 6:33:00 AM,2,1,0,36.232970,-86.768700,I 65,,,,0.00,,,,,,,89.25,N,Not at Intersection,N,Non-Junction,None,,,         ,Brian,Otto,Clear,"Sideswipe, Same Direction",no,no,no,no,no,False
102462387,METROPOLITAN NASHVILLE POLICE DEPT,20190566450,Davidson,Nashville,7/30/2019 10:30:00 AM,2,0,0,36.047130,-86.656480,BELL RD,,,,223.00,Feet,West,HICKORY HOLLOW PKWY,,,,0.00,N,Not at Intersection, ,Non-Junction,None,,,         ,Nelson,Hemingway,Clear,"Sideswipe, Same Direction",no,no,no,no,no,False
102462415,METROPOLITAN NASHVILLE POLICE DEPT,20190566109,Davidson,Nashville,7/30/2019 8:00:00 AM,2,0,0,36.252950,-86.716980,GALLATIN PKES,,,,110.00,Feet,South,EMMITT AV,,,,0.00,N,Not at Intersection, ,,None,,,         ,Brian,Otto,,,no,no,no,no,no,False
102462418,METROPOLITAN NASHVILLE POLICE DEPT,20190566457,Davidson,Nashville,7/30/2019 10:31:00 AM,2,1,0,36.167600,-86.762220,S 5TH ST,,,,0.00,,,SHELBY AV,,,,0.00,Y,Four-Way,Y,Intersection,None,,,         ,Dillon,Hunt,Clear,"Sideswipe, Opposite Direction",no,no,no,no,no,False
102462423,METROPOLITAN NASHVILLE POLICE DEPT,20190566437,Davidson,Nashville,7/30/2019 10:32:00 AM,2,0,0,36.044960,-86.665110,BELL RD,,,,518.00,Feet,North,CEDAR POINTE PKWY,,,,0.00,N,Not at Intersection,N,"Driveway, Alley Access, etc",None,,,         ,Nicholas,Carter,Clear,Angle,no,no,no,no,no,False
102462425,METROPOLITAN NASHVILLE POLICE DEPT,20190564064,Davidson,Nashville,7/30/2019 10:22:00 AM,1,0,0,36.154130,-86.836080,I 40,,,,0.00,,,,,,,205.15,N,Not at Intersection, ,Non-Junction,None,,,         ,Andrew,McCarron,Clear,Not Collision with Motor Vehicle in Transport,no,no,no,no,no,False
102462427,METROPOLITAN NASHVILLE POLICE DEPT,20190566483,Davidson,Nashville,7/30/2019 10:52:00 AM,3,2,0,36.088780,-86.796160,BATTERY LN,,,,0.00,,,PADDOCK PK,,,,0.00,Y,T-Intersection,N,Intersection,None,,,         ,Earl,Davis,Clear,Front to Rear,no,no,no,no,no,False
102462428,METROPOLITAN NASHVILLE POLICE DEPT,20190566177,Davidson,Nashville,7/30/2019 8:21:00 AM,2,0,0,36.148590,-86.745740,I 40,,,,0.00,,,,,,,211.90,N,Not at Intersection,N,Non-Junction,None,,,         ,Anna,Clayton,Clear,Front to Rear,no,no,no,no,no,False
102462436,METROPOLITAN NASHVILLE POLICE DEPT,20190564315,Davidson,Not in City Limit,7/29/2019 1:19:00 PM,2,1,0,36.321770,-86.855640,I 24,,,,0.00,,,,,,,35.65,N,Not at Intersection,N,Non-Junction,None,,,         ,Fabjan,Llukaj,Clear,Front to Rear,no,no,no,no,yes,False
102462440,METROPOLITAN NASHVILLE POLICE DEPT,20190566061,Davidson,Nashville,7/30/2019 7:44:00 AM,2,0,0,36.236610,-86.761670,I 65,,,,0.00,,,,,,,89.70,N,Not at Intersection, ,Non-Junction,None,,,         ,Gabriel,Centeno,Cloudy,Front to Rear,no,no,no,no,no,False
102462444,METROPOLITAN NASHVILLE POLICE DEPT,20190566488,Davidson,Nashville,7/30/2019 11:00:00 AM,2,0,0,36.167770,-86.762320,S 5TH ST,,,,68.00,Feet,North,SHELBY AV,,,,0.00,N,Not at Intersection, ,Non-Junction,None,,,         ,Russell,Freeman,Clear,"Sideswipe, Same Direction",no,no,no,no,no,False
102462454,VANDERBILT UNIVERSITY POLICE,20190566588,Davidson,Nashville,7/30/2019 11:26:00 AM,2,0,0,36.143050,-86.810120,JESS NEELY DR,,,,0.00,,,NATCHEZ TRC,,,,0.00,Y,Four-Way, ,Intersection-Related,None,,,         ,O'Darra,Beauvais,Clear,Front to Rear,no,no,no,no,no,Campus
102462461,METROPOLITAN NASHVILLE POLICE DEPT,20190566641,Davidson,Nashville,7/30/2019 12:08:00 PM,2,2,0,36.182700,-86.748840,GALLATIN AV,,,,0.00,,,STRATTON AV,,,,0.00,Y,T-Intersection,N,Intersection-Related,None,,,         ,Russell,Freeman,Clear,Angle,no,no,no,no,no,False
102462486,METROPOLITAN NASHVILLE POLICE DEPT,20190566766,Davidson,Nashville,7/30/2019 12:57:00 PM,2,0,0,36.167660,-86.663320,LEBANON PKE,,,,0.00,,,DONELSON PKE,,,,0.00,Y,Four-Way, ,Intersection-Related,None,,,         ,Tien,Nguyen,Clear,Front to Rear,no,no,no,no,no,False
102462498,METROPOLITAN NASHVILLE POLICE DEPT,20190566707,Davidson,Nashville,7/30/2019 12:35:00 PM,2,0,0,36.143960,-86.722570,ELM HILL PKE,,,,0.00,,,SPENCE LN,,,,0.00,Y,Four-Way, ,Intersection,None,,,         ,Michael,Dance,Clear,"Sideswipe, Same Direction",no,no,no,no,no,False
102462505,METROPOLITAN NASHVILLE POLICE DEPT,20190566496,Davidson,Madison,7/30/2019 10:40:00 AM,2,0,0,36.307150,-86.685120,GALLATIN PKEN,,,,95.00,Feet,West,NORTHSIDE MARKETPLACE PVTDR,,,,0.00,N,Not at Intersection,N,Non-Junction,None,,,         ,Nathaniel,Carroll,Clear,Front to Rear,no,no,no,yes,yes,False
102462521,METROPOLITAN NASHVILLE POLICE DEPT,2019-0564422,Davidson,Nashville,7/29/2019 2:35:00 PM,2,1,0,36.150980,-86.783510,DIVISION ST,,,,108.00,Feet,West,MAGAZINE ST,,,,0.00,N,Not at Intersection,N,"Driveway, Alley Access, etc",None,,,         ,Jacob,Robbins,Clear,HeadOn,no,no,no,no,no,False
102462547,VANDERBILT UNIVERSITY POLICE,20190566647,Davidson,Nashville,7/30/2019 10:55:00 AM,2,0,0,36.108010,-86.764910,POWELL AV,,,,0.00,,,,,,,0.00,,, ,Intersection-Related,None,,,         ,Fred,Oakley,Clear,Angle,no,no,no,yes,no,OHO
102462556,METROPOLITAN NASHVILLE POLICE DEPT,20190566770,Davidson,Nashville,7/30/2019 12:56:00 PM,2,0,0,36.185300,-86.754340,CHICAMAUGA AV,,,,0.00,,,MCFERRIN AV,,,,0.00,Y,T-Intersection, ,Intersection,None,,,         ,Doyle,Price,Cloudy,Angle,no,no,no,no,no,False
102462561,METROPOLITAN NASHVILLE POLICE DEPT,20190566777,Davidson,Nashville,7/30/2019 12:55:00 PM,2,0,0,36.147760,-86.743510,FESSLERS LN,,,,0.00,,,I40 W ENT RAMP,,,,0.00,Y,T-Intersection, ,Intersection,None,,,         ,Michael,Dance,Clear,"Sideswipe, Same Direction",no,no,no,no,no,False
102462601,METROPOLITAN NASHVILLE POLICE DEPT,20190566763,Davidson,Nashville,7/30/2019 12:51:00 PM,2,1,0,36.092570,-86.738910,MCNALLY DR,,,,0.00,,,ATLAS DR,,,,0.00,Y,T-Intersection,N,Intersection,None,,,         ,Raymond,Flaherty,Clear,Angle,no,no,no,no,no,False
102462644,METROPOLITAN NASHVILLE POLICE DEPT,20190566987,Davidson,Nashville,7/30/2019 2:56:00 PM,2,1,0,36.154480,-86.779460,8TH AVS,,,,0.00,,,8TH AVS,,,,0.00,Y,Roundabout,N,Intersection,None,,,         ,Joshua,Reece,Clear,Angle,no,no,no,no,no,False
102462652,METROPOLITAN NASHVILLE POLICE DEPT,20190566976,Davidson,Nashville,7/30/2019 2:40:00 PM,3,0,0,36.131760,-86.778970,8TH AVS,,,,0.00,Feet,,SOUTH DOUGLAS AV,,,,0.00,Y,T-Intersection,N,Intersection,None,,,         ,Conor,Cronin,Clear,Front to Rear,no,no,no,no,yes,False
102462659,METROPOLITAN NASHVILLE POLICE DEPT,20190566939,Davidson,Not in City Limit,7/30/2019 12:09:00 PM,2,2,0,36.300860,-86.783200,BRICK CHURCH PKE,,,,0.66,Miles,North,JACKSON RD,,,,0.00,N,Not at Intersection,N,Non-Junction,None,,,         ,Christopher,Littles,Rain,Angle,no,no,no,no,no,False
102462662,METROPOLITAN NASHVILLE POLICE DEPT,20190566818,Davidson,Not in City Limit,7/30/2019 1:31:00 PM,3,2,0,36.275270,-86.721220,E CAMPBELL RD,,,,0.00,Feet,,HIGHLAND CIR,,,,0.00,Y,Four-Way,Y,Intersection-Related,None,,,         ,Matthew,Harris,Clear,Angle,no,no,no,no,no,False
102462696,METROPOLITAN NASHVILLE POLICE DEPT,20190566899,Davidson,Nashville,7/30/2019 2:11:00 PM,2,3,0,36.127110,-86.711620,MURFREESBORO PKE,,,,217.00,Feet,West,THOMPSON PL,,,,0.00,N,Not at Intersection,N,Non-Junction,None,,,         ,Thomas,Odom,Clear,Angle,no,no,no,no,no,False
102462698,METROPOLITAN NASHVILLE POLICE DEPT,20190567103,Davidson,Nashville,7/30/2019 3:50:00 PM,2,0,0,36.066890,-86.687990,APACHE TRL,,,,75.00,Feet,West,VILLAS OF BAVARIA PVTDR,,,,0.00,N,Not at Intersection,N,Non-Junction,None,,,         ,Richard,Olive,Clear,Front to Rear,no,no,no,no,no,False
102462699,METROPOLITAN NASHVILLE POLICE DEPT,20190567116,Davidson,Nashville,7/30/2019 3:06:00 PM,2,0,0,36.152090,-86.742610,FESSLERS LN,,,,77.00,Feet,South,HEATHCOTE AV,,,,0.00,N,Not at Intersection,N,Non-Junction,None,,,         ,Samuel,Sundra,Clear,Front to Rear,no,no,no,no,no,False
102462703,METROPOLITAN NASHVILLE POLICE DEPT,20190566968,Davidson,Nashville,7/30/2019 2:12:00 PM,3,2,0,36.191340,-86.787250,I 65,,,,0.00,,,,,,,85.90,N,Not at Intersection, ,Non-Junction,None,,,         ,Bailee,Hickman,Clear,Front to Rear,no,no,no,no,no,False
102462712,METROPOLITAN NASHVILLE POLICE DEPT,2019-0566990,Davidson,Nashville,7/30/2019 3:00:00 PM,2,0,0,36.040120,-86.780740,OLD HICKORY BLVD,,,,0.00,,,I65 N ENT RAMP,,,,0.00,Y,T-Intersection,N,Intersection,None,,,         ,William,King,Clear,Angle,no,no,no,no,no,False
102462713,METROPOLITAN NASHVILLE POLICE DEPT,20190567157,Davidson,Nashville,7/30/2019 4:21:00 PM,2,1,0,36.144680,-86.812980,WEST END AV,,,,60.00,Feet,East,29TH AVN,,,,0.00,N,Not at Intersection,N,Non-Junction,None,,,         ,FELIKS,ABRAHAMYAN,Clear,"Sideswipe, Same Direction",no,no,no,no,no,Campus
102462714,METROPOLITAN NASHVILLE POLICE DEPT,20190567178,Davidson,Nashville,7/30/2019 4:19:00 PM,2,0,0,36.128100,-86.844620,BOSLEY SPRINGS RD,,,,194.00,Feet,East,ST THOMAS DR,,,,0.00,N,Not at Intersection,N,Non-Junction,None,,,         ,Walter,Gray II,Clear,Front to Rear,no,no,no,yes,yes,False
102462716,METROPOLITAN NASHVILLE POLICE DEPT,20190566981,Davidson,Nashville,7/30/2019 3:00:00 PM,2,0,0,36.165890,-86.794820,I 40,,,,0.00,,,,,,,208.35,N,Not at Intersection, ,,None,,,         ,Gardiner,Bradley,,,no,no,no,no,no,False
102462717,METROPOLITAN NASHVILLE POLICE DEPT,20190567150,Davidson,Nashville,7/30/2019 4:15:00 PM,2,0,0,36.235720,-86.726850,BRILEY PKWYE,,,,123.00,Feet,West,BRILEY PKWY E EXT RAMP,,,,0.00,N,Not at Intersection,N,Non-Junction,None,,,         ,Christopher,Butner,Cloudy,Front to Rear,no,no,no,no,yes,False
102462718,METROPOLITAN NASHVILLE POLICE DEPT,20190567100,Davidson,Nashville,7/30/2019 3:52:00 PM,2,1,0,36.208280,-86.767370,DICKERSON PKE,,,,16.00,Feet,North,GRIZZARD AV,,,,0.00,N,Not at Intersection,N,Non-Junction,None,,,         ,Marc,Kozen,Rain,HeadOn,no,no,no,no,no,False
102462719,METROPOLITAN NASHVILLE POLICE DEPT,20190567212,Davidson,Nashville,7/30/2019 4:35:00 PM,2,0,0,36.179030,-86.790480,5TH AVN,,,,0.00,Feet,West,VAN BUREN ST,,,,0.00,N,Not at Intersection, ,,None,,,         ,Amery,Milligan,,,no,no,no,no,no,False
102462725,METROPOLITAN NASHVILLE POLICE DEPT,20190567197,Davidson,Nashville,7/30/2019 12:00:00 AM,2,0,0,36.149700,-86.748010,I 40,,,,0.00,,,,,,,211.75,N,Not at Intersection, ,,Construction Zone,,,         ,Alexander,Spradling,,,no,no,no,no,no,False
102462731,METROPOLITAN NASHVILLE POLICE DEPT,20190567245,Davidson,Nashville,7/30/2019 4:57:00 PM,2,1,0,36.146310,-86.742220,I 40,,,,0.00,,,,,,,212.15,N,Not at Intersection, ,Non-Junction,None,,,         ,Samuel,Sundra,Cloudy,Front to Rear,no,no,no,no,no,False
102462734,METROPOLITAN NASHVILLE POLICE DEPT,20190567164,Davidson,Nashville,7/30/2019 4:25:00 PM,2,0,0,36.163180,-86.761660,I 24,,,,0.00,,,,,,,49.25,N,Not at Intersection, ,Non-Junction,None,,,         ,Trevor,Jones,Clear,Front to Rear,no,no,no,no,no,False
102462735,METROPOLITAN NASHVILLE POLICE DEPT,20190566999,Davidson,Nashville,7/30/2019 2:20:00 PM,1,0,0,36.158920,-86.681220,MCGAVOCK PKE,,,,0.00,,,GRAYLYNN DR,,,,0.00,Y,Four-Way,Y,Intersection,None,,,         ,Allyson,Reis,Clear,Not Collision with Motor Vehicle in Transport,no,no,no,no,no,False
102462742,METROPOLITAN NASHVILLE POLICE DEPT,20190567200,Davidson,Nashville,7/30/2019 4:35:00 PM,2,0,0,36.126360,-86.814700,I 440,,,,0.00,,,,,,,2.30,N,Not at Intersection,N,Non-Junction,None,,,         ,Joel,Cottrill,Clear,Front to Rear,no,no,no,no,no,False
102462763,METROPOLITAN NASHVILLE POLICE DEPT,20190567065,Davidson,Not in City Limit,7/30/2019 3:36:00 PM,2,0,0,36.263170,-86.713070,STATE HWY 45,,,,344.00,Feet,West,US HWY 31E,,,,0.00,N,Not at Intersection,N,Non-Junction,None,,,         ,Bradley,Campbell,Clear,Angle,no,no,no,no,no,False
102462777,METROPOLITAN NASHVILLE POLICE DEPT,20190567370,Davidson,Nashville,7/30/2019 5:20:00 PM,3,0,0,36.174530,-86.760940,MAIN ST,,,,0.00,,,N 7TH ST,,,,0.00,Y,Four-Way,N,Non-Junction,None,,,         ,Kevin,Clausius,Clear,Front to Rear,no,no,no,no,no,False
102462783,METROPOLITAN NASHVILLE POLICE DEPT,20190567230,Davidson,Nashville,7/30/2019 4:57:00 PM,2,1,0,36.240510,-86.750000,BRILEY PKWYE,,,,296.00,Feet,West,BRILEY PKWYW,,,,0.00,N,Not at Intersection,N,Non-Junction,None,,,         ,Christopher,Littles,Clear,Front to Rear,no,no,no,no,no,False
102462784,METROPOLITAN NASHVILLE POLICE DEPT,20190567287,Davidson,Nashville,7/30/2019 5:24:00 PM,3,5,0,36.240410,-86.768280,BRILEY PKWYE,,,,1429.00,Feet,East,MOOREWOOD DR,,,,0.00,N,Not at Intersection, ,Non-Junction,None,,,         ,Christopher,Littles,Cloudy,Front to Rear,no,no,no,no,no,False
102462796,METROPOLITAN NASHVILLE POLICE DEPT,20190567264,Davidson,Not in City Limit,7/30/2019 12:00:00 AM,2,0,0,36.325910,-86.868970,I24 W EXT RAMP,,,,0.00,,,I 24,,,,0.00,Y,T-Intersection, ,Entrance/Exit Ramp Related,None,,,         ,Julie,Nabors,Rain,Front to Rear,no,no,no,no,no,False
102462803,METROPOLITAN NASHVILLE POLICE DEPT,20190567383,Davidson,Nashville,7/30/2019 6:06:00 PM,2,0,0,36.168990,-86.600620,OLD HICKORY BLVD,,,,184.00,Feet,North,MILLS RD,,,,0.00,N,Not at Intersection, ,,None,,,         ,Abbey,Sawl,,,no,no,no,no,no,False
102462805,METROPOLITAN NASHVILLE POLICE DEPT,20190567390,Davidson,Nashville,7/30/2019 6:13:00 PM,2,0,0,36.058820,-86.670330,MT VIEW RD,,,,34.00,Feet,East,HICKORY HOLLOW PKWY,,,,0.00,N,Not at Intersection,N,Non-Junction,None,,,         ,Devonte,Coleman,Rain,Front to Rear,no,no,no,no,yes,False
102462806,METROPOLITAN NASHVILLE POLICE DEPT,20190567132,Davidson,Nashville,7/30/2019 2:22:00 PM,2,0,0,36.124750,-86.735130,I 440,,,,0.00,,,,,,,7.10,N,Not at Intersection,N,Non-Junction,None,,,         ,Aimee,Ortiz,Cloudy,Front to Rear,no,no,no,no,no,False
102462809,GOODLETTSVILLE POLICE DEPT,19-28432,Davidson,Goodlettsville,7/30/2019 5:56:00 PM,2,0,0,36.315220,-86.699090,CONFERENCE DR,,,,215.00,Feet,North,WINDSOR GREEN BLVD,,,,0.00,N,Not at Intersection, ,Non-Junction,None,,,         ,Marcus,Zugelder,Clear,Front to Rear,no,no,no,no,no,False
102462812,METROPOLITAN NASHVILLE POLICE DEPT,20190567316,Davidson,Nashville,7/30/2019 5:40:00 PM,2,0,0,36.160860,-86.783380,ROSA L PARKS BLVD,,,,250.00,Feet,East,9TH AVN,,,,0.00,N,Not at Intersection, ,Non-Junction,None,,,         ,Brandon,O'Guin,Clear,Front to Rear,no,no,no,no,no,False
102462813,METROPOLITAN NASHVILLE POLICE DEPT,20190567458,Davidson,Not in City Limit,7/30/2019 6:49:00 PM,2,0,0,36.260950,-86.712640,GALLATIN PKES,,,,112.00,Feet,South,MAPLE ST,,,,0.00,N,Not at Intersection,N,Non-Junction,None,,,         ,Christopher,Littles,Clear,Rear to Side,no,no,no,no,no,False
102462815,METROPOLITAN NASHVILLE POLICE DEPT,20190567419,Davidson,Nashville,7/30/2019 5:40:00 PM,3,1,0,36.146860,-86.767940,4TH AVS,,,,134.00,Feet,North,MILDRED SHUTE AV,,,,0.00,N,Not at Intersection,N,Non-Junction,None,,,         ,Ciarra,Rench,Rain,"Sideswipe, Same Direction",no,no,no,no,no,False
102462816,METROPOLITAN NASHVILLE POLICE DEPT,20190567351,Davidson,Nashville,7/30/2019 3:55:00 PM,2,1,0,36.155880,-86.739740,OMOHUNDRO PL,,,,77.00,Feet,South,FREIGHTLINER DR,,,,0.00,N,Not at Intersection, ,Non-Junction,None,,,         ,Samuel,Sundra,Clear,Front to Rear,no,no,no,no,no,False
102462817,METROPOLITAN NASHVILLE POLICE DEPT,20190564662,Davidson,Nashville,7/29/2019 4:07:00 PM,1,1,0,36.123790,-86.817020,WOODLAWN DR,,,,121.00,Feet,East,WORTHAM AV,,,,0.00,N,Not at Intersection,N,Non-Junction,None,,,         ,Torian,Cox,Clear,Not Collision with Motor Vehicle in Transport,no,no,no,no,no,False
102462819,METROPOLITAN NASHVILLE POLICE DEPT,20190567466,Davidson,Nashville,7/30/2019 6:45:00 PM,2,0,0,36.167010,-86.763730,S 4TH ST,,,,0.00,,,SHELBY AV,,,,0.00,Y,Four-Way,N,Intersection,None,,,         ,Kevin,Clausius,Clear,Angle,no,no,no,no,yes,False
102462820,METROPOLITAN NASHVILLE POLICE DEPT,20190567322,Davidson,Nashville,7/30/2019 5:41:00 PM,2,1,0,36.120820,-86.779280,VAULX LN,,,,0.00,Feet,North,KIRKWOOD AV,,,,0.00,N,Not at Intersection,N,Non-Junction,None,,,         ,Randy,Puckett,Rain,Front to Rear,no,no,no,no,no,False
102462827,METROPOLITAN NASHVILLE POLICE DEPT,20190567342,Davidson,Nashville,7/30/2019 4:10:00 PM,2,0,0,36.168570,-86.813360,I40 E EXT RAMP,,,,0.00,,,I 40,,,,0.00,Y,OTHER, ,,None,,,         ,Gardiner,Bradley,,,no,no,no,no,no,False
102462829,METROPOLITAN NASHVILLE POLICE DEPT,20190567115,Davidson,Nashville,7/30/2019 3:55:00 PM,2,0,0,36.188340,-86.816760,DOWLAN ST,,,,0.00,,,25TH AVN,,,,0.00,Y,Four-Way,Y,Intersection,None,,,         ,Luke,Steigerwalt,Clear,Angle,no,no,no,no,no,False
102462830,METROPOLITAN NASHVILLE POLICE DEPT,20190567414,Davidson,Nashville,7/30/2019 5:05:00 PM,2,1,0,36.192970,-86.801830,ATHENS WAY,,,,0.00,,,ROSA L PARKS BLVD,,,,0.00,Y,Four-Way,Y,Intersection,None,,,         ,Luke,Steigerwalt,Clear,Front to Rear,no,no,no,no,no,False
102462832,METROPOLITAN NASHVILLE POLICE DEPT,20190567321,Davidson,Not in City Limit,7/30/2019 5:40:00 PM,3,0,0,36.269930,-86.736470,I 65,,,,0.00,,,,,,,92.65,N,Not at Intersection, ,Non-Junction,None,,,         ,Jacob,Krispin,Clear,Front to Rear,no,no,no,no,no,False
102462834,METROPOLITAN NASHVILLE POLICE DEPT,20190567415,Davidson,Nashville,7/30/2019 6:29:00 PM,1,2,0,36.139160,-86.726960,I24 W ENT RAMP,,,,0.00,Feet,East,I 40,,,,0.00,N,Not at Intersection,N,Non-Junction,None,,,         ,Samuel,Sundra,Clear,Not Collision with Motor Vehicle in Transport,no,no,no,no,no,False
102462837,METROPOLITAN NASHVILLE POLICE DEPT,20190567357,Davidson,Nashville,7/30/2019 5:45:00 PM,3,0,0,36.123070,-86.806790,HILLSBORO PKE,,,,60.00,Feet,North,I440 E EXT RAMP,,,,0.00,N,Not at Intersection, ,,None,,,         ,Conor,Cronin,,,no,no,no,no,no,False
102462839,METROPOLITAN NASHVILLE POLICE DEPT,20190567320,Davidson,Nashville,7/30/2019 4:36:00 PM,2,0,0,36.159410,-86.796710,CHARLOTTE AV,,,,0.00,,,16TH AVN,,,,0.00,Y,T-Intersection, ,,None,,,         ,FELIKS,ABRAHAMYAN,,,no,no,no,no,no,False
102462850,METROPOLITAN NASHVILLE POLICE DEPT,20190567556,Davidson,Nashville,7/30/2019 7:28:00 PM,1,0,0,36.090210,-86.703190,I 24,,,,0.00,,,,,,,55.40,N,Not at Intersection,N,Non-Junction,None,,,         ,Jarret,Sonnenberg,Clear,Not Collision with Motor Vehicle in Transport,no,no,no,no,yes,False
102462860,METROPOLITAN NASHVILLE POLICE DEPT,20190567561,Davidson,Nashville,7/30/2019 7:33:00 PM,2,0,0,36.135690,-86.885470,CHARLOTTE PKE,,,,104.00,Feet,West,BROOK HOLLOW RD,,,,0.00,N,Not at Intersection, ,Non-Junction,None,,,         ,Walter,Gray II,Clear,Front to Rear,no,no,no,no,no,False
102462873,METROPOLITAN NASHVILLE POLICE DEPT,20190567395,Davidson,Nashville,7/30/2019 6:18:00 PM,2,1,0,36.148480,-86.793490,CHET ATKINS PL,,,,0.00,,,MUSIC SQW,,,,0.00,Y,Four-Way,N,Intersection,None,,,         ,FELIKS,ABRAHAMYAN,Clear,Angle,no,no,no,no,no,False
102462906,METROPOLITAN NASHVILLE POLICE DEPT,20190567529,Davidson,Nashville,7/30/2019 5:53:00 PM,2,0,0,36.137200,-86.796950,WEDGEWOOD AV,,,,0.00,,,18TH AVS,,,,0.00,Y,Four-Way, ,,None,,,         ,FELIKS,ABRAHAMYAN,,,no,no,no,no,no,Campus
102462908,METROPOLITAN NASHVILLE POLICE DEPT,20190567382,Davidson,Nashville,7/30/2019 12:00:00 AM,2,0,0,36.200000,-86.825290,BUENA VISTA PKE,,,,369.00,Feet,East,MATTIE ST,,,,0.00,N,Not at Intersection,N,"Driveway, Alley Access, etc",None,,,         ,Julie,Nabors,Clear,Angle,no,no,no,no,no,False
102462962,Nashville Airport Police,2019-03257,Davidson,Nashville,7/30/2019 7:00:00 PM,2,0,0,36.133520,-86.665030,TERMINAL DR,,,,1047.00,Feet,South,SATELLITE WAY ENT RAMP,,,,0.00,N,Not at Intersection, ,Non-Junction,None,,,         ,Amndrew,Sepulveda,Rain,"Sideswipe, Same Direction",no,no,no,no,no,False
102462975,METROPOLITAN NASHVILLE POLICE DEPT,20190567362,Davidson,Nashville,7/30/2019 5:10:00 PM,2,0,0,36.169680,-86.677300,LEBANON PKE,,,,774.00,Feet,East,MCGAVOCK PKE,,,,0.00,N,Not at Intersection, ,Non-Junction,None,,,         ,Allyson,Reis,Clear,Angle,no,no,no,no,yes,False
102462976,METROPOLITAN NASHVILLE POLICE DEPT,20190567717,Davidson,Nashville,7/30/2019 8:46:00 PM,1,2,0,36.136040,-86.727290,I24 E EXT RAMP,,,,0.00,Feet,East,I 24,,,,0.00,N,Not at Intersection,N,Non-Junction,None,,,         ,Jarret,Sonnenberg,Clear,Not Collision with Motor Vehicle in Transport,no,no,no,no,no,False
102462991,METROPOLITAN NASHVILLE POLICE DEPT,20190567426,Davidson,Nashville,7/30/2019 3:31:00 PM,2,0,0,36.151850,-86.791520,DIVISION ST,,,,28.00,Feet,East,MUSIC SQE,,,,0.00,N,Not at Intersection, ,,None,,,         ,Gabriel,Hamilton,,,no,no,no,no,no,False
102462995,METROPOLITAN NASHVILLE POLICE DEPT,20190567794,Davidson,Nashville,7/30/2019 9:26:00 PM,2,0,0,36.192710,-86.744370,DOUGLAS AV,,,,0.00,,,GALLATIN AV,,,,0.00,Y,Four-Way, ,Intersection,None,,,         ,Richard,Conger,Clear,"Sideswipe, Same Direction",no,no,no,no,no,False
102463003,METROPOLITAN NASHVILLE POLICE DEPT,20190567761,Davidson,Not in City Limit,7/30/2019 9:11:00 PM,2,4,0,36.266000,-86.741390,OLD HICKORY BLVDW,,,,0.00,,,NESBITT LN,,,,0.00,Y,Four-Way,N,Intersection,None,,,         ,Christopher,Littles,Cloudy,Angle,no,no,no,no,no,False
102463032,METROPOLITAN NASHVILLE POLICE DEPT,20190567738,Davidson,Nashville,7/30/2019 7:30:00 PM,2,0,0,36.080980,-86.697080,I 24,,,,0.00,,,,,,,56.10,N,Not at Intersection,N,Non-Junction,None,,,         ,Devonte,Coleman,Clear,Front to Rear,no,no,no,no,yes,False