master_record_number,agency,agency_tracking_number,county,city,collision_date,vehicles_involved,number_injured,number_dead,latitude,longitude,roadway_name,roadway_suffix,roadway_number,roadway_local_id,distance_from_reference,miles-feet_indicator,direction_from_reference,intersection_road_name,intersection_road_name_suffix,intersection_road_number,intersection_local_id,mile_marker,intersection_indicator,intersect_type,interchange_related_indicator,relation_to_junction,work_zone_type,construction_maintenance_zone,construction_maintenance_zone_location,fatal_case_number,officer_first_name,officer_last_name,weather_condition(s),manner_of_crash,pedestrian,bicycle,scooter,parking,hitrun,mou
102465982,METROPOLITAN NASHVILLE POLICE DEPT,20190575491,Davidson,Nashville,8/2/2019 5:21:00 PM,2,0,0,36.134250,-86.775380,WEDGEWOOD AV,,,,9.00,Feet,South,I65 N ENT RAMP,,,,0.00,N,Not at Intersection, ,,None,,,         ,Citlaly,Juarez,,,no,no,no,no,no,False
102465997,METROPOLITAN NASHVILLE POLICE DEPT,20190575721,Davidson,Nashville,8/2/2019 8:05:00 PM,2,0,0,36.172720,-86.765280,S 5TH ST,,,,49.00,Feet,South,SPRING ST,,,,0.00,N,Not at Intersection, ,,None,,,         ,Riley,Brewer,,,no,no,no,no,no,False
102465998,METROPOLITAN NASHVILLE POLICE DEPT,20190575252,Davidson,Nashville,8/2/2019 5:00:00 PM,2,0,0,36.142890,-86.666640,DONELSON PKE,,,,218.00,Feet,North,I40 W ENT RAMP,,,,0.00,N,Not at Intersection, ,Non-Junction,None,,,         ,Allyson,Reis,Clear,Angle,no,no,no,no,no,False
102465999,METROPOLITAN NASHVILLE POLICE DEPT,20190575355,Davidson,Nashville,8/2/2019 5:55:00 PM,3,2,0,36.142290,-86.679080,I 40,,,,0.00,,,,,,,215.90,N,Not at Intersection,N,Non-Junction,None,,,         ,Allyson,Reis,Clear,Front to Rear,no,no,no,no,yes,False
102466001,METROPOLITAN NASHVILLE POLICE DEPT,20190575414,Davidson,Nashville,8/2/2019 6:22:00 PM,2,0,0,36.154480,-86.779400,8TH AVS,,,,89.00,Feet,West,LAFAYETTE ST,,,,0.00,N,Not at Intersection, ,Non-Junction,None,,,         ,Nicolas,Pernell,Clear,Angle,no,no,no,no,no,False
102466003,METROPOLITAN NASHVILLE POLICE DEPT,20190575326,Davidson,Nashville,8/2/2019 5:40:00 PM,2,0,0,36.170210,-86.784590,HARRISON ST,,,,36.00,Feet,East,5TH AVN,,,,0.00,N,Not at Intersection, ,Non-Junction,None,,,         ,Jessie,Meadows,Clear,Angle,no,no,no,no,no,False
102466004,GOODLETTSVILLE POLICE DEPT,19-28839,Davidson,Goodlettsville,8/2/2019 7:25:00 PM,2,1,0,36.300730,-86.700950,RIVERGATE PKWY,,,,0.00,,,BLUEBIRD DR,,,,0.00,Y,Four-Way,N,Intersection,None,,,         ,Thomas,Eisenbraun,Rain,Front to Rear,no,no,no,no,no,False
102466031,METROPOLITAN NASHVILLE POLICE DEPT,20190575741,Davidson,Not in City Limit,8/2/2019 6:26:00 PM,3,0,0,36.323170,-86.861530,I 24,,,,0.00,,,,,,,35.35,N,Not at Intersection,N,Non-Junction,None,,,         ,Janelle,Keslar,Clear,Other,no,no,no,no,yes,False
102466041,METROPOLITAN NASHVILLE POLICE DEPT,20190575804,Davidson,Nashville,8/2/2019 8:36:00 PM,2,0,0,36.144490,-86.739210,I 40,,,,0.00,,,,,,,212.35,N,Not at Intersection,N,Non-Junction,None,,,         ,Kyle,Berkheiser,Rain,Front to Rear,no,no,no,no,no,False
102466046,METROPOLITAN NASHVILLE POLICE DEPT,20190575358,Davidson,Nashville,8/2/2019 5:29:00 PM,2,0,0,36.063860,-86.637250,BELL RD,,,,203.00,Feet,North,RICE RD,,,,0.00,N,Not at Intersection, ,Non-Junction,None,,,         ,Laura,Williams,Clear,Angle,no,no,no,yes,yes,False
102466058,METROPOLITAN NASHVILLE POLICE DEPT,20190575075,Davidson,Nashville,8/2/2019 3:57:00 PM,2,0,0,36.191860,-86.780280,I 65,,,,0.00,,,,,,,86.30,N,Not at Intersection, ,Non-Junction,None,,,         ,Justin,Vaughn,Clear,Front to Rear,no,no,no,no,no,False
102466086,METROPOLITAN NASHVILLE POLICE DEPT,20190575801,Davidson,Nashville,8/2/2019 8:38:00 PM,2,0,0,36.189550,-86.747500,SHARPE AV,,,,375.00,Feet,South,GALLATIN AV,,,,0.00,N,Not at Intersection, ,Non-Junction,None,,,         ,Jessica,Scott,Clear,Angle,no,no,no,no,no,False
102466087,METROPOLITAN NASHVILLE POLICE DEPT,20190574924,Davidson,Not in City Limit,8/2/2019 1:14:00 PM,2,0,0,36.325060,-86.876140,I 24,,,,0.00,,,,,,,34.50,N,Not at Intersection, ,Non-Junction,None,,,         ,Justin,Vaughn,Clear,Front to Rear,no,no,no,no,no,False
102466096,METROPOLITAN NASHVILLE POLICE DEPT,20190575716,Davidson,Nashville,8/2/2019 8:06:00 PM,2,3,0,36.067410,-86.631250,MURFREESBORO PKE,,,,0.00,Feet,,FOREST VIEW DR,,,,0.00,Y,Four-Way,N,Intersection,None,,,         ,Nathaniel,Myers,Rain,Angle,no,no,no,no,no,False
102466101,METROPOLITAN NASHVILLE POLICE DEPT,20190575330,Davidson,Nashville,8/2/2019 5:11:00 PM,2,0,0,36.151690,-86.822480,I 440,,,,0.00,,,,,,,1.55,N,Not at Intersection, ,Non-Junction,Construction Zone,,,         ,Darryl,Williams,Clear,Front to Rear,no,no,no,no,no,False
102466105,METROPOLITAN NASHVILLE POLICE DEPT,20190575952,Davidson,Nashville,8/2/2019 8:45:00 PM,2,1,0,36.052850,-86.674660,TUSCULUM RD,,,,0.00,,,SHACKLETT LANE CT,,,,0.00,Y,Four-Way,Y,Intersection,None,,,         ,Laura,Williams,Rain,Front to Rear,no,no,no,no,no,False
102466109,METROPOLITAN NASHVILLE POLICE DEPT,20190575824,Davidson,Nashville,8/2/2019 8:40:00 PM,2,0,0,36.165070,-86.779780,UNION ST,,,,15.00,Feet,East,4TH AVN,,,,0.00,N,Not at Intersection,N,Non-Junction,None,,,         ,Brent,Morris,Rain,"Sideswipe, Same Direction",no,no,no,no,no,False
102466141,METROPOLITAN NASHVILLE POLICE DEPT,20190575416,Davidson,Not in City Limit,8/2/2019 6:19:00 PM,1,1,0,36.279410,-86.855100,OLD HICKORY BLVD,,,,0.58,Miles,West,SHELLBARK DR,,,,0.00,N,Not at Intersection,N,Non-Junction,None,,,         ,Justin,Vaughn,Clear,Not Collision with Motor Vehicle in Transport,no,no,no,no,no,False
102466142,METROPOLITAN NASHVILLE POLICE DEPT,20190575996,Davidson,Nashville,8/2/2019 8:44:00 PM,2,0,0,36.050770,-86.668130,I 24,,,,0.00,,,,,,,58.80,N,Not at Intersection, ,Non-Junction,None,,,         ,Nathaniel,Myers,Rain,Front to Rear,no,no,no,no,no,False
102466153,METROPOLITAN NASHVILLE POLICE DEPT,20190575771,Davidson,Nashville,8/2/2019 12:00:00 AM,2,0,0,36.175290,-86.696410,BERMUDA DR,,,,472.00,Feet,South,BROOKVIEW DR,,,,0.00,N,Not at Intersection, ,Non-Junction,None,,,         ,Alexander,Spradling,Cloudy,Angle,no,no,no,no,no,False
102466163,METROPOLITAN NASHVILLE POLICE DEPT,20190575934,Davidson,Nashville,8/2/2019 9:15:00 PM,2,0,0,36.175440,-86.755310,WOODLAND ST,,,,433.00,Feet,East,S 9TH ST,,,,0.00,N,Not at Intersection, ,Non-Junction,None,,,         ,Christopher,Butner,Cloudy,Angle,no,no,no,no,no,False
102466194,METROPOLITAN NASHVILLE POLICE DEPT,20190575639,Davidson,Nashville,8/2/2019 6:33:00 PM,2,0,0,36.045250,-86.714450,OLD HICKORY BLVD,,,,102.00,Feet,East,BRENTWOOD EAST DR,,,,0.00,N,Not at Intersection,N,Non-Junction,None,,,         ,Darryl,Williams,Clear,Front to Rear,no,no,no,no,yes,False
102466198,METROPOLITAN NASHVILLE POLICE DEPT,20190575775,Davidson,Nashville,8/2/2019 8:28:00 PM,2,1,0,36.153880,-86.788130,I 40,,,,0.00,,,,,,,209.30,N,Not at Intersection,N,Non-Junction,None,,,         ,Thomas,Broatch,Cloudy,Front to Rear,no,no,no,no,yes,False
102466212,METROPOLITAN NASHVILLE POLICE DEPT,20190575997,Davidson,Nashville,8/2/2019 9:36:00 PM,2,2,0,36.129490,-86.714700,MURFREESBORO PKE,,,,0.00,Feet,North,MILLWOOD DR,,,,0.00,N,Not at Intersection,N,Non-Junction,None,,,         ,Deandera,Payne,Clear,Angle,no,no,no,no,no,False
102466213,METROPOLITAN NASHVILLE POLICE DEPT,20190576089,Davidson,Nashville,8/2/2019 10:31:00 PM,2,0,0,36.148330,-86.780100,I 40,,,,0.00,,,,,,,209.80,N,Not at Intersection,Y,Entrance/Exit Ramp Related,Construction Zone,Laneclosure,Advanced Warning Area,         ,Cynthia,Quirouette,Cloudy,Front to Rear,no,no,no,no,no,False
102466220,METROPOLITAN NASHVILLE POLICE DEPT,20190576128,Davidson,Nashville,8/2/2019 8:50:00 PM,2,0,0,36.086840,-86.730340,ELYSIAN FIELDS RD,,,,40.00,Feet,West,ELYSIAN FIELDS CT,,,,0.00,N,Not at Intersection, ,Non-Junction,None,,,         ,Garrett,Reingardt,Rain,Front to Rear,no,no,no,no,no,False
102466221,METROPOLITAN NASHVILLE POLICE DEPT,20190576049,Davidson,Nashville,8/2/2019 9:56:00 PM,2,0,0,36.154700,-86.791900,BROADWAY,,,,330.00,Feet,East,16TH AVS,,,,0.00,N,Not at Intersection, ,Non-Junction,None,,,         ,Darryl,Williams,Clear,Angle,no,no,no,no,no,False
102466223,BELLE MEADE POLICE DEPT,19-0206,Davidson,Belle Meade,8/2/2019 10:27:00 PM,2,0,0,36.114080,-86.854600,BELLE MEADE BLVD,,,,0.00,,,MALONE PL,,,,0.00,Y,T-Intersection, ,Intersection,None,,,         ,Katelyn,Cloxton,Clear,Front to Rear,no,no,no,no,no,False
102466249,BERRY HILL POLICE DEPT,19-3050,Davidson,Berry Hill,8/2/2019 4:25:00 AM,1,0,0,36.125080,-86.765880,BRANSFORD AV,,,,0.00,,,ROSEDALE AV,,,,0.00,Y,T-Intersection, ,Intersection,None,,,         ,James,Haddock,Clear,Not Collision with Motor Vehicle in Transport,no,no,no,no,no,False
102466252,METROPOLITAN NASHVILLE POLICE DEPT,20190576213,Davidson,Nashville,8/2/2019 11:29:00 PM,2,0,0,36.153990,-86.788210,I 40,,,,0.00,,,,,,,209.30,N,Not at Intersection, ,Non-Junction,None,,,         ,Dakota,Vermillion,Clear,Front to Rear,no,no,no,no,no,False
102466278,METROPOLITAN NASHVILLE POLICE DEPT,20190576181,Davidson,Nashville,8/2/2019 10:42:00 PM,2,0,0,36.178000,-86.605000,I40 E EXT RAMP,,,,0.00,Feet,,OLD HICKORY BLVD,,,,0.00,Y,Four-Way,N,Intersection,None,,,         ,Douglas,Meringer,Clear,Front to Rear,no,no,no,no,no,False
102466281,METROPOLITAN NASHVILLE POLICE DEPT,20190576220,Davidson,Nashville,8/2/2019 11:44:00 PM,2,1,0,36.077140,-86.641460,MURFREESBORO PKE,,,,0.00,,,DOVER GLEN DR,,,,0.00,Y,Four-Way,Y,Intersection,None,,,         ,Kevin,Breeding,Cloudy,Front to Rear,no,no,no,no,no,False
102466289,METROPOLITAN NASHVILLE POLICE DEPT,2019-0576098,Davidson,Nashville,8/2/2019 9:10:00 PM,2,0,0,36.154110,-86.758640,I40 E ENT RAMP,,,,0.00,,,I 40,,,,0.00,Y,OTHER, ,,None,,,         ,Joshua,McGarvey,,,no,no,no,no,no,False
102466290,METROPOLITAN NASHVILLE POLICE DEPT,2019-0576203,Davidson,Nashville,8/2/2019 9:22:00 PM,2,0,0,36.151040,-86.769070,LAFAYETTE ST,,,,0.00,Feet,,I40 E EXT RAMP,,,,0.00,Y,Four-Way,Y,Intersection,None,,,         ,Joshua,McGarvey,Cloudy,Other,no,no,no,no,no,False
102466291,METROPOLITAN NASHVILLE POLICE DEPT,20190576326,Davidson,Nashville,8/2/2019 12:00:00 AM,2,0,0,36.120700,-86.799560,PRIMROSE AV,,,,176.00,Feet,East,PRIMROSE CIR,,,,0.00,N,Not at Intersection,N,Non-Junction,None,,,         ,David,Crisman,Rain,Angle,no,no,no,no,yes,False
102466302,METROPOLITAN NASHVILLE POLICE DEPT,20190576184,Davidson,Nashville,8/2/2019 11:10:00 PM,2,0,0,36.218500,-86.837030,CLARKSVILLE PKE,,,,0.00,,,KINGS LN,,,,0.00,Y,Four-Way, ,Intersection,None,,,         ,Joseph,Gawlowski,Clear,"Sideswipe, Same Direction",no,no,no,no,no,False
102466311,METROPOLITAN NASHVILLE POLICE DEPT,20190576316,Davidson,Nashville,8/3/2019 12:15:00 AM,2,0,0,36.178980,-86.816880,25TH AVN,,,,127.00,Feet,South,SANTI AV,,,,0.00,N,Not at Intersection,N,Non-Junction,None,,,         ,Ian,Ward,Clear,Unknown,no,no,no,no,yes,False
102466338,METROPOLITAN NASHVILLE POLICE DEPT,20190576110,Davidson,Nashville,8/2/2019 9:00:00 PM,1,0,0,36.124480,-86.698480,VULTEE BLVD,,,,405.00,Feet,South,SATURN DR,,,,0.00,N,Not at Intersection,N,Non-Junction,None,,,         ,Michael,Griggs,Cloudy,Not Collision with Motor Vehicle in Transport,no,no,no,no,yes,False
102466379,METROPOLITAN NASHVILLE POLICE DEPT,20190576491,Davidson,Nashville,8/3/2019 2:42:00 AM,2,1,0,36.148480,-86.793490,CHET ATKINS PL,,,,0.00,,,MUSIC SQW,,,,0.00,Y,Four-Way,Y,Intersection,None,,,         ,Dakota,Vermillion,Clear,Angle,no,no,no,no,no,False
102466380,METROPOLITAN NASHVILLE POLICE DEPT,20190576445,Davidson,Nashville,8/3/2019 1:40:00 AM,2,0,0,36.131160,-86.705920,HAROLD DR,,,,150.00,Feet,East,PATRICIA DR,,,,0.00,N,Not at Intersection,N,Non-Junction,None,,,         ,Bradley,Pope,Clear,Angle,no,no,no,no,no,False
102466387,METROPOLITAN NASHVILLE POLICE DEPT,20190576434,Davidson,Nashville,8/3/2019 1:48:00 AM,2,0,0,36.152530,-86.773420,LAFAYETTE ST,,,,54.00,Feet,West,5TH AVS,,,,0.00,N,Not at Intersection,N,Non-Junction,None,,,         ,Brenna,Hosey,Clear,Front to Rear,no,no,no,no,no,False
102466420,METROPOLITAN NASHVILLE POLICE DEPT,20190576311,Davidson,Nashville,8/3/2019 12:45:00 AM,1,1,0,36.154630,-86.779160,8TH AVS,,,,0.00,,,LAFAYETTE ST,,,,0.00,Y,Roundabout,Y,Intersection,None,,,         ,William,Erickson,Clear,Not Collision with Motor Vehicle in Transport,no,no,no,no,yes,False
102466443,METROPOLITAN NASHVILLE POLICE DEPT,20190576697,Davidson,Nashville,8/3/2019 12:00:00 AM,2,1,0,36.049910,-86.663750,HICKORY HOLLOW PKWY,,,,813.00,Feet,North,CANE RIDGE RD,,,,0.00,N,Not at Intersection,N,Non-Junction,None,,,         ,Alex,DiBernardo,Clear,Angle,no,no,no,no,no,False
102466447,METROPOLITAN NASHVILLE POLICE DEPT,20190576699,Davidson,Nashville,8/3/2019 5:47:00 AM,2,0,0,36.196010,-86.776120,I 65,,,,0.00,,,,,,,86.60,N,Not at Intersection,N,Non-Junction,None,,,         ,Daniel,Kallman,Clear,Front to Rear,no,no,no,no,no,False
102466487,BERRY HILL POLICE DEPT,19-3057,Davidson,Berry Hill,8/2/2019 12:15:00 PM,2,1,0,36.111930,-86.762920,THOMPSON LN,,,,0.00,,,E IRIS DR,,,,0.00,Y,T-Intersection,N,Intersection,None,,,         ,Larry,Carter,Cloudy,Front to Rear,no,no,no,no,no,False
102466513,BERRY HILL POLICE DEPT,19-3055,Davidson,Berry Hill,8/2/2019 11:25:00 AM,2,0,0,36.112920,-86.763770,HEATHER PL,,,,0.00,,,ERICA PL,,,,0.00,Y,T-Intersection, ,Intersection-Related,None,,,         ,Larry,Carter,Cloudy,Rear to Side,no,no,no,yes,yes,False
102466515,METROPOLITAN NASHVILLE POLICE DEPT,20190576764,Davidson,Nashville,8/3/2019 2:00:00 AM,2,0,0,36.182270,-86.738560,N 17TH ST,,,,223.00,Feet,South,EASTLAND AV,,,,0.00,N,Not at Intersection,N,Non-Junction,None,,,         ,Miles,Posey,Clear,"Sideswipe, Same Direction",no,no,no,no,yes,False
102466546,METROPOLITAN NASHVILLE POLICE DEPT,20190576917,Davidson,Nashville,8/3/2019 12:00:00 AM,1,0,0,36.235700,-86.697310,STEAMBOAT DR,,,,194.00,Feet,North,STEAMBOAT CT,,,,0.00,N,Not at Intersection,N,Non-Junction,None,,,         ,Lee,Davis,Clear,Not Collision with Motor Vehicle in Transport,no,no,no,no,yes,False
102466551,METROPOLITAN NASHVILLE POLICE DEPT,20190576944,Davidson,Nashville,8/3/2019 9:05:00 AM,2,0,0,36.102210,-86.756700,ARMORY DR,,,,128.00,Feet,West,SIDCO DR,,,,0.00,N,Not at Intersection,N,Non-Junction,None,,,         ,Nathan,Kemp,Clear,Front to Rear,no,no,no,no,no,False
102466552,METROPOLITAN NASHVILLE POLICE DEPT,20190576756,Davidson,Nashville,8/3/2019 6:40:00 AM,2,2,0,36.118020,-86.774630,I440 E ENT RAMP,,,,0.00,,,I440 ENT RAMP,,,,0.00,Y,OTHER, ,Entrance/Exit Ramp Related,None,,,         ,David,Barras,Clear,Front to Rear,no,no,no,no,no,False
102466577,METROPOLITAN NASHVILLE POLICE DEPT,20190576863,Davidson,Nashville,8/3/2019 8:05:00 AM,2,6,0,36.215150,-86.775400,I 65,,,,0.00,,,,,,,88.00,N,Not at Intersection,N,Non-Junction,None,,,         ,Paxton,Montgomery,Clear,Front to Rear,no,no,no,no,no,False
102466580,METROPOLITAN NASHVILLE POLICE DEPT,20190576896,Davidson,Nashville,8/3/2019 8:25:00 AM,2,0,0,36.187400,-86.709400,CRESCENT HILL ROAD,,,,0.00,,West,,,,,0.01,N,Not at Intersection, ,Non-Junction,None,,,         ,Faye,Denson,Clear,Angle,no,no,no,no,no,False
102466582,METROPOLITAN NASHVILLE POLICE DEPT,20190577029,Davidson,Nashville,8/3/2019 10:16:00 AM,2,0,0,36.046550,-86.713400,NOLENSVILLE PKE,,,,432.00,Feet,North,OLD HICKORY BLVD,,,,0.00,N,Not at Intersection, ,Non-Junction,None,,,         ,Ian,Hammond,Clear,Angle,no,no,no,no,no,False
102466597,METROPOLITAN NASHVILLE POLICE DEPT,20190577109,Davidson,Nashville,8/3/2019 11:05:00 AM,2,0,0,36.143180,-86.704580,I 40,,,,0.00,,,,,,,214.50,N,Not at Intersection, ,Non-Junction,None,,,         ,Samuel,Fredericks,Clear,Front to Rear,no,no,no,no,no,False
102466605,METROPOLITAN NASHVILLE POLICE DEPT,20190577063,Davidson,Goodlettsville,8/3/2019 10:40:00 AM,2,0,0,36.293830,-86.696430,MYATT DR,,,,0.00,Feet,,SPRING BRANCH DR,,,,0.00,Y,T-Intersection, ,Intersection,None,,,         ,Brandon,Bilbrey,Clear,Front to Rear,no,no,no,no,no,False
102466606,METROPOLITAN NASHVILLE POLICE DEPT,20190577056,Davidson,Nashville,8/3/2019 10:35:00 AM,2,0,0,36.165120,-86.602780,BELL RD,,,,0.00,,,MILLS RD,,,,0.00,Y,T-Intersection, ,Intersection,None,,,         ,William,Mckay,Clear,Angle,no,no,no,no,yes,False
102466619,METROPOLITAN NASHVILLE POLICE DEPT,20190577108,Davidson,Nashville,8/3/2019 11:15:00 AM,2,0,0,36.117600,-86.887360,BROOK HOLLOW RD,,,,0.00,,,DAVIDSON RD,,,,0.00,Y,Four-Way,N,Intersection,None,,,         ,Douglas,Atwood,Clear,Angle,no,no,no,no,yes,False
102466623,METROPOLITAN NASHVILLE POLICE DEPT,20190576980,Davidson,Nashville,8/3/2019 9:33:00 AM,2,0,0,36.173400,-86.790830,JEFFERSON ST,,,,176.00,Feet,East,ROSA L PARKS BLVD,,,,0.00,N,Not at Intersection,N,Non-Junction,None,,,         ,Jonathon,Sheppard,Clear,"Sideswipe, Same Direction",no,no,no,no,no,False
102466634,METROPOLITAN NASHVILLE POLICE DEPT,20190577115,Davidson,Nashville,8/3/2019 10:30:00 AM,2,0,0,36.194850,-86.726030,CAHAL AV,,,,0.00,,,BRANCH ST,,,,0.00,Y,Four-Way, ,Non-Junction,None,,,         ,Andrew,Ivey,Clear,Angle,no,no,no,no,no,False
102466646,METROPOLITAN NASHVILLE POLICE DEPT,2019 0577101,Davidson,Nashville,8/3/2019 11:10:00 AM,2,0,0,36.158730,-86.818530,28TH AVN,,,,0.00,Feet,East,CLIFTON AV,,,,0.00,N,Not at Intersection,N,Non-Junction,None,,,         ,Paul,Junkmann,Cloudy,"Sideswipe, Same Direction",no,no,no,no,yes,False
102466656,METROPOLITAN NASHVILLE POLICE DEPT,20190576746,Davidson,Nashville,8/3/2019 6:42:00 AM,2,2,0,36.069590,-86.693910,HAYWOOD LN,,,,0.00,,,APACHE TRL,,,,0.00,Y,Four-Way,N,Intersection,None,,,         ,Nicholas,Carter,Clear,Angle,no,no,no,no,yes,False
102466657,METROPOLITAN NASHVILLE POLICE DEPT,20190577152,Davidson,Nashville,8/3/2019 11:25:00 AM,2,0,0,36.044350,-86.661550,TARGET DR,,,,0.00,,,CANE RIDGE RD,,,,0.00,Y,T-Intersection, ,,None,,,         ,Nicholas,Carter,,,no,no,no,no,no,False
102466661,METROPOLITAN NASHVILLE POLICE DEPT,20190577144,Davidson,Nashville,8/3/2019 11:51:00 AM,2,0,0,36.165180,-86.768330,S 2ND ST,,,,133.00,Feet,East,VICTORY AV,,,,0.00,N,Not at Intersection,N,Non-Junction,None,,,         ,Kyle,Eicholtz,Clear,Rear to Side,no,no,no,no,no,False
102466695,METROPOLITAN NASHVILLE POLICE DEPT,20190577045,Davidson,Not in City Limit,8/3/2019 10:27:00 AM,2,1,0,36.261240,-86.712530,GALLATIN PKES,,,,0.00,,,MAPLE ST,,,,0.00,Y,T-Intersection,N,Intersection,None,,,         ,Samuel,Kersten,Clear,Angle,no,no,no,no,no,False
102466697,METROPOLITAN NASHVILLE POLICE DEPT,2019 0577147,Davidson,Nashville,8/3/2019 11:30:00 AM,2,0,0,36.152800,-86.834820,40TH AVN,,,,127.00,Feet,North,CHARLOTTE AV,,,,0.00,N,Not at Intersection,N,Non-Junction,None,,,         ,Paul,Junkmann,Cloudy,Front to Rear,no,no,no,no,yes,False
102466698,METROPOLITAN NASHVILLE POLICE DEPT,20190577138,Davidson,Nashville,8/3/2019 11:28:00 AM,4,5,0,36.109350,-86.769840,I 65,,,,0.00,,,,,,,79.70,N,Not at Intersection,N,Non-Junction,None,,,         ,David,Barras,Clear,Front to Rear,no,no,no,no,no,False
102466714,METROPOLITAN NASHVILLE POLICE DEPT,20190577093,Davidson,Nashville,8/3/2019 11:28:00 AM,3,1,0,36.151800,-86.752300,I 40,,,,0.00,,,,,,,211.45,N,Not at Intersection, ,Non-Junction,None,,,         ,Zachary,Plese,Clear,Front to Rear,no,no,no,no,no,False
102466731,METROPOLITAN NASHVILLE POLICE DEPT,20190577216,Davidson,Nashville,8/3/2019 12:48:00 PM,2,0,0,36.145250,-86.777470,I 65,,,,0.00,,,,,,,82.20,N,Not at Intersection, ,Non-Junction,None,,,         ,Nathan,Kemp,Clear,"Sideswipe, Same Direction",no,no,no,no,no,False
102466734,METROPOLITAN NASHVILLE POLICE DEPT,20190577126,Davidson,Nashville,8/3/2019 11:28:00 AM,2,0,0,36.140660,-86.732100,I 40,,,,0.00,,,,,,,213.00,N,Not at Intersection,N,Non-Junction,None,,,         ,Anna,Clayton,Clear,"Sideswipe, Same Direction",no,no,no,no,no,False
102466753,METROPOLITAN NASHVILLE POLICE DEPT,20190577268,Davidson,Nashville,8/3/2019 1:40:00 PM,2,2,0,36.135640,-86.727100,I 24,,,,0.00,,,,,,,52.20,N,Not at Intersection,N,Non-Junction,None,,,         ,Kyle,Eicholtz,Clear,Front to Rear,no,no,no,no,no,False
102466755,METROPOLITAN NASHVILLE POLICE DEPT,20190577116,Davidson,Nashville,8/3/2019 11:23:00 AM,2,1,0,36.045510,-86.711790,OLD HICKORY BLVD,,,,480.00,Feet,East,NOLENSVILLE PKE,,,,0.00,N,Not at Intersection,N,Non-Junction,None,,,         ,Ian,Wilson,Clear,Angle,no,no,no,yes,no,False
102466756,METROPOLITAN NASHVILLE POLICE DEPT,20190577247,Davidson,Nashville,8/3/2019 12:40:00 PM,2,0,0,36.147920,-86.744700,I 40,,,,0.00,,,,,,,212.00,N,Not at Intersection, ,Non-Junction,None,,,         ,Gerry,Hutcheson,Clear,"Sideswipe, Same Direction",no,no,no,no,no,False
102466764,METROPOLITAN NASHVILLE POLICE DEPT,20190577275,Davidson,Nashville,8/3/2019 1:47:00 PM,2,0,0,36.155260,-86.779790,8TH AVS,,,,222.00,Feet,South,CLARK PL,,,,0.00,N,Not at Intersection, ,,None,,,         ,James,Hill,,,no,no,no,no,no,False
102466778,METROPOLITAN NASHVILLE POLICE DEPT,20190577278,Davidson,Nashville,8/3/2019 1:53:00 PM,4,2,0,36.082610,-86.727250,NOLENSVILLE PKE,,,,0.00,,,WELSHWOOD DR,,,,0.00,Y,T-Intersection, ,Intersection,None,,,         ,Earl,Davis,Clear,Front to Rear,no,no,no,no,no,False
102466783,METROPOLITAN NASHVILLE POLICE DEPT,20190577314,Davidson,Nashville,8/3/2019 2:25:00 PM,2,1,0,36.079600,-86.726320,NOLENSVILLE PKE,,,,0.00,,,HARDING PL,,,,0.00,Y,Four-Way, ,Non-Junction,None,,,         ,Adam,Warren,Clear,Front to Rear,no,no,no,no,no,False
102466799,METROPOLITAN NASHVILLE POLICE DEPT,20190577348,Davidson,Nashville,8/3/2019 2:29:00 PM,2,1,0,36.064370,-86.628920,HAMILTON CHURCH RD,,,,201.00,Feet,South,MURFREESBORO PKE,,,,0.00,N,Not at Intersection, ,Non-Junction,None,,,         ,Laura,Williams,Clear,Front to Rear,no,no,no,no,no,False
102466808,METROPOLITAN NASHVILLE POLICE DEPT,2019-0576831,Davidson,Nashville,8/3/2019 6:40:00 AM,2,0,0,36.078780,-86.699750,MARGO LN,,,,1253.00,Feet,East,WILLARD DR,,,,0.00,N,Not at Intersection,N,Non-Junction,None,,,         ,Jason,Kedzierski,Clear,Angle,no,no,no,yes,yes,False
102466816,METROPOLITAN NASHVILLE POLICE DEPT,20190577290,Davidson,Nashville,8/3/2019 2:00:00 PM,2,1,0,36.209490,-86.690750,BRILEY PKWYN,,,,534.00,Feet,West,OPRYLAND DR,,,,0.00,N,Not at Intersection,N,Non-Junction,None,,,         ,Lee,Davis,Clear,"Sideswipe, Same Direction",no,no,no,no,no,False
102466823,METROPOLITAN NASHVILLE POLICE DEPT,20190577309,Davidson,Nashville,8/3/2019 2:19:00 PM,2,0,0,36.177380,-86.604240,OLD HICKORY BLVD,,,,35.00,Feet,North,HERMITAGE WOODS DR,,,,0.00,N,Not at Intersection,N,Non-Junction,None,,,         ,Terence,Mitchell,Clear,Front to Rear,no,no,no,no,no,False
102466830,METROPOLITAN NASHVILLE POLICE DEPT,20190577378,Davidson,Nashville,8/3/2019 12:00:00 AM,2,0,0,36.157650,-86.773410,3RD AVS,,,,0.00,,,KOREAN VETERANS BLVD,,,,0.00,Y,Four-Way,N,Intersection-Related,None,,,         ,Trevor,Taylor,Clear,Front to Rear,no,no,no,no,yes,False
102466832,METROPOLITAN NASHVILLE POLICE DEPT,20190577358,Davidson,Nashville,8/3/2019 12:00:00 AM,2,0,0,36.142500,-86.736000,I 40,,,,0.00,,,,,,,212.75,N,Not at Intersection,N,Non-Junction,None,,,         ,Torry,Hill,Clear,"Sideswipe, Same Direction",no,no,no,no,yes,False
102466833,METROPOLITAN NASHVILLE POLICE DEPT,20190577439,Davidson,Nashville,8/3/2019 3:20:00 PM,3,0,0,36.126920,-86.711380,MURFREESBORO PKE,,,,117.00,Feet,West,THOMPSON PL,,,,0.00,N,Not at Intersection, ,Non-Junction,None,,,         ,Deandera,Payne,Clear,Angle,no,no,no,yes,yes,False