master_record_number,agency,agency_tracking_number,county,city,collision_date,vehicles_involved,number_injured,number_dead,latitude,longitude,roadway_name,roadway_suffix,roadway_number,roadway_local_id,distance_from_reference,miles-feet_indicator,direction_from_reference,intersection_road_name,intersection_road_name_suffix,intersection_road_number,intersection_local_id,mile_marker,intersection_indicator,intersect_type,interchange_related_indicator,relation_to_junction,work_zone_type,construction_maintenance_zone,construction_maintenance_zone_location,fatal_case_number,officer_first_name,officer_last_name,weather_condition(s),manner_of_crash,pedestrian,bicycle,scooter,parking,hitrun,mou
102466839,METROPOLITAN NASHVILLE POLICE DEPT,20190577416,Davidson,Nashville,8/3/2019 3:11:00 PM,2,0,0,36.206000,-86.770030,W TRINITY LN,,,,317.00,Feet,East,LUCAS LN,,,,0.00,N,Not at Intersection, ,Non-Junction,None,,,         ,Michael,Moss,Clear,Angle,no,no,no,no,no,False
102466872,METROPOLITAN NASHVILLE POLICE DEPT,20190577272,Davidson,Nashville,8/3/2019 1:34:00 PM,2,0,0,36.198440,-86.620270,LEBANON PKE,,,,0.00,,,OLD HICKORY BLVD,,,,0.00,Y,Four-Way,N,Intersection,None,,,         ,William,Mckay,Clear,Front to Rear,no,no,no,no,no,False
102466874,METROPOLITAN NASHVILLE POLICE DEPT,20190577477,Davidson,Nashville,8/3/2019 3:45:00 PM,1,0,0,36.228270,-86.849180,BRILEY PKWYW,,,,222.00,Feet,East,BRILEY PKWYE,,,,0.00,N,Not at Intersection,N,Non-Junction,None,,,         ,Tyler,Geiger,Clear,Not Collision with Motor Vehicle in Transport,no,no,no,no,no,False
102466887,METROPOLITAN NASHVILLE POLICE DEPT,20190577537,Davidson,Not in City Limit,8/3/2019 3:15:00 PM,2,0,0,36.262210,-86.712210,GALLATIN PKES,,,,0.00,Feet,East,E OLD HICKORY BLVD,,,,0.00,N,Not at Intersection, ,,None,,,         ,Evan,Grace,,,no,no,no,no,no,False
102466888,METROPOLITAN NASHVILLE POLICE DEPT,20190577499,Davidson,Not in City Limit,8/3/2019 3:50:00 PM,2,1,0,36.259950,-86.761420,BELLSHIRE DR,,,,431.00,Feet,East,TUCKAHOE DR,,,,0.00,N,Not at Intersection,N,Non-Junction,None,,,         ,Andrew,Ramirez,Clear,Front to Rear,no,no,no,no,yes,False
102466889,METROPOLITAN NASHVILLE POLICE DEPT,20190577449,Davidson,Nashville,8/3/2019 2:36:00 PM,2,0,0,36.162220,-86.785550,YMCA WAY,,,,87.00,Feet,West,ROSA L PARKS BLVD EXT RAMP,,,,0.00,N,Not at Intersection, ,Non-Junction,None,,,         ,Roy,Sain Jr.,Cloudy,Unknown,no,no,no,no,yes,False
102466893,METROPOLITAN NASHVILLE POLICE DEPT,20190577357,Davidson,Nashville,8/3/2019 1:52:00 PM,2,0,0,36.157380,-86.792700,15TH AVN,,,,0.00,,,CHURCH ST,,,,0.00,Y,Four-Way, ,Intersection,None,,,         ,Thomas,Broatch,Clear,"Sideswipe, Same Direction",no,no,no,no,no,False
102466894,METROPOLITAN NASHVILLE POLICE DEPT,20190577551,Davidson,Nashville,8/3/2019 4:10:00 PM,2,0,0,36.078340,-86.725950,NOLENSVILLE PKE,,,,466.00,Feet,North,WALLACE RD,,,,0.00,N,Not at Intersection, ,Non-Junction,None,,,         ,Devonte,Coleman,Clear,Front to Rear,no,no,no,no,no,False
102466913,METROPOLITAN NASHVILLE POLICE DEPT,20190577598,Davidson,Nashville,8/3/2019 4:27:00 PM,2,0,0,36.157530,-86.773330,3RD AVS,,,,50.00,Feet,South,KOREAN VETERANS BLVD,,,,0.00,N,Not at Intersection, ,,None,,,         ,Nicolas,Pernell,,,no,no,no,no,no,False
102466927,METROPOLITAN NASHVILLE POLICE DEPT,20190577441,Davidson,Nashville,8/3/2019 3:29:00 PM,3,1,0,36.175170,-86.792590,ROSA L PARKS BLVD,,,,42.00,Feet,South,MONROE ST,,,,0.00,N,Not at Intersection, ,Non-Junction,None,,,         ,Amery,Milligan,Clear,Front to Rear,no,no,no,no,no,False
102466930,GOODLETTSVILLE POLICE DEPT,19-28943,Davidson,Goodlettsville,8/3/2019 2:40:00 PM,2,0,0,36.324720,-86.701460,CONFERENCE DR,,,,166.00,Feet,South,LONG HOLLOW PKE,,,,0.00,N,Not at Intersection, ,Non-Junction,None,,,         ,George,Forbes,Clear,Angle,no,no,no,no,no,False
102466931,METROPOLITAN NASHVILLE POLICE DEPT,20190577583,Davidson,Nashville,8/3/2019 4:30:00 PM,2,0,0,36.168570,-86.813370,I40 E EXT RAMP,,,,0.00,,,I 40,,,,0.00,Y,OTHER, ,,None,,,         ,Gardiner,Bradley,,,no,no,no,no,no,False
102466933,METROPOLITAN NASHVILLE POLICE DEPT,20190577603,Davidson,Nashville,8/3/2019 2:41:00 PM,2,0,0,36.048810,-86.651600,HICKORY HOLLOW LN,,,,174.00,Feet,South,BELL RD,,,,0.00,N,Not at Intersection, ,,None,,,         ,Laura,Williams,,,no,no,no,no,no,False
102466942,METROPOLITAN NASHVILLE POLICE DEPT,20190577484,Davidson,Nashville,8/3/2019 3:49:00 PM,1,1,0,36.090620,-86.647380,CALLYWOOD CT,,,,0.00,,,RAMBLING RD,,,,0.00,Y,T-Intersection,N,Intersection-Related,None,,,         ,Steven,Powers,Cloudy,Not Collision with Motor Vehicle in Transport,no,no,no,yes,no,False
102466953,METROPOLITAN NASHVILLE POLICE DEPT,20190577596,Davidson,Nashville,8/3/2019 4:30:00 PM,2,0,0,36.188220,-86.579360,LANDINGS WAY,,,,735.00,Feet,West,THORNWOOD CT,,,,0.00,N,Not at Intersection,N,Non-Junction,None,,,         ,Abbey,Sawl,Clear,"Sideswipe, Same Direction",no,no,no,no,yes,False
102466963,METROPOLITAN NASHVILLE POLICE DEPT,20190577370,Davidson,Not in City Limit,8/3/2019 2:12:00 PM,2,1,0,36.264300,-86.711480,GALLATIN PKEN,,,,10.00,Feet,North,OLD TIME VILLAGE PVTDR,,,,0.00,N,Not at Intersection,N,Non-Junction,None,,,         ,Peter,Vaught,Clear,Angle,no,no,no,no,no,False
102466969,METROPOLITAN NASHVILLE POLICE DEPT,20190577556,Davidson,Nashville,8/3/2019 12:00:00 AM,2,0,0,36.143450,-86.687310,I 40,,,,0.00,,,,,,,215.45,N,Not at Intersection,Y,Non-Junction,None,,,         ,Alexander,Spradling,Cloudy,Front to Rear,no,no,no,no,no,False
102466970,METROPOLITAN NASHVILLE POLICE DEPT,20190577555,Davidson,Nashville,8/3/2019 12:00:00 AM,2,0,0,36.143280,-86.686200,I 40,,,,0.00,,,,,,,215.50,N,Not at Intersection, ,Non-Junction,None,,,         ,Alexander,Spradling,Cloudy,Front to Rear,no,no,no,no,no,False
102466974,METROPOLITAN NASHVILLE POLICE DEPT,20190577653,Davidson,Nashville,8/3/2019 5:16:00 PM,2,0,0,36.215120,-86.597080,LEBANON PKE,,,,174.00,Feet,East,ANDREW JACKSON PKWY,,,,0.00,N,Not at Intersection, ,,None,,,         ,Terence,Mitchell,,,no,no,no,no,no,False
102466983,GOODLETTSVILLE POLICE DEPT,19-28898,Davidson,Goodlettsville,8/3/2019 3:53:00 AM,1,0,0,36.296140,-86.715510,I 65,,,,0.00,,,,,,,94.80,N,Not at Intersection,N,Non-Junction,None,,,         ,Christopher,Jones,Clear,Not Collision with Motor Vehicle in Transport,no,no,no,no,no,False
102466988,METROPOLITAN NASHVILLE POLICE DEPT,20190577817,Davidson,Nashville,8/3/2019 12:00:00 AM,2,0,0,36.151910,-86.851170,53RD AVN,,,,18.00,Feet,North,CHARLOTTE AV,,,,0.00,N,Not at Intersection,N,Non-Junction,None,,,         ,Kelby,Dumond,Rain,Angle,no,no,no,no,yes,False
102466989,METROPOLITAN NASHVILLE POLICE DEPT,20190577747,Davidson,Nashville,8/3/2019 6:20:00 PM,1,0,0,36.185440,-86.759550,ELLINGTON PKWYS,,,,167.00,Feet,North,CLEVELAND ST,,,,0.00,N,Not at Intersection,N,Non-Junction,None,,,         ,Wade,Johnson,Rain,Not Collision with Motor Vehicle in Transport,no,no,no,no,no,False
102466991,BERRY HILL POLICE DEPT,19-3074,Davidson,Berry Hill,8/3/2019 5:52:00 PM,2,0,0,36.128590,-86.777890,FRANKLIN PKE,,,,0.00,,,8TH AVS,,,,0.00,Y,Four-Way, ,,None,,,         ,Yamil,Jimenez,,,no,no,no,no,no,False
102467003,METROPOLITAN NASHVILLE POLICE DEPT,20190577762,Davidson,Nashville,8/3/2019 6:20:00 PM,2,1,0,36.044600,-86.661540,CANE RIDGE RD,,,,64.00,Feet,South,BELL RD,,,,0.00,N,Not at Intersection,N,Non-Junction,None,,,         ,Gerald,Gomes,Rain,Front to Rear,no,no,no,no,no,False
102467004,METROPOLITAN NASHVILLE POLICE DEPT,20190577786,Davidson,Nashville,8/3/2019 12:00:00 AM,2,1,0,36.222000,-86.774600,I 65,,,,0.00,,,,,,,88.40,N,Not at Intersection,N,Non-Junction,None,,,         ,John,Petriello,Rain,Front to Rear,no,no,no,no,no,False
102467006,METROPOLITAN NASHVILLE POLICE DEPT,20190577813,Davidson,Nashville,8/3/2019 12:00:00 AM,2,0,0,36.158970,-86.781920,BROADWAY,,,,73.00,Feet,East,8TH AVS,,,,0.00,N,Not at Intersection, ,Non-Junction,None,,,         ,Trevor,Taylor,Rain,"Sideswipe, Same Direction",no,no,no,no,no,False
102467009,METROPOLITAN NASHVILLE POLICE DEPT,20190577790,Davidson,Nashville,8/3/2019 12:00:00 AM,1,1,0,36.140860,-86.732620,I 40,,,,0.00,,,,,,,213.00,N,Not at Intersection,Y,Non-Junction,None,,,         ,Alexander,Spradling,Rain,Not Collision with Motor Vehicle in Transport,no,no,no,no,no,False
102467015,METROPOLITAN NASHVILLE POLICE DEPT,20190577908,Davidson,Nashville,8/3/2019 7:10:00 PM,2,0,0,36.039010,-86.659110,CANE RIDGE RD,,,,5.00,Feet,East,MOUNTAINHIGH DR,,,,0.00,N,Not at Intersection, ,Non-Junction,None,,,         ,Laura,Williams,Rain,Front to Rear,no,no,no,no,yes,False
102467016,METROPOLITAN NASHVILLE POLICE DEPT,20190577755,Davidson,Antioch,8/3/2019 6:25:00 PM,1,0,0,36.032150,-86.614140,PRESERVE BLVD,,,,0.00,,,CANDLECREEK WAY,,,,0.00,Y,T-Intersection,N,Intersection-Related,None,,,         ,Eric,Wegener,Rain,Not Collision with Motor Vehicle in Transport,no,no,no,no,no,False
102467027,METROPOLITAN NASHVILLE POLICE DEPT,20190577966,Davidson,Nashville,8/3/2019 8:13:00 PM,1,1,0,36.073290,-86.682580,ANTIOCH PKE,,,,473.00,Feet,North,CHEROKEE PL,,,,0.00,N,Not at Intersection,N,Non-Junction,None,,,         ,Ryan,Sherry,Rain,Not Collision with Motor Vehicle in Transport,no,no,no,no,no,False
102467028,BRENTWOOD POLICE DEPT,BPD-19-02446,Davidson,Nashville,8/2/2019 1:30:00 PM,2,0,0,36.035510,-86.787480,TOWN CENTER WAY,,,,0.00,,,FRANKLIN RD,,,,0.00,Y,Four-Way, ,Intersection-Related,None,,,         ,Frank,Moncayo,Clear,Front to Rear,no,no,no,no,no,False
102467032,METROPOLITAN NASHVILLE POLICE DEPT,20190577904,Davidson,Nashville,8/3/2019 7:43:00 PM,1,0,0,36.240650,-86.767420,BRILEY PKWYE,,,,248.00,Feet,South,BRILEY PKWYW,,,,0.00,N,Not at Intersection,N,Non-Junction,None,,,         ,Robert,Leverick,Rain,Not Collision with Motor Vehicle in Transport,no,no,no,no,no,False
102467034,METROPOLITAN NASHVILLE POLICE DEPT,20190577892,Davidson,Nashville,8/3/2019 2:16:00 PM,2,0,0,36.082920,-86.727350,NOLENSVILLE PKE,,,,117.00,Feet,North,WELSHWOOD DR,,,,0.00,N,Not at Intersection,N,Non-Junction,None,,,         ,Joseph,Jakes,Clear,Front to Rear,no,no,no,no,yes,False
102467039,METROPOLITAN NASHVILLE POLICE DEPT,20190577869,Davidson,Nashville,8/3/2019 7:20:00 PM,1,0,0,36.241060,-86.750110,I65 S EXT RAMP,,,,0.00,Feet,East,I 65,,,,0.00,N,Not at Intersection,Y,Entrance/Exit Ramp Related,None,,,         ,Cooper,HIll,Rain,Not Collision with Motor Vehicle in Transport,no,no,no,no,no,False
102467080,METROPOLITAN NASHVILLE POLICE DEPT,20190578018,Davidson,Nashville,8/3/2019 8:27:00 PM,3,1,0,36.202960,-86.694730,OPRY MILLS DR,,,,1074.00,Feet,East,MOSS ROSE DR,,,,0.00,N,Not at Intersection,N,Non-Junction,None,,,         ,Torry,Hill,Rain,Angle,no,no,no,yes,no,False
102467107,METROPOLITAN NASHVILLE POLICE DEPT,20190578092,Davidson,Nashville,8/3/2019 12:00:00 AM,2,0,0,36.177160,-86.793200,TAYLOR ST,,,,236.00,Feet,West,7TH AVN,,,,0.00,N,Not at Intersection,N,Non-Junction,None,,,         ,Janelle,Keslar,Clear,Other,no,no,no,no,yes,False
102467130,METROPOLITAN NASHVILLE POLICE DEPT,20190578117,Davidson,Nashville,8/3/2019 7:15:00 PM,2,0,0,36.122570,-86.790110,12TH AVS,,,,0.00,,,HALCYON AV,,,,0.00,Y,OTHER, ,,None,,,         ,Citlaly,Juarez,,,no,no,no,no,no,False
102467137,METROPOLITAN NASHVILLE POLICE DEPT,20190578120,Davidson,Nashville,8/3/2019 8:58:00 PM,2,0,0,36.069890,-86.697150,HAYWOOD LN,,,,377.00,Feet,West,KEELEY DR,,,,0.00,N,Not at Intersection, ,Non-Junction,None,,,         ,Taylor,Hurley,Rain,Angle,no,no,no,no,no,False
102467151,METROPOLITAN NASHVILLE POLICE DEPT,20190577854,Davidson,Nashville,8/3/2019 6:07:00 PM,2,0,0,36.108020,-86.812530,HILLSBORO PKE,,,,100.00,Feet,North,GREEN HILLS VILLAGE DR,,,,0.00,N,Not at Intersection, ,Non-Junction,None,,,         ,Justin,Coyle,Cloudy,Front to Rear,no,no,no,no,no,False
102467163,METROPOLITAN NASHVILLE POLICE DEPT,20190577403,Davidson,Nashville,8/3/2019 12:00:00 AM,1,0,0,36.042610,-86.751100,HILL RD,,,,56.00,Feet,East,RAUSCH DR,,,,0.00,N,Not at Intersection,N,Non-Junction,None,,,         ,David,Robberson,Clear,Not Collision with Motor Vehicle in Transport,no,no,no,no,yes,False
102467207,METROPOLITAN NASHVILLE POLICE DEPT,20190578229,Davidson,Nashville,8/3/2019 10:20:00 PM,2,1,0,36.232620,-86.803820,KNIGHT DR,,,,367.00,Feet,North,EWING DR,,,,0.00,N,Not at Intersection,N,Non-Junction,None,,,         ,Joseph,Gawlowski,Clear,"Sideswipe, Opposite Direction",no,no,no,no,no,False
102467215,METROPOLITAN NASHVILLE POLICE DEPT,20190578337,Davidson,Nashville,8/3/2019 11:15:00 PM,2,0,0,36.192970,-86.767270,MERIDIAN ST,,,,327.00,Feet,North,RICHARDSON AV,,,,0.00,N,Not at Intersection, ,Non-Junction,None,,,         ,Joshua,Whitworth,Clear,"Sideswipe, Same Direction",no,no,no,no,yes,False
102467222,METROPOLITAN NASHVILLE POLICE DEPT,20190578287,Davidson,Nashville,8/3/2019 10:48:00 PM,2,0,0,36.155650,-86.789720,14TH AVS,,,,0.00,,,BROADWAY,,,,0.00,Y,Four-Way, ,Non-Junction,None,,,         ,Blake,Lutz,Clear,"Sideswipe, Same Direction",no,no,no,no,no,False
102467233,METROPOLITAN NASHVILLE POLICE DEPT,20190578359,Davidson,Nashville,8/3/2019 11:53:00 PM,2,2,0,36.190400,-86.745470,GALLATIN AV,,,,0.00,Feet,East,W GREENWOOD AV,,,,0.00,N,Not at Intersection,N,Non-Junction,None,,,         ,Reginald,Pierre-Paul,Clear,Front to Rear,no,no,no,no,no,False
102467238,METROPOLITAN NASHVILLE POLICE DEPT,20190578433,Davidson,Nashville,8/4/2019 12:05:00 AM,2,0,0,36.187990,-86.821560,CLARKSVILLE PKE,,,,0.00,,,ROSA L PARKS BLVD,,,,0.00,Y,Four-Way, ,Intersection,None,,,         ,Erik,Schall,Clear,Angle,no,no,no,no,no,False
102467240,METROPOLITAN NASHVILLE POLICE DEPT,20190578421,Davidson,Nashville,8/3/2019 11:12:00 PM,2,0,0,36.202950,-86.776850,I 65,,,,0.00,,,,,,,87.10,N,Not at Intersection, ,,None,,,         ,Daniel,Kallman,,,no,no,no,no,no,False
102467241,METROPOLITAN NASHVILLE POLICE DEPT,20190578446,Davidson,Nashville,8/3/2019 7:55:00 PM,2,0,0,36.128610,-86.907720,RIVER RD,,,,237.00,Feet,West,RIVER RD PVTDR,,,,0.00,N,Not at Intersection, ,,None,,,         ,Matthew,Jankiewicz,,,no,no,no,no,no,False
102467252,METROPOLITAN NASHVILLE POLICE DEPT,20190578022,Davidson,Nashville,8/3/2019 8:30:00 PM,1,1,0,36.139390,-86.776140,I 65,,,,0.00,,,,,,,81.75,N,Not at Intersection,N,Non-Junction,None,,,         ,Thomas,Broatch,Cloudy,Not Collision with Motor Vehicle in Transport,no,no,no,no,no,False
102467264,METROPOLITAN NASHVILLE POLICE DEPT,20190578358,Davidson,Nashville,8/3/2019 5:50:00 PM,1,0,0,36.013980,-86.738420,EDMONDSON PIKE,,,,528.00,Feet,South,HOLT RD,,,,0.00,N,Not at Intersection, ,Non-Junction,None,,,         ,Garrett,Reingardt,Rain,Not Collision with Motor Vehicle in Transport,no,no,no,no,no,False
102467266,THP District 3 - Nashville,319049486,Davidson,Bellevue,8/3/2019 3:58:00 AM,2,0,0,36.078690,-86.961940,I 40,,,,0.00,,,,,,,196.00,N,Not at Intersection, ,Non-Junction,None,,,         ,Edward,Dexter,Clear,Angle,no,no,no,no,yes,False
102467271,METROPOLITAN NASHVILLE POLICE DEPT,20190578277,Davidson,Nashville,8/3/2019 12:00:00 AM,1,0,0,36.071680,-86.713460,WALES DR,,,,43.00,Feet,West,TORBAY DR,,,,0.00,N,Not at Intersection,N,Non-Junction,None,,,         ,Teresah,Pinho,Unknown,Not Collision with Motor Vehicle in Transport,no,no,no,no,yes,False
102467272,METROPOLITAN NASHVILLE POLICE DEPT,20190578302,Davidson,Goodlettsville,8/3/2019 11:00:00 PM,2,0,0,36.296910,-86.699160,GALLATIN PKEN,,,,0.00,,,RIVERGATE PKWY,,,,0.00,Y,Four-Way, ,Intersection,None,,,         ,Coleman,McKellar,Clear,Angle,no,no,no,no,no,False
102467275,METROPOLITAN NASHVILLE POLICE DEPT,20190578293,Davidson,Nashville,8/3/2019 10:00:00 PM,2,0,0,36.142740,-86.787030,EDGEHILL AV,,,,0.00,,,12TH AVS,,,,0.00,Y,Four-Way,Y,Intersection-Related,None,,,         ,Stephen,Johnston,Cloudy,Front to Rear,no,no,no,no,no,False
102467280,METROPOLITAN NASHVILLE POLICE DEPT,20190578399,Davidson,Nashville,8/3/2019 12:00:00 AM,2,0,0,36.166060,-86.781420,CHARLOTTE AV,,,,161.00,Feet,East,5TH AVN,,,,0.00,N,Not at Intersection,N,Non-Junction,None,,,         ,Austin,Childress,Clear,"Sideswipe, Opposite Direction",no,no,no,yes,yes,False
102467285,THP District 3 - Nashville,319049686,Davidson,Nashville,8/3/2019 10:30:00 PM,1,0,0,36.241550,-86.590180,REBEL RD,,,,1032.00,Feet,North,HOLLYWOOD DR,,,,0.00,N,Not at Intersection,N,Non-Junction,None,,,         ,Ed,Crouch,Rain,Not Collision with Motor Vehicle in Transport,no,no,no,no,no,False
102467291,METROPOLITAN NASHVILLE POLICE DEPT,20190578579,Davidson,Nashville,8/3/2019 11:22:00 PM,2,0,0,36.074930,-86.718840,FLORA MAXWELL RD,,,,0.00,Feet,West,HOPEWOOD DR,,,,0.00,N,Not at Intersection, ,,None,,,         ,Alex,DiBernardo,,,no,no,no,no,no,False
102467301,METROPOLITAN NASHVILLE POLICE DEPT,20190578480,Davidson,Nashville,8/3/2019 5:00:00 PM,3,0,0,36.234850,-86.796160,VISTA LN,,,,0.00,,,,,,,0.00,,,Y,Non-Junction,None,,,         ,Jonathan,Watch,Clear,"Sideswipe, Opposite Direction",no,no,no,no,yes,False
102467303,METROPOLITAN NASHVILLE POLICE DEPT,20190578558,Davidson,Nashville,8/4/2019 1:55:00 AM,2,1,0,36.165260,-86.804930,DR D B TODD JR BLVD,,,,0.00,,,MORENA ST,,,,0.00,Y,T-Intersection,N,Intersection,None,,,         ,Timothy,Skopek,Cloudy,Angle,no,no,no,no,yes,False
102467309,METROPOLITAN NASHVILLE POLICE DEPT,20190578275,Davidson,Nashville,8/3/2019 10:54:00 PM,2,0,0,36.187480,-86.794660,I 65,,,,0.00,,,,,,,85.40,N,Not at Intersection, ,Non-Junction,None,,,         ,Christopher,Royer,Cloudy,Angle,no,no,no,no,no,False
102467313,METROPOLITAN NASHVILLE POLICE DEPT,20190578661,Davidson,Madison,8/4/2019 3:00:00 AM,2,0,0,36.263090,-86.712230,W OLD HICKORY,BLVD,,,0.00,Feet,,N GALLATIN,PIKE,SR,,0.00,Y,Four-Way,N,Intersection-Related,None,,,         ,Corey,Ethridge,Clear,Angle,no,no,no,no,yes,False
102467315,METROPOLITAN NASHVILLE POLICE DEPT,20190578690,Davidson,Nashville,8/4/2019 3:15:00 AM,2,2,0,36.044960,-86.666490,BELL RD,,,,184.00,Feet,East,CEDAR POINTE PKWY,,,,0.00,N,Not at Intersection,N,Non-Junction,None,,,         ,Alex,DiBernardo,Clear,HeadOn,no,no,no,no,no,False
102467328,METROPOLITAN NASHVILLE POLICE DEPT,20190578786,Davidson,Nashville,8/4/2019 4:10:00 AM,2,1,0,36.255110,-86.785990,I 24,,,,0.00,,,,,,,42.20,N,Not at Intersection,N,Non-Junction,None,,,         ,Coleman,McKellar,Clear,Angle,no,no,no,no,yes,False
102467331,METROPOLITAN NASHVILLE POLICE DEPT,20190578833,Davidson,Nashville,8/4/2019 4:50:00 AM,2,1,0,36.113000,-86.688950,US HWY 41,,,,0.00,,,MCGAVOCK PIKE,,,,0.00,Y,T-Intersection,N,Intersection,None,,,         ,Ralph,Smith IV,Clear,Front to Rear,no,no,no,no,yes,False
102467373,Nashville Airport Police,19-03282,Davidson,Nashville,8/1/2019 10:21:00 AM,2,1,0,36.133410,-86.665080,BNA DR,,,,0.00,,,TERMINAL DR,,,,0.00,Y,OTHER,N,Non-Junction,None,,,         ,Jerry,Lovell,Clear,"Sideswipe, Same Direction",no,no,no,no,no,False
102467397,METROPOLITAN NASHVILLE POLICE DEPT,20190578934,Davidson,Nashville,8/4/2019 6:15:00 AM,1,0,0,36.168320,-86.725460,RIVERSIDE DR,,,,29.00,Feet,North,RIVERSIDE DR CNCTR,,,,0.00,N,Not at Intersection,N,Non-Junction,None,,,         ,Eric,Knight,Clear,Not Collision with Motor Vehicle in Transport,no,no,no,no,no,False
102467402,METROPOLITAN NASHVILLE POLICE DEPT,20190579000,Davidson,Nashville,8/4/2019 7:30:00 AM,2,0,0,36.115770,-86.781850,I 440,,,,0.00,,,,,,,4.45,N,Not at Intersection,Y,Non-Junction,None,,,         ,Jason,Kedzierski,Clear,"Sideswipe, Same Direction",no,no,no,no,yes,False
102467403,METROPOLITAN NASHVILLE POLICE DEPT,20190579014,Davidson,Nashville,8/4/2019 12:00:00 AM,1,0,0,36.098450,-86.672620,SOUTHWIND DR,,,,45.00,Feet,East,EZELL PKE,,,,0.00,N,Not at Intersection,N,Unknown,None,,,         ,Nicholas,Carter,Unknown,Unknown,no,no,no,no,yes,False
102467430,METROPOLITAN NASHVILLE POLICE DEPT,2019-0578982,Davidson,Nashville,8/4/2019 7:29:00 AM,1,0,0,36.255900,-86.738530,I 65,,,,0.00,,,,,,,91.65,N,Not at Intersection,N,Non-Junction,None,,,         ,Arthur,Hipp,Cloudy,Not Collision with Motor Vehicle in Transport,no,no,no,no,no,False
102467487,METROPOLITAN NASHVILLE POLICE DEPT,20190579147,Davidson,Nashville,8/4/2019 9:10:00 AM,2,1,0,36.209740,-86.776070,I 65,,,,0.00,,,,,,,87.60,N,Not at Intersection,N,Non-Junction,None,,,         ,Zachary,Goodall,Clear,Front to Rear,no,no,no,no,no,False
102467490,METROPOLITAN NASHVILLE POLICE DEPT,20190579255,Davidson,Nashville,8/4/2019 10:45:00 AM,1,0,0,36.058640,-86.678190,I 24,,,,0.00,,,,,,,58.00,N,Not at Intersection, ,Non-Junction,None,,,         ,Jason,Kedzierski,Clear,Not Collision with Motor Vehicle in Transport,no,no,no,no,no,False
102467494,METROPOLITAN NASHVILLE POLICE DEPT,20190579258,Davidson,Nashville,8/4/2019 12:00:00 AM,2,0,0,36.154630,-86.779160,8TH AVS,,,,0.00,,,LAFAYETTE ST,,,,0.00,Y,Roundabout, ,Intersection,None,,,         ,James,Thornton,Clear,Angle,no,no,no,no,no,False
102467495,METROPOLITAN NASHVILLE POLICE DEPT,20190579272,Davidson,Nashville,8/4/2019 10:45:00 AM,2,0,0,36.162870,-86.781590,6TH AVN,,,,96.00,Feet,North,CHURCH ST,,,,0.00,N,Not at Intersection, ,Non-Junction,None,,,         ,Kyle,Eicholtz,Clear,"Sideswipe, Same Direction",no,no,no,no,no,False
102467496,METROPOLITAN NASHVILLE POLICE DEPT,20190579231,Davidson,Nashville,8/3/2019 8:39:00 PM,2,0,0,36.222250,-86.767300,COTTAGE PARK DR,,,,311.00,Feet,North,PINE RIDGE DR,,,,0.00,N,Not at Intersection,N,Non-Junction,None,,,         ,Nicholas,Silinsky,Clear,"Sideswipe, Same Direction",no,no,no,yes,yes,False
102467524,METROPOLITAN NASHVILLE POLICE DEPT,2019-0579295,Davidson,Nashville,8/4/2019 11:15:00 AM,2,0,0,36.044800,-86.662030,BELL RD,,,,147.00,Feet,West,CANE RIDGE RD,,,,0.00,N,Not at Intersection,N,Non-Junction,None,,,         ,Stanley,Collins,Clear,Angle,no,no,no,no,yes,False
102467544,METROPOLITAN NASHVILLE POLICE DEPT,20190579293,Davidson,Nashville,8/4/2019 11:00:00 AM,1,0,0,36.153770,-86.787670,I40 W EXT RAMP,,,,0.00,Feet,East,I 40,,,,0.00,N,Not at Intersection, ,Non-Junction,None,,,         ,Tony,Folad,Clear,Not Collision with Motor Vehicle in Transport,no,no,no,no,no,False
102467600,METROPOLITAN NASHVILLE POLICE DEPT,20190579406,Davidson,Nashville,8/4/2019 12:50:00 PM,2,2,0,36.159610,-86.796260,CHARLOTTE AV,,,,0.00,,,16TH AVN,,,,0.00,Y,Four-Way,N,Non-Junction,None,,,         ,Jonathon,Sheppard,Clear,Front to Rear,no,no,no,no,no,False
102467625,METROPOLITAN NASHVILLE POLICE DEPT,20190579429,Davidson,Nashville,8/4/2019 12:00:00 AM,2,0,0,36.161120,-86.776960,BROADWAY,,,,79.00,Feet,East,4TH AVN,,,,0.00,N,Not at Intersection, ,,None,,,         ,James,Thornton,,,no,no,no,no,no,False
102467630,METROPOLITAN NASHVILLE POLICE DEPT,2019-0579050,Davidson,Nashville,8/4/2019 8:07:00 AM,1,0,0,36.061490,-86.721550,WHISPERING HILLS DR,,,,144.00,Feet,North,MCMURRAY DR,,,,0.00,N,Not at Intersection,N,Non-Junction,None,,,         ,Sean,Williams,Clear,Not Collision with Motor Vehicle in Transport,no,no,no,no,yes,False
102467638,METROPOLITAN NASHVILLE POLICE DEPT,20190579387,Davidson,Nashville,8/4/2019 12:35:00 PM,2,0,0,36.250150,-86.718890,GALLATIN PKES,,,,263.00,Feet,South,MOVING CENTER CT,,,,0.00,N,Not at Intersection,N,Non-Junction,None,,,         ,Samuel,Kersten,Cloudy,HeadOn,no,no,no,no,no,False
102467640,METROPOLITAN NASHVILLE POLICE DEPT,20190579455,Davidson,Nashville,8/4/2019 12:40:00 PM,4,0,0,36.119890,-86.802510,I 440,,,,0.00,,,,,,,3.00,N,Not at Intersection,N,Non-Junction,Construction Zone,Work On Shoulder Or Median,Activity Area,         ,Steven,Begley,Cloudy,Front to Rear,no,no,no,no,no,False