master_record_number,agency,agency_tracking_number,county,city,collision_date,vehicles_involved,number_injured,number_dead,latitude,longitude,roadway_name,roadway_suffix,roadway_number,roadway_local_id,distance_from_reference,miles-feet_indicator,direction_from_reference,intersection_road_name,intersection_road_name_suffix,intersection_road_number,intersection_local_id,mile_marker,intersection_indicator,intersect_type,interchange_related_indicator,relation_to_junction,work_zone_type,construction_maintenance_zone,construction_maintenance_zone_location,fatal_case_number,officer_first_name,officer_last_name,weather_condition(s),manner_of_crash,pedestrian,bicycle,scooter,parking,hitrun,mou
102467669,METROPOLITAN NASHVILLE POLICE DEPT,20190579457,Davidson,Nashville,8/4/2019 1:35:00 PM,2,2,0,36.231190,-86.781550,BRICK CHURCH PKE,,,,149.00,Feet,South,EWING DR,,,,0.00,N,Not at Intersection,N,Non-Junction,None,,,         ,Gabriel,Centeno,Cloudy,Angle,no,no,no,no,no,False
102467670,METROPOLITAN NASHVILLE POLICE DEPT,20190579472,Davidson,Nashville,8/4/2019 1:50:00 PM,2,1,0,36.139130,-86.700170,BRILEY PKWYN,,,,134.00,Feet,South,BRILEY PKWY,,,,0.00,N,Not at Intersection,N,Non-Junction,None,,,         ,Adam,Warren,Rain,Front to Rear,no,no,no,no,no,False
102467672,METROPOLITAN NASHVILLE POLICE DEPT,20190579501,Davidson,Nashville,8/4/2019 2:19:00 PM,2,0,0,36.086860,-86.695950,HARDING PL,,,,0.00,,,METROPLEX DR,,,,0.00,Y,Four-Way,N,Intersection,None,,,         ,Devonte,Coleman,Rain,Angle,no,no,no,no,yes,False
102467674,METROPOLITAN NASHVILLE POLICE DEPT,2019-0579448,Davidson,Nashville,8/4/2019 1:11:00 PM,5,0,0,36.034200,-86.713090,NOLENSVILLE PKE,,,,249.00,Feet,North,BARNES RD,,,,0.00,N,Not at Intersection,N,Non-Junction,None,,,         ,Stanley,Collins,Cloudy,Front to Rear,no,no,no,no,no,False
102467681,METROPOLITAN NASHVILLE POLICE DEPT,20190579499,Davidson,Nashville,8/4/2019 1:58:00 PM,2,0,0,36.162200,-86.793520,I 40,,,,0.00,,,,,,,208.65,N,Not at Intersection,N,Non-Junction,None,,,         ,Ryan,Coll,Rain,Angle,no,no,no,no,yes,False
102467682,METROPOLITAN NASHVILLE POLICE DEPT,20190579409,Davidson,Not in City Limit,8/2/2019 11:00:00 PM,2,0,0,36.256290,-86.762680,TEMPANY CT,,,,552.00,Feet,East,TUCKAHOE DR,,,,0.00,N,Not at Intersection, ,Non-Junction,None,,,         ,Gabriel,Centeno,Unknown,Rear to Side,no,no,no,no,yes,False
102467711,METROPOLITAN NASHVILLE POLICE DEPT,20190579480,Davidson,Nashville,8/4/2019 2:05:00 PM,1,1,0,36.150080,-86.805510,23RD AVN,,,,0.00,,,ELLISTON PL,,,,0.00,Y,Four-Way,N,Intersection,None,,,         ,Raymond,Flaherty,Rain,Not Collision with Motor Vehicle in Transport,yes,no,no,no,no,Campus
102467758,METROPOLITAN NASHVILLE POLICE DEPT,20190579624,Davidson,Nashville,8/4/2019 3:53:00 PM,2,1,0,36.043490,-86.630880,OLD FRANKLIN RD,,,,0.00,,,MOUNT VIEW RD,,,,0.00,Y,T-Intersection,N,Non-Junction,None,,,         ,Eric,Wegener,Rain,Front to Rear,no,no,no,no,no,False
102467766,METROPOLITAN NASHVILLE POLICE DEPT,20190579447,Davidson,Nashville,8/4/2019 1:26:00 PM,1,3,0,36.142880,-86.626950,BELL RD,,,,495.00,Feet,South,LAKERIDGE RUN,,,,0.00,N,Not at Intersection,N,Non-Junction,None,,,         ,Zachary,Plese,Clear,Not Collision with Motor Vehicle in Transport,no,no,no,no,no,False
102467769,GOODLETTSVILLE POLICE DEPT,19-29089,Davidson,Goodlettsville,8/4/2019 3:47:00 PM,2,0,0,36.325110,-86.701760,CONFERENCE DR,,,,0.00,,,LONG HOLLOW PKE,,,,0.00,Y,Four-Way, ,Intersection-Related,None,,,         ,Brian,Hajdu,Rain,Front to Rear,no,no,no,no,no,False
102467770,METROPOLITAN NASHVILLE POLICE DEPT,20190579522,Davidson,Nashville,8/4/2019 2:25:00 PM,2,0,0,36.217230,-86.837380,CLARKSVILLE PKE,,,,474.00,Feet,South,KINGS LN,,,,0.00,N,Not at Intersection, ,,None,,,         ,Peter,Kinsey,,,no,no,no,no,no,False
102467788,METROPOLITAN NASHVILLE POLICE DEPT,20190579489,Davidson,Nashville,8/4/2019 2:10:00 PM,1,1,0,36.230170,-86.771240,I 65,,,,0.00,,,,,,,89.00,N,Not at Intersection,N,Non-Junction,None,,,         ,Chad,Connors,Rain,Not Collision with Motor Vehicle in Transport,no,no,no,no,no,False
102467789,METROPOLITAN NASHVILLE POLICE DEPT,20190579617,Davidson,Nashville,8/4/2019 3:21:00 PM,1,0,0,36.053820,-86.703410,EULALA DR,,,,173.00,Feet,South,EULALA CIR,,,,0.00,N,Not at Intersection, ,Non-Junction,None,,,         ,Laura,Williams,Rain,Not Collision with Motor Vehicle in Transport,no,no,no,no,no,False
102467797,METROPOLITAN NASHVILLE POLICE DEPT,20190579631,Davidson,Nashville,8/4/2019 2:55:00 PM,2,0,0,36.134528,-86.878735,FLEETWOOD DR,,,,0.00,,,SUMMERLY DR,,,,0.00,Y,Four-Way,N,Intersection,None,,,         ,Jeremy,Huffine,Rain,Angle,no,no,no,no,yes,False
102467799,METROPOLITAN NASHVILLE POLICE DEPT,20190579656,Davidson,Nashville,8/4/2019 4:16:00 PM,2,0,0,36.151800,-86.771250,4TH AVS,,,,0.00,Feet,,LAFAYETTE ST,,,,0.00,Y,Y-Intersection, ,Intersection,None,,,         ,Nicolas,Pernell,Clear,Angle,no,no,no,no,no,False
102467801,METROPOLITAN NASHVILLE POLICE DEPT,20190579528,Davidson,Nashville,8/4/2019 12:00:00 AM,2,0,0,36.167690,-86.749670,SEVIER ST,,,,63.00,Feet,East,S 12TH ST,,,,0.00,N,Not at Intersection,N,Non-Junction,None,,,         ,Gordon,Stovall,Unknown,Unknown,no,no,no,no,yes,False
102467804,METROPOLITAN NASHVILLE POLICE DEPT,20190579670,Davidson,Nashville,8/4/2019 4:04:00 PM,1,0,0,36.170340,-86.606380,I40 E EXT RAMP,,,,0.00,,East,I 40,,,,0.00,N,Not at Intersection,N,Non-Junction,None,,,         ,Tony,Mingsing,Rain,Not Collision with Motor Vehicle in Transport,no,no,no,no,no,False
102467821,METROPOLITAN NASHVILLE POLICE DEPT,20190579680,Davidson,Nashville,8/4/2019 2:06:00 PM,1,0,0,36.151370,-86.799330,20TH AVS,,,,0.00,,,20TH AVN,,,,0.00,Y,Four-Way, ,Intersection,Construction Zone,,,         ,Thomas,Broatch,Rain,Not Collision with Motor Vehicle in Transport,no,no,no,no,no,Campus
102467845,METROPOLITAN NASHVILLE POLICE DEPT,20190579742,Davidson,Nashville,8/4/2019 5:27:00 PM,2,2,0,36.070250,-86.702340,HAYWOOD LN,,,,218.00,Feet,West,HAYWOOD CT,,,,0.00,N,Not at Intersection,N,Non-Junction,None,,,         ,Laura,Williams,Rain,Angle,no,no,no,no,no,False
102467847,BERRY HILL POLICE DEPT,19-3084,Davidson,Berry Hill,8/4/2019 3:25:00 PM,2,0,0,36.121100,-86.775360,FRANKLIN PKE,,,,98.00,Feet,South,KIRKWOOD AV,,,,0.00,N,Not at Intersection, ,Non-Junction,None,,,         ,Anthony,Russo,Rain,"Sideswipe, Same Direction",no,no,no,yes,no,False
102467848,METROPOLITAN NASHVILLE POLICE DEPT,20190579619,Davidson,Antioch,8/4/2019 12:00:00 AM,3,1,0,36.047840,-86.612050,MURFREESBORO PKE,,,,1284.00,Feet,North,MOUNTAIN SPRINGS RD,,,,0.00,N,Not at Intersection,N,Non-Junction,None,,,         ,Wesley,Carver,Rain,Front to Rear,no,no,no,no,no,False
102467849,METROPOLITAN NASHVILLE POLICE DEPT,20190579536,Davidson,Nashville,8/4/2019 2:53:00 PM,2,0,0,36.073870,-86.623510,ANDERSON RD,,,,0.00,,,OWENDALE DR,,,,0.00,Y,Four-Way, ,Non-Junction,None,,,         ,Deandera,Payne,Rain,Front to Rear,no,no,no,no,no,False
102467856,METROPOLITAN NASHVILLE POLICE DEPT,20190579718,Davidson,Nashville,8/4/2019 5:00:00 PM,2,0,0,36.177460,-86.800790,I 65,,,,0.00,,,,,,,84.80,N,Not at Intersection,N,Non-Junction,None,,,         ,Luke,Steigerwalt,Rain,"Sideswipe, Same Direction",no,no,no,no,no,False
102467862,METROPOLITAN NASHVILLE POLICE DEPT,20190579538,Davidson,Nashville,8/4/2019 12:00:00 AM,2,0,0,36.102670,-86.819310,HILLSBORO CIR,,,,325.00,Feet,North,HILLSBORO DR,,,,0.00,N,Not at Intersection,N,Non-Junction,None,,,         ,Robert,Crow,Clear,Unknown,no,no,no,yes,yes,False
102467865,METROPOLITAN NASHVILLE POLICE DEPT,20190579798,Davidson,Nashville,8/4/2019 6:00:00 PM,2,0,0,36.166250,-86.611750,EXIT 221A,,,,0.00,Feet,East,I 40,,,,0.00,N,Not at Intersection, ,,None,,,         ,Tyler,Hall,,,no,no,no,no,no,False
102467873,METROPOLITAN NASHVILLE POLICE DEPT,20190579795,Davidson,Nashville,8/4/2019 3:22:00 PM,2,0,0,36.083640,-86.689260,ANTIOCH PKE,,,,89.00,Feet,North,EZELL PKE,,,,0.00,N,Not at Intersection, ,Non-Junction,None,,,         ,Devonte,Coleman,Rain,Front to Rear,no,no,no,no,no,False
102467883,METROPOLITAN NASHVILLE POLICE DEPT,20190579512,Davidson,Nashville,8/4/2019 2:32:00 PM,2,0,0,36.086090,-86.700250,I 24,,,,0.00,,,,,,,55.70,N,Not at Intersection,N,Non-Junction,None,,,         ,Jedidayah,Merriweather,Rain,Front to Rear,no,no,no,no,no,False
102467885,METROPOLITAN NASHVILLE POLICE DEPT,20190579673,Davidson,Nashville,8/4/2019 3:46:00 PM,1,3,0,36.041300,-86.778560,STATE HWY 254,,,,319.00,Feet,East,FRANKLIN PIKE CIR,,,,0.00,N,Not at Intersection,N,OtherLocation,None,,,         ,David,Robberson,Rain,Not Collision with Motor Vehicle in Transport,yes,no,no,no,no,False
102467897,METROPOLITAN NASHVILLE POLICE DEPT,20190579837,Davidson,Nashville,8/4/2019 12:00:00 AM,1,0,0,36.084570,-86.699270,I 24,,,,0.00,,,,,,,55.85,N,Not at Intersection,N,Non-Junction,None,,,         ,Je-Marc,Sears,Cloudy,Not Collision with Motor Vehicle in Transport,no,no,no,no,no,False
102467898,METROPOLITAN NASHVILLE POLICE DEPT,20190579716,Davidson,Nashville,8/4/2019 3:15:00 PM,2,0,0,36.124680,-86.728660,I24 E ENT RAMP,,,,0.00,Feet,East,I 440,,,,0.00,N,Not at Intersection,N,Non-Junction,None,,,         ,Jarret,Sonnenberg,Rain,Angle,no,no,no,no,no,False
102467902,METROPOLITAN NASHVILLE POLICE DEPT,20190579789,Davidson,Nashville,8/4/2019 5:49:00 PM,2,0,0,36.106160,-86.813680,HILLSBORO PKE,,,,128.00,Feet,North,ABBOTT MARTIN RD,,,,0.00,N,Not at Intersection, ,,None,,,         ,Robert,Crow,,,no,no,no,no,no,False
102467909,METROPOLITAN NASHVILLE POLICE DEPT,20190579838,Davidson,Nashville,8/4/2019 6:46:00 PM,2,1,0,36.134650,-86.825060,WEST END AV,,,,0.00,,,BOWLING AV,,,,0.00,Y,Four-Way, ,Intersection,None,,,         ,Justin,Coyle,Clear,Front to Rear,no,no,no,no,no,False
102467929,METROPOLITAN NASHVILLE POLICE DEPT,20190579625,Davidson,Nashville,8/4/2019 3:45:00 PM,1,0,0,36.052370,-86.683730,TUSCULUM RD,,,,218.00,Feet,East,SHIHMEN DR,,,,0.00,N,Not at Intersection,N,Non-Junction,None,,,         ,Jedidayah,Merriweather,Rain,Not Collision with Motor Vehicle in Transport,no,no,no,no,no,False
102467936,METROPOLITAN NASHVILLE POLICE DEPT,20190579904,Davidson,Nashville,8/4/2019 3:50:00 PM,2,0,0,36.156720,-86.630970,I40 W EXT RAMP,,,,0.00,Feet,East,I 40,,,,0.00,N,Not at Intersection,N,Entrance/Exit Ramp Related,None,,,         ,John,Kelley,Cloudy,"Sideswipe, Same Direction",no,no,no,no,yes,False
102467949,METROPOLITAN NASHVILLE POLICE DEPT,20190579790,Davidson,Nashville,8/4/2019 5:56:00 PM,1,3,0,36.170670,-86.606310,I40 E EXT RAMP,,,,0.00,Feet,East,I 40,,,,0.00,N,Not at Intersection,N,Non-Junction,None,,,         ,Tony,Mingsing,Rain,Not Collision with Motor Vehicle in Transport,no,no,no,no,no,False
102467951,METROPOLITAN NASHVILLE POLICE DEPT,20190579871,Davidson,Nashville,8/4/2019 7:09:00 PM,1,1,0,36.054520,-86.725190,MCMURRAY DR,,,,41.00,Feet,East,AMALIE DR,,,,0.00,N,Not at Intersection,N,Non-Junction,None,,,         ,Cynthia,Quirouette,Cloudy,Not Collision with Motor Vehicle in Transport,no,no,no,no,yes,False
102467961,METROPOLITAN NASHVILLE POLICE DEPT,20190579772,Davidson,Nashville,8/4/2019 3:33:00 PM,1,0,0,36.155550,-86.694700,BOUNTY DR,,,,15.00,Feet,South,SANBORN DR,,,,0.00,N,Not at Intersection,N,Non-Junction,None,,,         ,Terence,Mitchell,Rain,Not Collision with Motor Vehicle in Transport,no,no,no,no,no,False
102467975,METROPOLITAN NASHVILLE POLICE DEPT,20190579983,Davidson,Nashville,8/4/2019 5:13:00 PM,2,0,0,36.070290,-86.684540,ANTIOCH PKE,,,,0.00,Feet,,HAYWOOD LN,,,,0.00,Y,T-Intersection, ,Intersection,None,,,         ,Taylor,Hurley,Cloudy,Angle,no,no,no,no,yes,False
102467999,METROPOLITAN NASHVILLE POLICE DEPT,2019-0579913,Davidson,Nashville,8/4/2019 6:04:00 PM,2,0,0,36.079340,-86.684470,ANTIOCH PKE,,,,107.00,Feet,North,CHEROKEE HILLS DR,,,,0.00,N,Not at Intersection, ,"Driveway, Alley Access, etc",None,,,         ,Kevin,Keating,Rain,Angle,no,no,no,no,no,False
102468002,METROPOLITAN NASHVILLE POLICE DEPT,20190579952,Davidson,Nashville,8/4/2019 6:46:00 PM,2,0,0,36.101210,-86.735090,ANTIOCH PKE,,,,0.00,Feet,East,WINGATE AV,,,,0.00,N,Not at Intersection, ,Non-Junction,None,,,         ,Je-Marc,Sears,Clear,Front to Rear,no,no,no,no,no,False
102468011,METROPOLITAN NASHVILLE POLICE DEPT,20190579694,Davidson,Nashville,8/4/2019 4:50:00 PM,2,0,0,36.058830,-86.670450,MT VIEW RD,,,,0.00,,,HICKORY HOLLOW PKWY,,,,0.00,Y,T-Intersection,N,Intersection,None,,,         ,Jedidayah,Merriweather,Rain,"Sideswipe, Same Direction",no,no,no,no,no,False
102468014,METROPOLITAN NASHVILLE POLICE DEPT,20190579470,Davidson,Nashville,8/4/2019 1:49:00 PM,4,0,0,36.142410,-86.709250,I 40,,,,0.00,,,,,,,214.25,N,Not at Intersection,N,Non-Junction,None,,,         ,Dontaveous,Eubanks,Rain,Unknown,no,no,no,no,no,False
102468015,METROPOLITAN NASHVILLE POLICE DEPT,20190579862,Davidson,Nashville,8/4/2019 7:03:00 PM,1,1,0,36.252420,-86.717350,GALLATIN PKES,,,,208.00,Feet,North,E WEBSTER ST,,,,0.00,N,Not at Intersection,N,Non-Junction,None,,,         ,Mary,Robinson,Clear,Not Collision with Motor Vehicle in Transport,yes,no,no,no,no,False
102468016,METROPOLITAN NASHVILLE POLICE DEPT,20190579796,Davidson,Goodlettsville,8/4/2019 6:00:00 PM,2,1,0,36.284980,-86.715300,N GRAYCROFT AV,,,,0.00,Feet,East,CONNARE DR,,,,0.00,N,Not at Intersection,Y,Non-Junction,None,,,         ,Andrew,Ramirez,Clear,Angle,no,no,no,no,no,False
102468027,METROPOLITAN NASHVILLE POLICE DEPT,20190579822,Davidson,Nashville,8/4/2019 6:26:00 PM,2,0,0,36.185110,-86.797280,I 65,,,,0.00,,,,,,,85.40,N,Not at Intersection, ,Non-Junction,None,,,         ,Amery,Milligan,Clear,Angle,no,no,no,no,no,False
102468067,METROPOLITAN NASHVILLE POLICE DEPT,20190580161,Davidson,Nashville,8/4/2019 9:20:00 PM,2,0,0,36.171900,-86.810110,21ST AVN,,,,49.00,Feet,South,KNOWLES ST,,,,0.00,N,Not at Intersection, ,,None,,,         ,Joseph,Gawlowski,,,no,no,no,no,no,False
102468068,METROPOLITAN NASHVILLE POLICE DEPT,20190580037,Davidson,Nashville,8/4/2019 9:19:00 PM,2,0,0,36.239750,-86.766390,VAILVIEW DR,,,,0.00,,,OAKVIEW DR,,,,0.00,Y,Four-Way,N,Non-Junction,None,,,         ,Jacob,Krispin,Clear,Angle,no,no,no,no,no,False
102468072,METROPOLITAN NASHVILLE POLICE DEPT,20190580188,Davidson,Nashville,8/4/2019 11:20:00 PM,1,0,0,36.250800,-86.689740,NEELYS BEND RD,,,,294.00,Feet,West,CENTER ST,,,,0.00,N,Not at Intersection, ,,None,,,         ,Jeremy,Spoonemore,,,no,no,no,no,no,False
102468101,Nashville Airport Police,2019-03325,Davidson,Nashville,8/4/2019 2:28:00 AM,1,1,0,36.129140,-86.665380,AIRPORT SERVICE RD,,,,0.00,,,AIRPORT SERVICE RD,,,,0.00,Y,OTHER,Y,SharedUsePathOrTrail,None,,,         ,Tyler,Drown,Clear,Not Collision with Motor Vehicle in Transport,no,no,no,yes,no,False
102468132,METROPOLITAN NASHVILLE POLICE DEPT,20190580304,Davidson,Nashville,8/4/2019 8:36:00 PM,2,0,0,36.103320,-86.741330,NOLENSVILLE PKE,,,,158.00,Feet,North,PATTERSON ST,,,,0.00,N,Not at Intersection,N,Non-Junction,None,,,         ,Kurt,Lewton,Clear,Angle,no,no,no,no,yes,False
102468137,METROPOLITAN NASHVILLE POLICE DEPT,20190580199,Davidson,Nashville,8/4/2019 12:00:00 AM,2,0,0,36.165750,-86.809140,ALBION ST,,,,71.00,Feet,West,21ST AVN,,,,0.00,N,Not at Intersection,N,Non-Junction,None,,,         ,Brandon,Simpkins,Unknown,"Sideswipe, Same Direction",no,no,no,no,yes,False
102468139,METROPOLITAN NASHVILLE POLICE DEPT,20190580259,Davidson,Whites Creek,8/5/2019 12:25:00 AM,1,0,0,36.279650,-86.802770,I 24,,,,0.00,,,,,,,40.35,N,Not at Intersection,N,Non-Junction,None,,,         ,Dalton,Crum,Clear,Not Collision with Motor Vehicle in Transport,no,no,no,no,no,False
102468159,METROPOLITAN NASHVILLE POLICE DEPT,2019058434,Davidson,Nashville,8/5/2019 12:00:00 AM,1,0,0,36.226460,-86.774000,I 65,,,,0.00,,,,,,,88.70,N,Not at Intersection,N,Non-Junction,None,,,         ,Jacob,Dick,Clear,Not Collision with Motor Vehicle in Transport,no,no,no,no,no,False
102468160,METROPOLITAN NASHVILLE POLICE DEPT,20190578886,Davidson,Nashville,8/4/2019 5:07:00 AM,1,0,0,36.169380,-86.582190,I 40,,,,0.00,,,,,,,221.85,N,Not at Intersection,N,Non-Junction,None,,,         ,Lynsie,Smith,Clear,Not Collision with Motor Vehicle in Transport,no,no,no,no,no,False
102468166,METROPOLITAN NASHVILLE POLICE DEPT,20190580292,Davidson,Nashville,8/5/2019 12:50:00 AM,2,1,0,36.151460,-86.751320,EXIT 212,,,,0.00,Feet,East,I 40,,,,0.00,N,Not at Intersection,N,Entrance/Exit Ramp Related,Construction Zone,Laneclosure,Transition Area,         ,Michael,Griggs,Clear,Front to Rear,no,no,no,no,no,False
102468169,METROPOLITAN NASHVILLE POLICE DEPT,20190580384,Davidson,Nashville,8/5/2019 12:00:00 AM,2,0,0,36.124130,-86.742990,I 440,,,,0.00,,,,,,,6.65,N,Not at Intersection, ,Non-Junction,None,,,         ,Antoine,Maghamez,Clear,Front to Rear,no,no,no,no,yes,False
102468171,METROPOLITAN NASHVILLE POLICE DEPT,20190580567,Davidson,Nashville,8/5/2019 4:32:00 AM,2,0,0,36.045350,-86.713390,OLD HICKORY BLVD,,,,38.00,Feet,West,NOLENSVILLE PKE,,,,0.00,N,Not at Intersection, ,,None,,,         ,Brandon,Rardin,,,no,no,no,no,no,False
102468236,METROPOLITAN NASHVILLE POLICE DEPT,20190580796,Davidson,Nashville,8/5/2019 6:49:00 AM,2,1,0,36.154120,-86.736130,LEBANON PKE,,,,1027.00,Feet,East,OMOHUNDRO PL,,,,0.00,N,Not at Intersection,N,Non-Junction,None,,,         ,Tien,Nguyen,Clear,Front to Rear,no,no,no,no,no,False
102468237,METROPOLITAN NASHVILLE POLICE DEPT,20190580625,Davidson,Nashville,8/5/2019 4:38:00 AM,2,0,0,36.095110,-86.737120,NOLENSVILLE PKE,,,,277.00,Feet,South,WHEELER AV,,,,0.00,N,Not at Intersection,N,Non-Junction,None,,,         ,Kurt,Lewton,Fog,Front to Rear,no,no,no,no,no,False
102468264,METROPOLITAN NASHVILLE POLICE DEPT,20190580862,Davidson,Antioch,8/5/2019 7:20:00 AM,2,0,0,36.015530,-86.621380,I24 W ENT RAMP,,,,0.00,Feet,East,I 24,,,,0.00,N,Not at Intersection,N,Non-Junction,None,,,         ,Jessie,Meadows,Clear,Front to Rear,no,no,no,no,no,False
102468272,METROPOLITAN NASHVILLE POLICE DEPT,20190580866,Davidson,Nashville,8/5/2019 6:56:00 AM,2,0,0,36.120340,-86.696950,BRILEY PKWYS,,,,263.00,Feet,South,BRILEY PKWY S EXT RAMP,,,,0.00,N,Not at Intersection,N,Non-Junction,None,,,         ,Jason,Kedzierski,Clear,Angle,no,no,no,no,no,False
102468273,METROPOLITAN NASHVILLE POLICE DEPT,20190580891,Davidson,Nashville,8/5/2019 7:38:00 AM,1,1,0,36.153410,-86.732860,LEBANON PKE,,,,2023.00,Feet,East,OMOHUNDRO PL,,,,0.00,N,Not at Intersection, ,Non-Junction,None,,,         ,Tien,Nguyen,Clear,Not Collision with Motor Vehicle in Transport,no,yes,no,no,no,False
102468277,METROPOLITAN NASHVILLE POLICE DEPT,20190580828,Davidson,Nashville,8/5/2019 7:07:00 AM,2,1,0,36.159420,-86.796690,CHARLOTTE AV,,,,24.00,Feet,West,16TH AVN,,,,0.00,N,Not at Intersection,N,Non-Junction,None,,,         ,Alberta,Auguste,Clear,Front to Rear,no,no,no,no,no,False
102468290,METROPOLITAN NASHVILLE POLICE DEPT,20190580824,Davidson,Nashville,8/5/2019 7:02:00 AM,2,0,0,36.167830,-86.609880,I 40,,,,0.00,,,,,,,220.35,N,Not at Intersection,N,Non-Junction,None,,,         ,Michael,Dance,Clear,Front to Rear,no,no,no,no,yes,False
102468300,METROPOLITAN NASHVILLE POLICE DEPT,20190580804,Davidson,Nashville,8/5/2019 6:54:00 AM,2,0,0,36.141580,-86.715030,I 40,,,,0.00,,,,,,,213.90,N,Not at Intersection, ,Non-Junction,None,,,         ,Michael,Dance,Clear,Front to Rear,no,no,no,no,no,False
102468305,METROPOLITAN NASHVILLE POLICE DEPT,20190580947,Davidson,Nashville,8/5/2019 7:25:00 AM,3,0,0,36.168600,-86.806290,DR D B TODD JR BLVD,,,,106.00,Feet,North,MEHARRY BLVD,,,,0.00,N,Not at Intersection, ,Non-Junction,None,,,         ,Jonathon,Sheppard,Clear,Front to Rear,no,no,no,no,yes,False
102468309,METROPOLITAN NASHVILLE POLICE DEPT,20190580881,Davidson,Nashville,8/5/2019 7:33:00 AM,2,0,0,36.140750,-86.726760,I 40,,,,0.00,,,,,,,213.30,N,Not at Intersection, ,Non-Junction,None,,,         ,Michael,Dance,Clear,"Sideswipe, Same Direction",no,no,no,no,no,False
102468322,METROPOLITAN NASHVILLE POLICE DEPT,20190581007,Davidson,Nashville,8/5/2019 8:10:00 AM,2,0,0,36.095950,-86.654070,OLD MURFREESBORO PKE,,,,175.00,Feet,North,MURFREESBORO PKE RAMP,,,,0.00,N,Not at Intersection, ,Non-Junction,None,,,         ,Brian,Ewing,Clear,Angle,no,no,no,yes,yes,False
102468324,METROPOLITAN NASHVILLE POLICE DEPT,20190580880,Davidson,Nashville,8/5/2019 7:28:00 AM,2,0,0,36.140930,-86.730500,I 24,,,,0.00,,,,,,,51.60,N,Not at Intersection, ,,None,,,         ,Michael,Dance,,,no,no,no,no,no,False
102468325,METROPOLITAN NASHVILLE POLICE DEPT,20190580830,Davidson,Nashville,8/5/2019 7:07:00 AM,2,0,0,36.055100,-86.742660,MCMURRAY DR,,,,0.00,,,EDMONDSON PKE,,,,0.00,Y,Four-Way, ,Intersection,None,,,         ,Ian,Hammond,Clear,Front to Rear,no,no,no,no,no,False
102468340,METROPOLITAN NASHVILLE POLICE DEPT,20190580785,Davidson,Nashville,8/5/2019 5:48:00 AM,2,0,0,36.154470,-86.739590,LEBANON PKE,,,,0.00,,,OMOHUNDRO PL,,,,0.00,Y,T-Intersection, ,Intersection-Related,None,,,         ,Tien,Nguyen,Clear,Angle,no,no,no,no,no,False
102468342,METROPOLITAN NASHVILLE POLICE DEPT,20190581128,Davidson,Antioch,8/5/2019 12:00:00 AM,2,0,0,36.050620,-86.606180,GROVEDALE TRC,,,,201.00,Feet,North,PIN HOOK RD,,,,0.00,N,Not at Intersection,N,Non-Junction,None,,,         ,Jessie,Meadows,Clear,Unknown,no,no,no,no,yes,False
102468349,METROPOLITAN NASHVILLE POLICE DEPT,20190581060,Davidson,Nashville,8/5/2019 7:55:00 AM,2,0,0,36.130780,-86.777220,PRENTICE AV,,,,0.00,Feet,,GRANTLAND AV,,,,0.00,Y,Four-Way,Y,Intersection-Related,None,,,         ,Steven,Begley,Clear,Angle,no,no,no,no,no,False
102468350,METROPOLITAN NASHVILLE POLICE DEPT,20190581049,Davidson,Nashville,8/5/2019 8:43:00 AM,1,1,0,36.161300,-86.784520,9TH AVN,,,,0.00,,,CHURCH ST,,,,0.00,Y,Four-Way,N,Intersection,None,,,         ,Steven,Jenkins,Clear,Not Collision with Motor Vehicle in Transport,yes,no,no,no,yes,False
102468373,METROPOLITAN NASHVILLE POLICE DEPT,20190581193,Davidson,Nashville,8/5/2019 9:47:00 AM,2,2,0,36.168420,-86.687960,LEBANON PKE,,,,0.00,,,BRILEY PKWY N ENT RAMP,,,,0.00,Y,Four-Way,N,Intersection,None,,,         ,Michael,Dance,Clear,Angle,no,no,no,no,no,False
102468376,METROPOLITAN NASHVILLE POLICE DEPT,20190580940,Davidson,Nashville,8/5/2019 7:37:00 AM,2,1,0,36.097480,-86.763220,I 65,,,,0.00,,,,,,,78.85,N,Not at Intersection, ,Non-Junction,None,,,         ,Raymond,Flaherty,Clear,Front to Rear,no,no,no,no,no,False
102468377,METROPOLITAN NASHVILLE POLICE DEPT,20190581196,Davidson,Nashville,8/5/2019 9:47:00 AM,2,0,0,36.081640,-86.758320,TROUSDALE DR,,,,196.00,Feet,North,HARDING PL,,,,0.00,N,Not at Intersection,N,"Driveway, Alley Access, etc",None,,,         ,John,Chambers,Clear,Angle,no,no,no,no,no,False
102468387,METROPOLITAN NASHVILLE POLICE DEPT,20190581010,Davidson,Nashville,8/5/2019 8:12:00 AM,2,0,0,36.156090,-86.739760,OMOHUNDRO PL,,,,0.00,,,FREIGHTLINER DR,,,,0.00,Y,T-Intersection, ,Intersection,None,,,         ,Thomas,Odom,Clear,Not Collision with Motor Vehicle in Transport,no,no,no,no,no,False
102468388,METROPOLITAN NASHVILLE POLICE DEPT,20190581120,Davidson,Nashville,8/5/2019 8:29:00 AM,2,0,0,36.123940,-86.696380,BRILEY PKWY,,,,129.00,Feet,South,VULTEE BLVD,,,,0.00,N,Not at Intersection, ,Non-Junction,None,,,         ,Thomas,Odom,Clear,Front to Rear,no,no,no,no,no,False