master_record_number,agency,agency_tracking_number,county,city,collision_date,vehicles_involved,number_injured,number_dead,latitude,longitude,roadway_name,roadway_suffix,roadway_number,roadway_local_id,distance_from_reference,miles-feet_indicator,direction_from_reference,intersection_road_name,intersection_road_name_suffix,intersection_road_number,intersection_local_id,mile_marker,intersection_indicator,intersect_type,interchange_related_indicator,relation_to_junction,work_zone_type,construction_maintenance_zone,construction_maintenance_zone_location,fatal_case_number,officer_first_name,officer_last_name,weather_condition(s),manner_of_crash,pedestrian,bicycle,scooter,parking,hitrun,mou
102472055,METROPOLITAN NASHVILLE POLICE DEPT,20190590916,Davidson,Not in City Limit,8/8/2019 5:11:00 PM,2,1,0,36.264070,-86.690290,STATE RT 45,,,,0.00,,,MYATT DR,,,,0.00,Y,Four-Way,N,Intersection,None,,,         ,Christopher,Littles,Clear,Angle,no,no,no,no,no,False
102472084,METROPOLITAN NASHVILLE POLICE DEPT,20190590711,Davidson,Nashville,8/8/2019 4:55:00 PM,2,1,0,36.169280,-86.797010,I 40,,,,0.00,,,,,,,207.90,N,Not at Intersection,N,Non-Junction,None,,,         ,Jonathan,Sharp,Clear,Front to Rear,no,no,no,no,no,False
102472093,METROPOLITAN NASHVILLE POLICE DEPT,20190591233,Davidson,Nashville,8/8/2019 9:32:00 PM,2,0,0,36.039740,-86.743450,EDMONDSON PKE,,,,97.00,Feet,South,OLD HICKORY BLVD,,,,0.00,N,Not at Intersection, ,,None,,,         ,Cynthia,Quirouette,,,no,no,no,no,no,False
102472095,METROPOLITAN NASHVILLE POLICE DEPT,20190591096,Davidson,Nashville,8/8/2019 8:41:00 PM,2,3,0,36.080370,-86.685700,ANTIOCH PKE,,,,0.00,,,FRANKLIN LIMESTONE RD,,,,0.00,Y,Four-Way,N,Intersection,None,,,         ,Andrew,Brazee,Clear,HeadOn,no,no,no,no,no,False
102472101,METROPOLITAN NASHVILLE POLICE DEPT,20190590815,Davidson,Nashville,8/8/2019 5:05:00 PM,2,0,0,36.187990,-86.821560,CLARKSVILLE PKE,,,,0.00,Feet,East,ROSA L PARKS BLVD,,,,0.00,N,Not at Intersection, ,Non-Junction,None,,,         ,Justin,Vaughn,Clear,Front to Rear,no,no,no,no,no,False
102472119,METROPOLITAN NASHVILLE POLICE DEPT,20190591162,Davidson,Nashville,8/8/2019 9:05:00 PM,1,1,0,36.184290,-86.746620,N 12TH ST,,,,176.00,Feet,South,EDGEWOOD PL,,,,0.00,N,Not at Intersection,N,Non-Junction,None,,,         ,Jessica,Scott,Clear,Not Collision with Motor Vehicle in Transport,yes,no,no,no,yes,False
102472145,METROPOLITAN NASHVILLE POLICE DEPT,20190591315,Davidson,Nashville,8/8/2019 10:33:00 PM,2,1,0,36.206710,-86.779400,W TRINITY LN,,,,285.00,Feet,West,HAMPTON ST,,,,0.00,N,Not at Intersection,N,Non-Junction,None,,,         ,Benjamin,Williams,Clear,Angle,no,no,no,no,yes,False
102472218,METROPOLITAN NASHVILLE POLICE DEPT,20190591632,Davidson,Nashville,8/8/2019 12:00:00 AM,1,0,0,36.065180,-86.675160,REEVES RD,,,,186.00,Feet,East,GOODWIN RD,,,,0.00,N,Not at Intersection,N,Non-Junction,None,,,         ,Derrick,Toney,Clear,Not Collision with Motor Vehicle in Transport,no,no,no,no,yes,False
102472220,METROPOLITAN NASHVILLE POLICE DEPT,20190591777,Davidson,Not in City Limit,8/9/2019 12:35:00 AM,2,0,0,36.020610,-86.627690,I 24,,,,0.00,,,,,,,62.00,N,Not at Intersection, ,Non-Junction,Construction Zone,,,         ,Kevin,Breeding,Clear,Front to Rear,no,no,no,no,no,False
102472225,METROPOLITAN NASHVILLE POLICE DEPT,20190591569,Davidson,Nashville,8/9/2019 12:17:00 AM,2,3,0,36.144930,-86.766660,4TH AVS,,,,0.00,,,CHESTNUT ST,,,,0.00,Y,Four-Way,N,Intersection,None,,,         ,Bryce,Hatten,Clear,Angle,no,no,no,no,no,False
102472254,METROPOLITAN NASHVILLE POLICE DEPT,20190591333,Davidson,Nashville,8/8/2019 9:30:00 PM,2,0,0,36.142000,-86.665960,I40 W EXT RAMP,,,,0.00,Feet,East,I 40,,,,0.00,N,Not at Intersection,N,Non-Junction,None,,,         ,Jacob,West,Clear,Front to Rear,no,no,no,no,no,False
102472272,METROPOLITAN NASHVILLE POLICE DEPT,20190591558,Davidson,Nashville,8/8/2019 11:40:00 PM,2,0,0,36.074720,-86.635010,BELL RD,,,,0.00,Feet,,ANDERSON RD,,,,0.00,Y,T-Intersection,Y,Intersection,None,,,         ,Michael,Griggs,Clear,Angle,no,no,no,no,no,False
102472308,METROPOLITAN NASHVILLE POLICE DEPT,2019-0592148,Davidson,Goodlettsville,8/9/2019 4:00:00 AM,4,0,0,36.292750,-86.695310,MYATT DR,,,,519.00,Feet,South,SPRING BRANCH DR,,,,0.00,N,Not at Intersection,N,Non-Junction,None,,,         ,Jonathan,Phipps,Clear,Angle,no,no,no,yes,yes,False
102472323,METROPOLITAN NASHVILLE POLICE DEPT,20190592312,Davidson,Nashville,8/9/2019 5:44:00 AM,2,1,0,36.032380,-86.703780,SHAYLIN LOOP,,,,457.00,Feet,East,RED JACKET DR,,,,0.00,N,Not at Intersection,N,Non-Junction,None,,,         ,Kevin,Breeding,Clear,Angle,no,no,no,no,yes,False
102472342,METROPOLITAN NASHVILLE POLICE DEPT,20190592483,Davidson,Nashville,8/9/2019 7:15:00 AM,2,0,0,36.169810,-86.673280,US HWY 70,,,,89.00,Feet,East,SHADY GROVE RD,,,,0.00,N,Not at Intersection, ,Non-Junction,None,,,         ,Zachary,Scott,Cloudy,Front to Rear,no,no,no,no,no,False
102472358,METROPOLITAN NASHVILLE POLICE DEPT,20190592428,Davidson,Nashville,8/9/2019 7:11:00 AM,2,0,0,36.145480,-86.740880,I 40,,,,0.00,,,,,,,212.25,N,Not at Intersection, ,Non-Junction,None,,,         ,Michael,Dance,Clear,"Sideswipe, Same Direction",no,no,no,no,no,False
102472359,METROPOLITAN NASHVILLE POLICE DEPT,20190592484,Davidson,Nashville,8/9/2019 7:40:00 AM,3,0,0,36.224810,-86.625620,OLD HICKORY BLVD,,,,145.00,Feet,South,CENTER ST,,,,0.00,N,Not at Intersection,N,Non-Junction,None,,,         ,Tien,Nguyen,Clear,Front to Rear,no,no,no,no,no,False
102472360,METROPOLITAN NASHVILLE POLICE DEPT,20190592539,Davidson,Nashville,8/9/2019 8:06:00 AM,2,0,0,36.209780,-86.776060,I 65,,,,0.00,,,,,,,87.60,N,Not at Intersection,N,Non-Junction,None,,,         ,Ronald,Bright,Cloudy,"Sideswipe, Same Direction",no,no,no,no,yes,False
102472362,METROPOLITAN NASHVILLE POLICE DEPT,20190592474,Davidson,Nashville,8/9/2019 7:36:00 AM,2,0,0,36.117910,-86.699830,MURFREESBORO PKE,,,,164.00,Feet,East,BRILEY PKWY N EXT RAMP,,,,0.00,N,Not at Intersection,N,Non-Junction,None,,,         ,Adam,Warren,Clear,Front to Rear,no,no,no,no,no,False
102472374,GOODLETTSVILLE POLICE DEPT,19-29419,Davidson,Goodlettsville,8/6/2019 9:34:00 PM,1,0,0,36.313510,-86.698900,CONFERENCE DR,,,,408.00,Feet,South,WINDSOR GREEN BLVD,,,,0.00,N,Not at Intersection, ,Non-Junction,None,,,         ,William,Hunter,Rain,Not Collision with Motor Vehicle in Transport,no,no,no,no,no,False
102472375,METROPOLITAN NASHVILLE POLICE DEPT,20190592431,Davidson,Nashville,8/9/2019 6:45:00 AM,2,0,0,36.185610,-86.691150,BRILEY PKWYN,,,,1137.00,Feet,South,BRILEY PKWY N EXT RAMP,,,,0.00,N,Not at Intersection,N,Non-Junction,None,,,         ,Michael,Dance,Clear,"Sideswipe, Same Direction",no,no,no,no,yes,False
102472389,METROPOLITAN NASHVILLE POLICE DEPT,20190592513,Davidson,Nashville,8/9/2019 7:58:00 AM,3,0,0,36.155780,-86.789370,BROADWAY,,,,90.00,Feet,East,14TH AVS,,,,0.00,N,Not at Intersection, ,Non-Junction,None,,,         ,Kyle,Eicholtz,Clear,Angle,no,no,no,no,no,False
102472392,METROPOLITAN NASHVILLE POLICE DEPT,20190592538,Davidson,Nashville,8/9/2019 8:12:00 AM,2,0,0,36.161770,-86.791370,CHARLOTTE AV,,,,129.00,Feet,East,12TH AVN,,,,0.00,N,Not at Intersection, ,Non-Junction,None,,,         ,Johnathan,Carlisle,Cloudy,Front to Rear,no,no,no,no,no,False
102472399,METROPOLITAN NASHVILLE POLICE DEPT,20190592382,Davidson,Nashville,8/9/2019 6:53:00 AM,2,0,0,36.086670,-86.703180,PARAGON MILLS RD,,,,295.00,Feet,East,SUNLIGHT DR,,,,0.00,N,Not at Intersection,N,Non-Junction,None,,,         ,Jessie,Meadows,Clear,Rear to Side,no,no,no,yes,yes,False
102472400,METROPOLITAN NASHVILLE POLICE DEPT,20190592449,Davidson,Nashville,8/9/2019 7:28:00 AM,3,0,0,36.088500,-86.701820,I 24,,,,0.00,,,,,,,55.55,N,Not at Intersection, ,Non-Junction,None,,,         ,Jessie,Meadows,Clear,Front to Rear,no,no,no,no,no,False
102472401,METROPOLITAN NASHVILLE POLICE DEPT,20190592596,Davidson,Nashville,8/9/2019 8:43:00 AM,2,1,0,36.124290,-86.744030,I 440,,,,0.00,,,,,,,6.60,N,Not at Intersection,N,Non-Junction,Construction Zone,Work On Shoulder Or Median,Activity Area,         ,Jessie,Meadows,Clear,Front to Rear,no,no,no,no,no,False
102472402,METROPOLITAN NASHVILLE POLICE DEPT,20190592546,Davidson,Nashville,8/9/2019 8:10:00 AM,2,0,0,36.153340,-86.788240,I40 E ENT RAMP,,,,0.00,Feet,East,I 40,,,,0.00,N,Not at Intersection, ,Entrance/Exit Ramp Related,None,,,         ,Ian,Hammond,Clear,"Sideswipe, Same Direction",no,no,no,no,yes,False
102472441,GOODLETTSVILLE POLICE DEPT,19-29376,Davidson,Goodlettsville,8/6/2019 4:35:00 PM,2,0,0,36.309470,-86.695640,VIETNAM VETERANS BLVD SB EXT R,,,,0.00,,,CONFERENCE DR,,,,0.00,Y,T-Intersection, ,Entrance/Exit Ramp Related,None,,,         ,Charles,Hauskin,Clear,Front to Rear,no,no,no,no,no,False
102472443,METROPOLITAN NASHVILLE POLICE DEPT,20190592612,Davidson,Nashville,8/9/2019 8:50:00 AM,2,4,0,36.245330,-86.721970,GALLATIN PKES,,,,326.00,Feet,North,LAKEWOOD DR,,,,0.00,N,Not at Intersection,N,Non-Junction,None,,,         ,Brian,Otto,Clear,Angle,no,no,no,no,no,False
102472462,METROPOLITAN NASHVILLE POLICE DEPT,20190592742,Davidson,Nashville,8/9/2019 10:05:00 AM,2,0,0,36.213300,-86.588880,TULIP GROVE RD,,,,210.00,Feet,South,RALIEGH DR,,,,0.00,N,Not at Intersection, ,Non-Junction,None,,,         ,Michael,Dance,Clear,Front to Rear,no,no,no,no,no,False
102472463,METROPOLITAN NASHVILLE POLICE DEPT,20190592427,Davidson,Nashville,8/9/2019 7:15:00 AM,2,0,0,36.111630,-86.773400,FRANKLIN PKE,,,,0.00,,,FRANKLIN PKE SB ENT RAMP,,,,0.00,Y,Four-Way,N,Intersection,None,,,         ,Phillip,Murphy,Clear,Angle,no,no,no,no,no,False
102472471,METROPOLITAN NASHVILLE POLICE DEPT,20190592757,Davidson,Nashville,8/9/2019 10:09:00 AM,2,0,0,36.088320,-86.791000,LEALAND LN,,,,0.00,,,BATTERY LN,,,,0.00,Y,Four-Way, ,,None,,,         ,Raymond,Flaherty,,,no,no,no,no,no,False
102472473,METROPOLITAN NASHVILLE POLICE DEPT,20190592819,Davidson,Nashville,8/9/2019 10:28:00 AM,2,0,0,36.073000,-86.920660,OLD HICKORY BLVD,,,,51.00,Feet,South,BELLEVUE VALLEY PLAZA PVTDR,,,,0.00,N,Not at Intersection, ,Non-Junction,None,,,         ,Curtis,Rich,Cloudy,Angle,no,no,no,no,no,False
102472483,METROPOLITAN NASHVILLE POLICE DEPT,20190592657,Davidson,Nashville,8/9/2019 9:18:00 AM,2,0,0,36.151740,-86.773040,DIVISION ST,,,,86.00,Feet,West,5TH AVS,,,,0.00,N,Not at Intersection,N,Non-Junction,None,,,         ,Tony,Folad,Cloudy,Angle,no,no,no,no,no,False
102472498,METROPOLITAN NASHVILLE POLICE DEPT,20190592837,Davidson,Nashville,8/9/2019 10:45:00 AM,2,1,0,36.142120,-86.775780,FORT NEGLEY BLVD,,,,0.00,Feet,,CHESTNUT ST,,,,0.00,Y,Four-Way,N,Intersection,None,,,         ,Justin,Pinkelton,Clear,Angle,no,no,no,no,no,False
102472520,METROPOLITAN NASHVILLE POLICE DEPT,20190592650,Davidson,Antioch,8/9/2019 12:00:00 AM,2,0,0,36.050620,-86.606180,GROVEDALE TRC,,,,201.00,Feet,North,PIN HOOK RD,,,,0.00,N,Not at Intersection,N,Non-Junction,None,,,         ,Jessie,Meadows,Clear,"Sideswipe, Same Direction",no,no,no,yes,yes,False
102472536,METROPOLITAN NASHVILLE POLICE DEPT,20190592638,Davidson,Nashville,8/9/2019 9:00:00 AM,2,1,0,36.047100,-86.648000,MT VIEW RD,,,,12.00,Feet,North,BELL FORGE LNE,,,,0.00,N,Not at Intersection,N,Non-Junction,None,,,         ,Amy,Hirschmann,Cloudy,Front to Rear,no,no,no,no,yes,False
102472544,METROPOLITAN NASHVILLE POLICE DEPT,20190592990,Davidson,Nashville,8/9/2019 11:55:00 AM,2,2,0,36.150010,-86.840760,45TH AVN,,,,0.00,,,ELKINS AV,,,,0.00,Y,Four-Way,N,Intersection,None,,,         ,Curtis,Rich,Cloudy,Angle,no,no,no,no,no,False
102472571,METROPOLITAN NASHVILLE POLICE DEPT,20190592868,Davidson,Nashville,8/9/2019 11:04:00 AM,2,3,0,36.186910,-86.819750,CLARKSVILLE PKE,,,,348.00,Feet,West,26TH AVN,,,,0.00,N,Not at Intersection,N,Non-Junction,None,,,         ,Anthony,Cavis,Clear,Angle,no,no,no,no,no,False
102472572,METROPOLITAN NASHVILLE POLICE DEPT,20190592925,Davidson,Nashville,8/9/2019 10:16:00 AM,2,0,0,36.189160,-86.745620,SHARPE AV,,,,107.00,Feet,East,GALLATIN AV,,,,0.00,N,Not at Intersection,N,Non-Junction,None,,,         ,Zachary,Carter,Clear,Front to Rear,no,no,no,no,yes,False
102472575,METROPOLITAN NASHVILLE POLICE DEPT,20190592967,Davidson,Nashville,8/9/2019 11:45:00 AM,2,0,0,36.153960,-86.818220,28TH AVN,,,,0.00,,,CHARLOTTE AV,,,,0.00,Y,Four-Way, ,Intersection,None,,,         ,Wesley,Young,Clear,Front to Rear,no,no,no,no,no,False
102472576,METROPOLITAN NASHVILLE POLICE DEPT,20190593107,Davidson,Nashville,8/9/2019 12:33:00 PM,2,0,0,36.152170,-86.850990,53RD AVN,,,,128.00,Feet,North,CHARLOTTE AV,,,,0.00,N,Not at Intersection, ,Non-Junction,None,,,         ,Curtis,Rich,Cloudy,Angle,no,no,no,yes,yes,False
102472585,METROPOLITAN NASHVILLE POLICE DEPT,20190593040,Davidson,Nashville,8/9/2019 12:07:00 PM,2,0,0,36.139050,-86.733010,MURFREESBORO PKE,,,,0.00,,,ARLINGTON AV,,,,0.00,Y,T-Intersection, ,,None,,,         ,Ralph,Harvey,,,no,no,no,no,no,False
102472591,METROPOLITAN NASHVILLE POLICE DEPT,20190593102,Davidson,Nashville,8/9/2019 12:54:00 PM,2,1,0,36.168280,-86.766000,I 24,,,,0.00,,,,,,,48.80,N,Not at Intersection,N,Non-Junction,None,,,         ,Kyle,Eicholtz,Clear,Front to Rear,no,no,no,no,no,False
102472609,METROPOLITAN NASHVILLE POLICE DEPT,20190593032,Davidson,Nashville,8/9/2019 10:50:00 AM,2,0,0,36.207360,-86.778280,HAMPTON ST,,,,0.00,,,,,,,0.00,,,N,Non-Junction,None,,,         ,Wesley,Young,Clear,Angle,no,no,no,no,yes,False
102472629,METROPOLITAN NASHVILLE POLICE DEPT,20190593063,Davidson,Nashville,8/9/2019 12:33:00 PM,2,0,0,36.106670,-86.674170,MURFREESBORO PKE,,,,368.00,Feet,West,DONELSON PKE,,,,0.00,N,Not at Intersection, ,Non-Junction,None,,,         ,Jessie,Meadows,Clear,Angle,no,no,no,no,no,False
102472630,METROPOLITAN NASHVILLE POLICE DEPT,20190592609,Davidson,Nashville,8/9/2019 8:52:00 AM,1,3,0,36.132590,-86.701260,MASSMAN DR,,,,168.00,Feet,North,MASSMAN MANOR DR,,,,0.00,N,Not at Intersection,N,Non-Junction,Work Zone,Laneclosure,Advanced Warning Area,         ,Tien,Nguyen,Cloudy,Not Collision with Motor Vehicle in Transport,no,no,no,no,no,False
102472667,METROPOLITAN NASHVILLE POLICE DEPT,20190592961,Davidson,Nashville,8/9/2019 11:34:00 AM,2,0,0,36.150150,-86.857950,WHITE BRIDGE PKE,,,,0.00,,,CHARLOTTE PKE,,,,0.00,Y,Four-Way, ,Intersection,None,,,         ,Walter,Gray II,Cloudy,Angle,no,no,no,no,no,False
102472668,METROPOLITAN NASHVILLE POLICE DEPT,20190592996,Davidson,Nashville,8/9/2019 12:06:00 PM,2,1,0,36.143580,-86.655030,ELM HILL PKE,,,,0.00,,,MCCRORY CREEK RD,,,,0.00,Y,Four-Way,Y,Intersection,None,,,         ,Adam,Masle,Clear,Angle,no,no,no,no,yes,False
102472673,METROPOLITAN NASHVILLE POLICE DEPT,20190592504,Davidson,Nashville,8/9/2019 6:30:00 AM,3,0,0,36.182370,-86.750440,MAXWELL AV,,,,100.00,Feet,East,CLEO MILLER DR,,,,0.00,N,Not at Intersection,N,Non-Junction,None,,,         ,Russell,Freeman,Clear,"Sideswipe, Opposite Direction",no,no,no,no,yes,False
102472697,METROPOLITAN NASHVILLE POLICE DEPT,20190592409,Davidson,Nashville,8/9/2019 7:10:00 AM,1,0,0,36.274710,-86.703590,SARVER AV,,,,321.00,Feet,West,PIERCE RD,,,,0.00,N,Not at Intersection, ,Non-Junction,None,,,         ,Kevin,Coleman,Clear,Not Collision with Motor Vehicle in Transport,no,no,no,no,no,False
102472700,METROPOLITAN NASHVILLE POLICE DEPT,20190593060,Davidson,Nashville,8/9/2019 12:00:00 PM,2,0,0,36.207110,-86.777850,BRICK CHURCH PKE,,,,180.00,Feet,North,W TRINITY LN,,,,0.00,N,Not at Intersection,N,Non-Junction,None,,,         ,Wesley,Young,Clear,Angle,no,no,no,no,yes,False
102472702,METROPOLITAN NASHVILLE POLICE DEPT,20190593054,Davidson,Nashville,8/9/2019 12:27:00 PM,2,0,0,36.187040,-86.818680,26TH AVN,,,,249.00,Feet,North,CLARKSVILLE PKE,,,,0.00,N,Not at Intersection,N,Non-Junction,None,,,         ,Isaac,Wood,Cloudy,"Sideswipe, Same Direction",no,no,no,no,no,False
102472703,METROPOLITAN NASHVILLE POLICE DEPT,20190593183,Davidson,Nashville,8/9/2019 1:30:00 PM,2,1,0,36.143560,-86.702120,I 40,,,,0.00,,,,,,,214.60,N,Not at Intersection,N,Non-Junction,None,,,         ,Daniel,Fuentes,Clear,Rear to Rear,no,no,no,no,yes,False
102472709,METROPOLITAN NASHVILLE POLICE DEPT,20190592541,Davidson,Nashville,8/9/2019 8:13:00 AM,2,1,0,36.157350,-86.799250,18TH AVN,,,,177.00,Feet,North,PATTERSON ST,,,,0.00,N,Not at Intersection,N,Non-Junction,None,,,         ,Phillip,Murphy,Clear,Not Collision with Motor Vehicle in Transport,no,no,no,no,no,False
102472710,METROPOLITAN NASHVILLE POLICE DEPT,20190593024,Davidson,Nashville,8/9/2019 12:16:00 PM,2,2,0,36.201870,-86.607320,ANDREW JACKSON PKWY,,,,125.00,Feet,North,RACHELS SQUARE DR,,,,0.00,N,Not at Intersection,N,Non-Junction,Construction Zone,Laneclosure,Activity Area,         ,Michael,Dance,Clear,Front to Rear,no,no,no,no,no,False
102472711,METROPOLITAN NASHVILLE POLICE DEPT,20190592684,Davidson,Nashville,8/9/2019 9:30:00 AM,2,1,0,36.195740,-86.732650,CAHAL AV,,,,0.00,,,SCOTT AV,,,,0.00,Y,Four-Way,N,Intersection,None,,,         ,Russell,Freeman,Clear,Angle,no,no,no,no,no,False
102472744,METROPOLITAN NASHVILLE POLICE DEPT,20190593047,Davidson,Nashville,8/9/2019 12:18:00 PM,2,0,0,36.160470,-86.778440,5TH AVS,,,,0.00,,,BROADWAY,,,,0.00,Y,OTHER, ,,Work Zone,,,         ,Frank,Campbell,,,no,no,no,no,no,False
102472745,METROPOLITAN NASHVILLE POLICE DEPT,20190592962,Davidson,Nashville,8/9/2019 11:40:00 AM,2,0,0,36.177140,-86.750980,WOODLAND ST,,,,149.00,Feet,East,S 10TH ST,,,,0.00,N,Not at Intersection, ,Non-Junction,None,,,         ,Russell,Freeman,Clear,Angle,no,no,no,no,no,False
102472750,METROPOLITAN NASHVILLE POLICE DEPT,20190592923,Davidson,Nashville,8/9/2019 11:27:00 AM,2,1,0,36.039480,-86.781770,OLD HICKORY BLVD,,,,0.00,,,I65 N EXT RAMP,,,,0.00,Y,Y-Intersection,N,Entrance/Exit Ramp Related,None,,,         ,Raymond,Flaherty,Clear,Front to Rear,no,no,no,no,no,False
102472759,METROPOLITAN NASHVILLE POLICE DEPT,20190593217,Davidson,Nashville,8/9/2019 12:38:00 PM,2,0,0,36.197470,-86.776240,I 65,,,,0.00,,,,,,,86.70,N,Not at Intersection, ,Non-Junction,None,,,         ,Nathan,Mayo,Cloudy,"Sideswipe, Same Direction",no,no,no,no,no,False
102472777,METROPOLITAN NASHVILLE POLICE DEPT,20190593241,Davidson,Nashville,8/9/2019 2:04:00 PM,3,0,0,36.123530,-86.809270,I 440,,,,0.00,,,,,,,2.55,N,Not at Intersection, ,Non-Junction,Construction Zone,,,         ,Earl,Davis,Cloudy,Front to Rear,no,no,no,no,no,False
102472781,VANDERBILT UNIVERSITY POLICE,20190592973,Davidson,Nashville,8/9/2019 11:53:00 AM,2,0,0,36.106540,-86.764560,POWELL AV,,,,0.00,,,POWELL PL,,,,0.00,Y,Four-Way, ,Intersection-Related,None,,,         ,Devon,Ross,Clear,Front to Rear,no,no,no,no,no,False
102472795,METROPOLITAN NASHVILLE POLICE DEPT,20190593097,Davidson,Nashville,8/9/2019 12:49:00 PM,2,0,0,36.161020,-86.858850,MORROW RD,,,,0.00,,,59TH AVN,,,,0.00,Y,T-Intersection,N,Intersection-Related,None,,,         ,Walter,Gray II,Cloudy,Angle,no,no,no,no,no,False
102472805,METROPOLITAN NASHVILLE POLICE DEPT,20190592851,Davidson,Nashville,8/9/2019 10:57:00 AM,2,0,0,36.151820,-86.791120,DIVISION ST,,,,0.00,,,DEMONBREUN ST,,,,0.00,Y,Roundabout, ,Intersection,None,,,         ,William,Caillouette,Clear,"Sideswipe, Opposite Direction",no,no,no,no,no,False
102472808,METROPOLITAN NASHVILLE POLICE DEPT,20190593127,Davidson,Nashville,8/9/2019 1:12:00 PM,3,0,0,36.128210,-86.907100,CHARLOTTE PKE,,,,134.00,Feet,South,CHARLOTTE PKE PVTDR,,,,0.00,N,Not at Intersection, ,,None,,,         ,Terrence,Bradley,,,no,no,no,no,no,False
102472809,METROPOLITAN NASHVILLE POLICE DEPT,20190593205,Davidson,Nashville,8/9/2019 1:43:00 PM,2,1,0,36.106670,-86.674170,MURFREESBORO PKE,,,,368.00,Feet,West,DONELSON PKE,,,,0.00,N,Not at Intersection,N,Non-Junction,None,,,         ,Jessie,Meadows,Clear,Angle,no,no,no,no,no,False
102472814,METROPOLITAN NASHVILLE POLICE DEPT,20190590344,Davidson,Nashville,8/8/2019 2:22:00 PM,2,0,0,36.167940,-86.815230,I 40,,,,0.00,,,,,,,206.80,N,Not at Intersection,N,Non-Junction,None,,,         ,Fabjan,Llukaj,Clear,Front to Rear,no,no,no,no,no,False
102472815,METROPOLITAN NASHVILLE POLICE DEPT,20190590309,Davidson,Nashville,8/8/2019 2:22:00 PM,2,0,0,36.167370,-86.816020,I 40,,,,0.00,,,,,,,206.75,N,Not at Intersection,N,Non-Junction,None,,,         ,Fabjan,Llukaj,Clear,Angle,no,no,no,no,no,False
102472831,METROPOLITAN NASHVILLE POLICE DEPT,20190593327,Davidson,Nashville,8/9/2019 2:46:00 PM,2,0,0,36.144340,-86.738960,I 40,,,,0.00,,,,,,,212.35,N,Not at Intersection,N,Non-Junction,None,,,         ,Tien,Nguyen,Clear,Front to Rear,no,no,no,no,yes,False
102472848,METROPOLITAN NASHVILLE POLICE DEPT,20190593306,Davidson,Nashville,8/9/2019 1:26:00 PM,2,1,0,36.191850,-86.779920,I 65,,,,0.00,,,,,,,86.30,N,Not at Intersection,N,Non-Junction,None,,,         ,Tony,Folad,Clear,Front to Rear,no,no,no,no,no,False
102472850,METROPOLITAN NASHVILLE POLICE DEPT,20190593325,Davidson,Nashville,8/9/2019 2:09:00 PM,2,0,0,36.047550,-86.655930,HICKORY HOLLOW PKWY,,,,0.00,,,BELL RD,,,,0.00,Y,Four-Way,N,Intersection,None,,,         ,Taylor,Hurley,Clear,Angle,no,no,no,no,no,False
102472883,METROPOLITAN NASHVILLE POLICE DEPT,20190593265,Davidson,Nashville,8/9/2019 2:10:00 PM,2,0,0,36.125550,-86.847190,HARDING PKE,,,,228.00,Feet,West,KENNER AVN,,,,0.00,N,Not at Intersection,N,Non-Junction,None,,,         ,Walter,Gray II,Cloudy,Other,no,no,no,yes,yes,False
102472886,METROPOLITAN NASHVILLE POLICE DEPT,20190593389,Davidson,Not in City Limit,8/9/2019 3:20:00 PM,3,1,0,36.261240,-86.712530,GALLATIN PKES,,,,0.00,,,MAPLE ST,,,,0.00,Y,T-Intersection,N,Intersection,None,,,         ,Christopher,Littles,Clear,"Sideswipe, Same Direction",no,no,no,no,no,False
102472888,METROPOLITAN NASHVILLE POLICE DEPT,20190593319,Davidson,Nashville,8/9/2019 2:45:00 PM,2,0,0,36.086580,-86.771620,HARDING PL,,,,100.00,Feet,East,FRANKLIN PKE,,,,0.00,N,Not at Intersection,N,Non-Junction,None,,,         ,Heather,Fox,Clear,"Sideswipe, Same Direction",no,no,no,no,no,False
102472891,METROPOLITAN NASHVILLE POLICE DEPT,20190590725,Davidson,Nashville,8/8/2019 5:37:00 PM,2,0,0,36.150940,-86.783140,DIVISION ST,,,,0.00,,,MAGAZINE ST,,,,0.00,Y,T-Intersection, ,Intersection,None,,,         ,Michael,Douglas,Clear,Front to Rear,no,no,no,no,no,False
102472910,METROPOLITAN NASHVILLE POLICE DEPT,20190593395,Davidson,Nashville,8/9/2019 3:22:00 PM,2,1,0,36.111060,-86.747360,LOUISE DR,,,,0.00,,,THOMPSON LN,,,,0.00,Y,OTHER, ,Non-Junction,None,,,         ,Citlaly,Juarez,Clear,Other,no,no,no,no,no,False
102472928,METROPOLITAN NASHVILLE POLICE DEPT,20190593220,Davidson,Nashville,8/9/2019 1:45:00 PM,1,1,0,36.171360,-86.790170,ROSA L PARKS BLVD,,,,0.00,Feet,East,LOCKLAYER ST,,,,0.00,N,Not at Intersection,N,Non-Junction,None,,,         ,Terrance,Stuckey,Clear,Not Collision with Motor Vehicle in Transport,no,no,no,no,no,False
102472976,METROPOLITAN NASHVILLE POLICE DEPT,20190593421,Davidson,Nashville,8/9/2019 3:30:00 PM,2,0,0,36.163440,-86.791320,11TH AVN,,,,0.00,,,NELSON MERRY ST,,,,0.00,Y,Four-Way,N,Intersection,None,,,         ,Joshua,Reece,Clear,Front to Rear,no,no,no,no,yes,False
102472986,METROPOLITAN NASHVILLE POLICE DEPT,20190593583,Davidson,Nashville,8/9/2019 4:15:00 PM,2,0,0,36.235520,-86.711050,BRILEY PKWYW,,,,163.00,Feet,West,PENNINGTON BEND RD,,,,0.00,N,Not at Intersection,N,Non-Junction,None,,,         ,Darci,Stechman,Clear,Front to Rear,no,no,no,no,yes,False