master_record_number,agency,agency_tracking_number,county,city,collision_date,vehicles_involved,number_injured,number_dead,latitude,longitude,roadway_name,roadway_suffix,roadway_number,roadway_local_id,distance_from_reference,miles-feet_indicator,direction_from_reference,intersection_road_name,intersection_road_name_suffix,intersection_road_number,intersection_local_id,mile_marker,intersection_indicator,intersect_type,interchange_related_indicator,relation_to_junction,work_zone_type,construction_maintenance_zone,construction_maintenance_zone_location,fatal_case_number,officer_first_name,officer_last_name,weather_condition(s),manner_of_crash,pedestrian,bicycle,scooter,parking,hitrun,mou
102472987,METROPOLITAN NASHVILLE POLICE DEPT,20190593496,Davidson,Nashville,8/9/2019 3:40:00 PM,2,0,0,36.141190,-86.731320,I 40,,,,0.00,,,,,,,212.95,N,Not at Intersection, ,Entrance/Exit Ramp Related,None,,,         ,Torry,Hill,Clear,"Sideswipe, Same Direction",no,no,no,no,no,False
102472993,METROPOLITAN NASHVILLE POLICE DEPT,20190593386,Davidson,Nashville,8/9/2019 3:18:00 PM,1,0,0,36.084810,-86.637510,FLINTLOCK CT,,,,130.00,Feet,West,FLINTLOCK PL,,,,0.00,N,Not at Intersection,N,Non-Junction,None,,,         ,Gabriel,Vasquez,Clear,Not Collision with Motor Vehicle in Transport,no,no,no,no,no,False
102472996,METROPOLITAN NASHVILLE POLICE DEPT,20190593552,Davidson,Nashville,8/9/2019 4:05:00 PM,2,1,0,36.070780,-86.743860,DANBY DR,,,,0.00,,,DARLINGTON DR,,,,0.00,Y,Four-Way,N,Non-Junction,None,,,         ,Jarrett,Ipox,Cloudy,Angle,no,no,no,no,no,False
102473011,METROPOLITAN NASHVILLE POLICE DEPT,20190593619,Davidson,Nashville,8/9/2019 4:35:00 PM,2,0,0,36.117900,-86.773550,I 65,,,,0.00,,,,,,,80.30,N,Not at Intersection,Y,Non-Junction,None,,,         ,Heather,Fox,Clear,"Sideswipe, Same Direction",no,no,no,no,no,False
102473018,METROPOLITAN NASHVILLE POLICE DEPT,20190593689,Davidson,Nashville,8/9/2019 2:50:00 PM,2,1,0,36.136160,-86.788670,WEDGEWOOD AV,,,,0.00,,,12TH AVS,,,,0.00,Y,OTHER,Y,Intersection,None,,,         ,Citlaly,Juarez,Clear,Other,no,no,no,no,no,False
102473028,METROPOLITAN NASHVILLE POLICE DEPT,20190593488,Davidson,Nashville,8/9/2019 1:45:00 PM,2,0,0,36.159900,-86.795570,CHARLOTTE AV,,,,50.00,Feet,West,15TH AVN,,,,0.00,N,Not at Intersection,N,Non-Junction,None,,,         ,Catherine,Poole,Clear,Other,no,no,no,yes,yes,False
102473035,METROPOLITAN NASHVILLE POLICE DEPT,20190593706,Davidson,Nashville,8/9/2019 4:42:00 PM,2,0,0,36.202640,-86.739030,GALLATIN PKE,,,,88.00,Feet,North,LITTON AV,,,,0.00,N,Not at Intersection,N,Non-Junction,None,,,         ,Chase,Harriman,Clear,Rear to Side,no,no,no,no,yes,False
102473037,METROPOLITAN NASHVILLE POLICE DEPT,20190593268,Davidson,Nashville,8/9/2019 2:09:00 PM,2,0,0,36.109450,-86.728050,BRILEY PKWYN,,,,0.00,,,EAST THOMPSON LN,,,,0.00,Y,Four-Way, ,,None,,,         ,Jerre,Fly,,,no,no,no,no,no,False
102473045,METROPOLITAN NASHVILLE POLICE DEPT,20190593610,Davidson,Nashville,8/9/2019 3:50:00 PM,2,0,0,36.109120,-86.728270,SOUTHLAKE DR,,,,136.00,Feet,South,BRILEY PKWYN,,,,0.00,N,Not at Intersection, ,Non-Junction,None,,,         ,Aimee,Ortiz,Clear,Front to Rear,no,no,no,no,no,False
102473046,METROPOLITAN NASHVILLE POLICE DEPT,20190593712,Davidson,Nashville,8/9/2019 4:25:00 PM,2,2,0,36.118080,-86.809890,HILLSBORO PKE,,,,71.00,Feet,North,GOLF CLUB LN,,,,0.00,N,Not at Intersection, ,Non-Junction,None,,,         ,FELIKS,ABRAHAMYAN,Clear,Front to Rear,no,no,no,no,no,False
102473049,METROPOLITAN NASHVILLE POLICE DEPT,20190593574,Davidson,Nashville,8/9/2019 4:08:00 PM,2,0,0,36.149690,-86.779180,DIVISION ST,,,,0.00,,,8TH AVS,,,,0.00,Y,Four-Way, ,Intersection,None,,,         ,Joshua,Reece,Clear,Angle,no,no,no,no,no,False
102473064,METROPOLITAN NASHVILLE POLICE DEPT,20190593314,Davidson,Nashville,8/9/2019 1:40:00 PM,2,2,0,36.157930,-86.791610,CHURCH ST,,,,0.00,,,14TH AVN,,,,0.00,Y,Four-Way, ,Intersection,None,,,         ,John,Roberson,Cloudy,Front to Rear,no,no,no,no,no,False
102473065,METROPOLITAN NASHVILLE POLICE DEPT,20190593378,Davidson,Nashville,8/9/2019 3:14:00 PM,2,0,0,36.164590,-86.794130,I 40,,,,0.00,,,,,,,208.45,N,Not at Intersection, ,Non-Junction,None,,,         ,John,Roberson,Cloudy,Front to Rear,no,no,no,no,no,False
102473066,METROPOLITAN NASHVILLE POLICE DEPT,20190593821,Davidson,Nashville,8/9/2019 4:53:00 PM,2,0,0,36.143150,-86.704790,I 40,,,,0.00,,,,,,,214.50,N,Not at Intersection, ,Non-Junction,None,,,         ,Deandera,Payne,Clear,"Sideswipe, Same Direction",no,no,no,no,no,False
102473068,METROPOLITAN NASHVILLE POLICE DEPT,20190593363,Davidson,Nashville,8/9/2019 3:08:00 PM,2,0,0,36.154500,-86.779300,8TH AVS,,,,63.00,Feet,South,LAFAYETTE ST,,,,0.00,N,Not at Intersection,Y,Non-Junction,None,,,         ,Nicolas,Pernell,Clear,Angle,no,no,no,no,no,False
102473072,METROPOLITAN NASHVILLE POLICE DEPT,20190593691,Davidson,Nashville,8/9/2019 2:55:00 PM,2,0,0,36.136070,-86.792600,WEDGEWOOD AV,,,,193.00,Feet,East,VILLA PL,,,,0.00,N,Not at Intersection, ,Non-Junction,None,,,         ,Thomas,Broatch,Clear,HeadOn,no,no,no,no,no,False
102473125,METROPOLITAN NASHVILLE POLICE DEPT,20190593906,Davidson,Not in City Limit,8/9/2019 6:35:00 PM,1,1,0,36.279440,-86.873460,OLD HICKORY BLVD,,,,3.00,Feet,North,CLARKSVILLE PKE,,,,0.00,N,Not at Intersection,N,Non-Junction,None,,,         ,Bryan,Musgrave,Clear,Not Collision with Motor Vehicle in Transport,no,no,no,no,yes,False
102473126,METROPOLITAN NASHVILLE POLICE DEPT,20190593700,Davidson,Nashville,8/9/2019 1:29:00 PM,2,0,0,36.158170,-86.791220,I 40,,,,0.00,,,,,,,209.00,N,Not at Intersection,N,Non-Junction,None,,,         ,William,King,Clear,Front to Rear,no,no,no,no,no,False
102473129,METROPOLITAN NASHVILLE POLICE DEPT,20190593765,Davidson,Nashville,8/9/2019 12:00:00 AM,1,1,0,36.153630,-86.753610,HERMITAGE AV,,,,0.00,,,DECATUR AV,,,,0.00,Y,T-Intersection,N,Intersection,None,,,         ,Darci,Stechman,Clear,Not Collision with Motor Vehicle in Transport,no,yes,no,no,yes,False
102473132,METROPOLITAN NASHVILLE POLICE DEPT,20190593826,Davidson,Nashville,8/9/2019 5:55:00 PM,2,0,0,36.155260,-86.626690,-- UNKNOWN RAMP/ROAD --,,,,10.00,Feet,North,I 40,,,,0.00,N,Not at Intersection, ,Non-Junction,None,,,         ,Brady,Reynolds,Clear,Front to Rear,no,no,no,no,no,False
102473133,METROPOLITAN NASHVILLE POLICE DEPT,20190593944,Davidson,Nashville,8/9/2019 12:00:00 AM,2,0,0,36.151890,-86.850470,CHARLOTTE AV,,,,170.00,Feet,West,52ND AVN,,,,0.00,N,Not at Intersection, ,Non-Junction,None,,,         ,Kelby,Dumond,Clear,Front to Rear,no,no,no,no,no,False
102473145,METROPOLITAN NASHVILLE POLICE DEPT,20190593934,Davidson,Nashville,8/9/2019 5:40:00 PM,2,0,0,36.140440,-86.702310,LAURINDA DR,,,,304.00,Feet,North,KAREN DR,,,,0.00,N,Not at Intersection, ,Non-Junction,None,,,         ,Deandera,Payne,Clear,Angle,no,no,no,no,no,False
102473150,METROPOLITAN NASHVILLE POLICE DEPT,20190593984,Davidson,Nashville,8/9/2019 6:15:00 PM,2,0,0,36.148730,-86.745930,I 40,,,,0.00,,,,,,,211.85,N,Not at Intersection, ,,None,,,         ,Darci,Stechman,,,no,no,no,no,no,False
102473151,METROPOLITAN NASHVILLE POLICE DEPT,20190594009,Davidson,Nashville,8/9/2019 6:15:00 PM,2,0,0,36.207180,-86.783200,W TRINITY LN,,,,230.00,Feet,East,MONTICELLO DR,,,,0.00,N,Not at Intersection, ,Non-Junction,None,,,         ,Peter,Kinsey,Clear,Front to Rear,no,no,no,no,no,False
102473152,BERRY HILL POLICE DEPT,19-3206,Davidson,Nashville,8/9/2019 4:16:00 PM,2,0,0,36.116670,-86.766320,E IRIS DR,,,,0.00,,,W IRIS DR,,,,0.00,Y,Four-Way, ,,None,,,         ,Roy,Morris,,,no,no,no,no,no,False
102473167,METROPOLITAN NASHVILLE POLICE DEPT,20190594037,Davidson,Nashville,8/9/2019 7:33:00 PM,2,1,0,36.138310,-86.705450,PATRICIA DR,,,,38.00,Feet,North,ELANOR DR,,,,0.00,N,Not at Intersection,N,Non-Junction,None,,,         ,Deandera,Payne,Clear,HeadOn,no,no,no,no,yes,False
102473180,METROPOLITAN NASHVILLE POLICE DEPT,20190593900,Davidson,Nashville,8/9/2019 6:36:00 PM,2,0,0,36.059030,-86.716340,US HWY 31 ALT,,,,0.00,,,TUSCULUM RD,,,,0.00,Y,Four-Way, ,Intersection,None,,,         ,Jarrett,Ipox,Cloudy,Angle,no,no,no,no,no,False
102473195,METROPOLITAN NASHVILLE POLICE DEPT,20190594057,Davidson,Nashville,8/9/2019 5:44:00 PM,2,1,0,36.139780,-86.823650,I440 E EXT RAMP,,,,0.00,,,MURPHY RD,,,,0.00,Y,T-Intersection,N,Entrance/Exit Ramp Related,None,,,         ,Molly,Page,Clear,Front to Rear,no,no,no,no,no,False
102473196,METROPOLITAN NASHVILLE POLICE DEPT,20190593839,Davidson,Nashville,8/9/2019 5:22:00 PM,2,0,0,36.058950,-86.707440,TUSCULUM RD,,,,174.00,Feet,South,PACKARD DR,,,,0.00,N,Not at Intersection,N,Non-Junction,None,,,         ,Aimee,Ortiz,Clear,Front to Rear,no,no,no,no,no,False
102473201,METROPOLITAN NASHVILLE POLICE DEPT,20190594204,Davidson,Nashville,8/9/2019 8:31:00 PM,2,2,0,36.176540,-86.769970,SPRING ST,,,,75.00,Feet,West,I24 W EXT RAMP,,,,0.00,N,Not at Intersection,N,Non-Junction,None,,,         ,Cody,Jaworski,Clear,Angle,no,no,no,no,no,False
102473204,METROPOLITAN NASHVILLE POLICE DEPT,20190594052,Davidson,Nashville,8/8/2019 3:15:00 PM,2,0,0,36.150670,-86.625360,BELL RD,,,,537.00,Feet,South,BLACKWOOD DR,,,,0.00,N,Not at Intersection,N,Non-Junction,None,,,         ,Brady,Reynolds,Clear,Angle,no,no,no,yes,yes,False
102473206,METROPOLITAN NASHVILLE POLICE DEPT,20190593585,Davidson,Nashville,8/9/2019 3:05:00 PM,1,0,0,36.240730,-86.786000,I 24,,,,0.00,,,,,,,43.35,N,Not at Intersection, ,Non-Junction,None,,,         ,Janelle,Keslar,Clear,Not Collision with Motor Vehicle in Transport,no,no,no,no,no,False
102473208,METROPOLITAN NASHVILLE POLICE DEPT,20190594184,Davidson,Nashville,8/9/2019 8:15:00 PM,2,0,0,36.175540,-86.758340,MAIN ST,,,,158.00,Feet,East,N 8TH ST,,,,0.00,N,Not at Intersection, ,Non-Junction,None,,,         ,Gregory,Cenicola,Clear,Front to Rear,no,no,no,no,no,False
102473233,METROPOLITAN NASHVILLE POLICE DEPT,20190593713,Davidson,Antioch,8/9/2019 5:05:00 PM,2,1,0,36.016750,-86.618990,FIRESTONE PKWY,,,,267.00,Feet,East,OLD HICKORY BLVD,,,,0.00,N,Not at Intersection, ,Non-Junction,None,,,         ,Andrew,Brazee,Clear,"Sideswipe, Same Direction",no,no,no,no,no,False
102473234,METROPOLITAN NASHVILLE POLICE DEPT,20190593508,Davidson,Nashville,8/9/2019 3:50:00 PM,2,0,0,36.067410,-86.631250,MURFREESBORO PKE,,,,0.00,,,FOREST VIEW DR,,,,0.00,Y,Four-Way,N,Intersection,None,,,         ,Andrew,Brazee,Clear,Angle,no,no,no,no,yes,False
102473235,METROPOLITAN NASHVILLE POLICE DEPT,20190593654,Davidson,Antioch,8/9/2019 4:45:00 PM,2,0,0,36.070430,-86.598950,FORRESTAL WAY,,,,121.00,Feet,South,SEASONS DR,,,,0.00,N,Not at Intersection, ,Non-Junction,None,,,         ,Andrew,Brazee,Clear,Front to Rear,no,no,no,no,no,False
102473244,METROPOLITAN NASHVILLE POLICE DEPT,20190594151,Davidson,Nashville,8/9/2019 8:05:00 PM,1,1,0,36.064930,-86.688690,VILLAS OF BAVARIA PVTDR,,,,401.00,Feet,North,APACHE TRL,,,,0.00,N,Not at Intersection,N,Non-Junction,None,,,         ,Devonte,Coleman,Clear,Not Collision with Motor Vehicle in Transport,no,yes,no,no,yes,False
102473260,METROPOLITAN NASHVILLE POLICE DEPT,20190594356,Davidson,Nashville,8/9/2019 9:29:00 PM,2,3,0,36.137140,-86.699500,BRILEY PKWYN,,,,42.00,Feet,South,GLASTONBURY RD,,,,0.00,N,Not at Intersection,N,Non-Junction,None,,,         ,Deandera,Payne,Clear,Front to Rear,no,no,no,no,yes,False
102473264,METROPOLITAN NASHVILLE POLICE DEPT,20190593593,Davidson,Nashville,8/9/2019 12:00:00 AM,2,0,0,36.086680,-86.713320,BLUE SPRING DR,,,,0.00,Feet,East,TAMPA DR,,,,0.00,N,Not at Intersection,N,Non-Junction,None,,,         ,Ryan,Sherry,Clear,Rear to Side,no,no,no,no,yes,False
102473265,METROPOLITAN NASHVILLE POLICE DEPT,20190594309,Davidson,Nashville,8/9/2019 9:15:00 PM,2,0,0,36.129850,-86.760100,CRAIGHEAD ST,,,,400.00,Feet,North,SEMINOLE AV,,,,0.00,N,Not at Intersection,N,Non-Junction,None,,,         ,Randy,Puckett,Clear,Angle,no,no,no,no,no,False
102473269,METROPOLITAN NASHVILLE POLICE DEPT,20190594139,Davidson,Nashville,8/9/2019 8:09:00 PM,3,0,0,36.077530,-86.724810,WALLACE RD,,,,272.00,Feet,East,EDMONDSON PKE,,,,0.00,N,Not at Intersection,N,Non-Junction,None,,,         ,Andrew,Brazee,Clear,Front to Rear,no,no,no,no,yes,False
102473291,METROPOLITAN NASHVILLE POLICE DEPT,20190594186,Davidson,Nashville,8/9/2019 8:25:00 PM,2,0,0,36.079550,-86.716910,WALLACE RD,,,,79.00,Feet,West,FOLEY DR,,,,0.00,N,Not at Intersection, ,Non-Junction,None,,,         ,Aimee,Ortiz,Clear,Front to Rear,no,no,no,no,no,False
102473296,METROPOLITAN NASHVILLE POLICE DEPT,20190594100,Davidson,Nashville,8/9/2019 7:37:00 PM,2,0,0,36.120710,-86.726640,I440 W ENT RAMP,,,,0.00,Feet,East,I 24,,,,0.00,N,Not at Intersection, ,Non-Junction,None,,,         ,Ryan,Sherry,Clear,Not Collision with Motor Vehicle in Transport,no,no,no,no,no,False
102473299,METROPOLITAN NASHVILLE POLICE DEPT,20190594188,Davidson,Nashville,8/9/2019 6:30:00 PM,2,0,0,36.150110,-86.771710,I 40,,,,0.00,,,,,,,210.30,N,Not at Intersection, ,,None,,,         ,Heather,Fox,,,no,no,no,no,no,False
102473302,METROPOLITAN NASHVILLE POLICE DEPT,20190594399,Davidson,Nashville,8/9/2019 9:53:00 PM,2,2,0,36.050020,-86.667330,I 24,,,,0.00,,,,,,,58.85,N,Not at Intersection,N,Non-Junction,None,,,         ,Taylor,Hurley,Clear,Angle,no,no,no,no,no,False
102473310,METROPOLITAN NASHVILLE POLICE DEPT,20190594024,Davidson,Nashville,8/9/2019 7:18:00 PM,2,1,0,36.147520,-86.877350,I 40,,,,0.00,,,,,,,202.80,N,Not at Intersection,N,Non-Junction,None,,,         ,Ty,Cummings,Clear,"Sideswipe, Same Direction",no,no,no,no,no,False
102473338,METROPOLITAN NASHVILLE POLICE DEPT,20190594461,Davidson,Nashville,8/9/2019 10:26:00 PM,2,0,0,36.184010,-86.747720,EASTLAND AV,,,,0.00,,,,,,,0.00,,,N,Non-Junction,None,,,         ,Trevor,Jones,Clear,"Sideswipe, Same Direction",no,no,no,yes,yes,False
102473356,METROPOLITAN NASHVILLE POLICE DEPT,20190594367,Davidson,Nashville,8/9/2019 9:36:00 PM,2,2,0,36.206780,-86.781030,W TRINITY LN,,,,6.00,Feet,West,SCRUGGS LN,,,,0.00,N,Not at Intersection,N,Non-Junction,None,,,         ,Sara,Lober,Clear,Angle,no,no,no,no,yes,False
102473362,METROPOLITAN NASHVILLE POLICE DEPT,20190593726,Davidson,Nashville,8/9/2019 12:00:00 AM,1,1,0,36.380450,-86.784230,GREER RD,,,,2380.00,Feet,East,VALLEY VIEW CT,,,,0.00,N,Not at Intersection,N,Non-Junction,None,,,         ,Joel,Callies,Clear,Not Collision with Motor Vehicle in Transport,no,no,no,no,no,False
102473363,METROPOLITAN NASHVILLE POLICE DEPT,20190594492,Davidson,Nashville,8/9/2019 9:45:00 PM,1,0,0,36.086860,-86.791170,LEALAND LN,,,,187.00,Feet,North,KIRKMAN LN,,,,0.00,N,Not at Intersection,N,"Driveway, Alley Access, etc",None,,,         ,Jeremy,Spears,Clear,Not Collision with Motor Vehicle in Transport,no,no,no,no,no,False
102473365,METROPOLITAN NASHVILLE POLICE DEPT,20190594545,Davidson,Nashville,8/9/2019 10:39:00 PM,2,0,0,36.145270,-86.871740,CHARLOTTE PKE,,,,420.00,Feet,North,WESTBORO DR,,,,0.00,N,Not at Intersection, ,Non-Junction,None,,,         ,Christian,Downen,Clear,Angle,no,no,no,no,yes,False
102473369,METROPOLITAN NASHVILLE POLICE DEPT,20190594488,Davidson,Nashville,8/9/2019 12:00:00 AM,2,0,0,36.081380,-86.663480,PICCADILLY ROW,,,,10.00,Feet,West,WOBURN WAY,,,,0.00,N,Not at Intersection,N,Non-Junction,None,,,         ,Maccio,Hightower,Unknown,Angle,no,no,no,no,yes,False
102473371,METROPOLITAN NASHVILLE POLICE DEPT,20190594489,Davidson,Nashville,8/9/2019 8:20:00 PM,2,0,0,36.045250,-86.714790,STATE HWY 254,,,,11.00,Feet,West,BRENTWOOD EAST DR,,,,0.00,N,Not at Intersection, ,Non-Junction,None,,,         ,Garrett,Reingardt,Clear,Angle,no,no,no,no,yes,False
102473393,METROPOLITAN NASHVILLE POLICE DEPT,20190594587,Davidson,Nashville,8/9/2019 12:00:00 AM,2,0,0,36.163740,-86.808030,HERMOSA ST,,,,131.00,Feet,East,21ST AVN,,,,0.00,N,Not at Intersection,N,Non-Junction,None,,,         ,Myriah,Iles,Clear,"Sideswipe, Opposite Direction",no,no,no,no,yes,False
102473403,METROPOLITAN NASHVILLE POLICE DEPT,20190594622,Davidson,Nashville,8/10/2019 12:00:00 AM,2,2,0,36.153960,-86.818220,28TH AVN,,,,0.00,,,CHARLOTTE AV,,,,0.00,Y,Four-Way,N,Intersection,None,,,         ,David,Crisman,Clear,HeadOn,no,no,no,no,no,False
102473421,METROPOLITAN NASHVILLE POLICE DEPT,20190594607,Davidson,Nashville,8/9/2019 11:22:00 PM,1,0,0,36.125300,-86.783460,9TH AVS,,,,13.00,Feet,South,CARUTHERS AV,,,,0.00,N,Not at Intersection,N,Non-Junction,None,,,         ,Stephen,Johnston,Clear,Not Collision with Motor Vehicle in Transport,no,no,no,yes,yes,False
102473444,METROPOLITAN NASHVILLE POLICE DEPT,20190594839,Davidson,Madison,8/9/2019 11:45:00 PM,1,0,0,36.265460,-86.739730,STATE HWY 45,,,,7.00,Feet,West,-- UNKNOWN RAMP/ROAD --,,,,0.00,N,Not at Intersection,Y,Entrance/Exit Ramp Related,None,,,         ,Reagan,Heath,Clear,Not Collision with Motor Vehicle in Transport,no,no,no,no,no,False
102473449,METROPOLITAN NASHVILLE POLICE DEPT,20190594786,Davidson,Nashville,8/10/2019 1:14:00 AM,2,0,0,36.013690,-86.621090,I24 E EXT RAMP,,,,89.00,Feet,North,I 24,,,,0.00,N,Not at Intersection,N,Entrance/Exit Ramp Related,None,,,         ,David,Moser,Clear,Front to Rear,no,no,no,no,no,False
102473450,METROPOLITAN NASHVILLE POLICE DEPT,20190594796,Davidson,Nashville,8/10/2019 1:20:00 AM,2,0,0,36.230360,-86.764580,EWING DR,,,,385.00,Feet,East,RICH ACRES DR,,,,0.00,N,Not at Intersection,N,Non-Junction,None,,,         ,Frederick,Ware,Clear,"Sideswipe, Same Direction",no,no,no,no,no,False
102473455,METROPOLITAN NASHVILLE POLICE DEPT,20190594915,Davidson,Nashville,8/10/2019 12:00:00 AM,1,0,0,36.121650,-86.922710,OLD CHARLOTTE PKE,,,,99.00,Feet,East,OLD HICKORY BLVD,,,,0.00,N,Not at Intersection,N,Non-Junction,None,,,         ,Angeline,Comilla,Clear,Not Collision with Motor Vehicle in Transport,no,no,no,no,yes,False
102473456,METROPOLITAN NASHVILLE POLICE DEPT,20190594746,Davidson,Nashville,8/9/2019 11:39:00 PM,2,0,0,36.037260,-86.600550,MURFREESBORO PKE,,,,0.52,Miles,South,HOBSON PKE,,,,0.00,N,Not at Intersection, ,Non-Junction,None,,,         ,David,Moser,Clear,Angle,no,no,no,no,no,False
102473463,METROPOLITAN NASHVILLE POLICE DEPT,20190594881,Davidson,Nashville,8/10/2019 2:30:00 AM,2,0,0,36.160470,-86.778440,5TH AVS,,,,0.00,Feet,North,BROADWAY,,,,0.00,N,Not at Intersection,N,Non-Junction,None,,,         ,Brenton,Adcox,Clear,"Sideswipe, Same Direction",no,no,no,no,yes,False
102473465,METROPOLITAN NASHVILLE POLICE DEPT,20190594916,Davidson,Nashville,8/10/2019 3:01:00 AM,1,1,0,36.161030,-86.777204,4TH,AVE,SR121,,0.00,Feet,South,SYMPHONY,PL,SR,,0.00,N,Not at Intersection,N,Non-Junction,None,,,         ,Zachary,Maxa,Clear,Not Collision with Motor Vehicle in Transport,yes,no,no,no,no,False
102473468,METROPOLITAN NASHVILLE POLICE DEPT,20190594692,Davidson,Not in City Limit,8/10/2019 12:30:00 AM,2,0,0,36.022930,-86.630280,I 24,,,,0.00,,,,,,,61.80,N,Not at Intersection,N,Non-Junction,Construction Zone,Laneclosure,Transition Area,         ,David,Moser,Clear,Front to Rear,no,no,no,no,yes,False
102473489,METROPOLITAN NASHVILLE POLICE DEPT,20190594790,Davidson,Nashville,8/10/2019 1:10:00 AM,2,1,0,36.191020,-86.798950,VANTAGE WAY CT,,,,0.00,,,VANTAGE WAY,,,,0.00,Y,Four-Way,N,Intersection,None,,,         ,Timothy,Skopek,Clear,Angle,no,no,no,no,yes,False
102473493,METROPOLITAN NASHVILLE POLICE DEPT,20190594481,Davidson,Nashville,8/9/2019 10:21:00 PM,2,0,0,36.030180,-86.638350,I 24,,,,0.00,,,,,,,61.00,N,Not at Intersection, ,,Construction Zone,,,         ,David,Moser,,,no,no,no,no,no,False
102473495,METROPOLITAN NASHVILLE POLICE DEPT,20190594794,Davidson,Not in City Limit,8/10/2019 12:59:00 AM,2,0,0,36.263140,-86.699570,E OLD HICKORY BLVD,,,,185.00,Feet,East,HANKINS ST,,,,0.00,N,Not at Intersection,N,Non-Junction,None,,,         ,Reuben,Hewit,Clear,Angle,no,no,no,yes,yes,False
102473502,METROPOLITAN NASHVILLE POLICE DEPT,20190595099,Davidson,Nashville,8/10/2019 4:40:00 AM,2,0,0,36.190340,-86.809810,KELLOW ST,,,,67.00,Feet,West,MIDDLE ST,,,,0.00,N,Not at Intersection,N,Non-Junction,None,,,         ,Ian,Ward,Rain,"Sideswipe, Same Direction",no,no,no,no,no,False
102473521,METROPOLITAN NASHVILLE POLICE DEPT,20190594943,Davidson,Nashville,8/10/2019 3:22:00 AM,2,0,0,36.132470,-86.719310,MURFREESBORO PKE,,,,0.00,,,WILHAGAN RD,,,,0.00,Y,T-Intersection,N,Intersection,None,,,         ,Jacob,West,Clear,Front to Rear,no,no,no,no,yes,False
102473526,METROPOLITAN NASHVILLE POLICE DEPT,20190594581,Davidson,Nashville,8/9/2019 11:27:00 PM,2,0,0,36.013520,-86.619750,I 24,,,,0.00,,,,,,,62.60,N,Not at Intersection, ,,Construction Zone,,,         ,David,Moser,,,no,no,no,no,no,False
102473527,METROPOLITAN NASHVILLE POLICE DEPT,20190594504,Davidson,Nashville,8/10/2019 12:00:00 AM,1,0,0,36.144460,-86.776910,I 65,,,,0.00,,,,,,,82.10,N,Not at Intersection, ,Non-Junction,None,,,         ,Daniel,Russett,Clear,Not Collision with Motor Vehicle in Transport,no,no,no,no,no,False
102473528,METROPOLITAN NASHVILLE POLICE DEPT,20190595080,Davidson,Nashville,8/10/2019 4:40:00 AM,1,0,0,36.132630,-86.897390,I40 W EXT RAMP,,,,0.00,,,I 40,,,,0.00,Y,OTHER,N,Non-Junction,None,,,         ,Melvin,Brown III,Rain,Not Collision with Motor Vehicle in Transport,no,no,no,no,yes,False
102473529,METROPOLITAN NASHVILLE POLICE DEPT,20190595122,Davidson,Nashville,8/10/2019 5:30:00 AM,3,1,0,36.068410,-86.688600,I 24,,,,0.00,,,,,,,57.10,N,Not at Intersection,N,Non-Junction,None,,,         ,Alex,DiBernardo,Clear,"Sideswipe, Same Direction",no,no,no,no,no,False
102473535,METROPOLITAN NASHVILLE POLICE DEPT,20190595080,Davidson,Nashville,8/10/2019 4:40:00 AM,1,0,0,36.132440,-86.897690,I40 W EXT RAMP,,,,0.00,,,I 40,,,,0.00,Y,OTHER,N,Non-Junction,None,,,         ,Melvin,Brown III,Rain,Not Collision with Motor Vehicle in Transport,no,no,no,no,yes,False
102473538,METROPOLITAN NASHVILLE POLICE DEPT,20190595165,Davidson,Nashville,8/10/2019 12:00:00 AM,1,0,0,36.208890,-86.783060,N AVONDALE CIR,,,,47.00,Feet,North,AVONDALE CIR,,,,0.00,N,Not at Intersection,N,Unknown,None,,,         ,Timothy,Ward,Unknown,Not Collision with Motor Vehicle in Transport,no,no,no,no,yes,False
102473592,METROPOLITAN NASHVILLE POLICE DEPT,20190595195,Davidson,Nashville,8/10/2019 6:30:00 AM,2,0,0,36.046050,-86.658010,COLLINS PARK DR,,,,0.00,,,STATE HWY 254,,,,0.00,Y,Four-Way, ,Non-Junction,None,,,         ,Gerald,Gomes,Clear,Angle,no,no,no,no,no,False
102473613,METROPOLITAN NASHVILLE POLICE DEPT,20190595328,Davidson,Nashville,8/10/2019 7:54:00 AM,2,0,0,36.097200,-86.875890,HARDING PKE,,,,0.00,,,OLD HARDING PKE,,,,0.00,Y,T-Intersection, ,Intersection-Related,None,,,         ,Jack,Crouch,Clear,Front to Rear,no,no,no,no,no,False
102473617,METROPOLITAN NASHVILLE POLICE DEPT,20190595354,Davidson,Nashville,8/10/2019 8:50:00 AM,1,0,0,36.077220,-86.694490,I 24,,,,0.00,,,,,,,56.40,N,Not at Intersection,N,Non-Junction,None,,,         ,Jason,Hees,Clear,Not Collision with Motor Vehicle in Transport,no,no,no,no,no,False
102473638,METROPOLITAN NASHVILLE POLICE DEPT,20190595465,Davidson,Nashville,8/10/2019 10:17:00 AM,2,0,0,36.166260,-86.779260,DEADERICK ST,,,,40.00,Feet,West,3RD AVN,,,,0.00,N,Not at Intersection,N,Non-Junction,None,,,         ,Kyle,Eicholtz,Clear,Front to Rear,no,no,no,no,yes,False
102473639,METROPOLITAN NASHVILLE POLICE DEPT,20190595451,Davidson,Nashville,8/10/2019 10:05:00 AM,2,0,0,36.103140,-86.795370,BELVIDERE DR,,,,575.00,Feet,East,GRANNY WHITE PKE,,,,0.00,N,Not at Intersection, ,Non-Junction,None,,,         ,Earl,Davis,Clear,"Sideswipe, Same Direction",no,no,no,no,no,False