master_record_number,agency,agency_tracking_number,county,city,collision_date,vehicles_involved,number_injured,number_dead,latitude,longitude,roadway_name,roadway_suffix,roadway_number,roadway_local_id,distance_from_reference,miles-feet_indicator,direction_from_reference,intersection_road_name,intersection_road_name_suffix,intersection_road_number,intersection_local_id,mile_marker,intersection_indicator,intersect_type,interchange_related_indicator,relation_to_junction,work_zone_type,construction_maintenance_zone,construction_maintenance_zone_location,fatal_case_number,officer_first_name,officer_last_name,weather_condition(s),manner_of_crash,pedestrian,bicycle,scooter,parking,hitrun,mou
102475286,METROPOLITAN NASHVILLE POLICE DEPT,20190584101,Davidson,Nashville,8/6/2019 10:41:00 AM,2,1,0,36.155630,-86.771100,2ND AVS,,,,0.00,,,LEA AV,,,,0.00,Y,OTHER,N,Intersection,None,,,         ,Cody,O'Quinn,Clear,Front to Rear,no,no,no,no,no,False
102475287,METROPOLITAN NASHVILLE POLICE DEPT,20190600179,Davidson,Nashville,8/12/2019 10:35:00 AM,2,1,0,36.105770,-86.672150,MURFREESBORO PKE,,,,117.00,Feet,West,EZELL PKE,,,,0.00,N,Not at Intersection,N,Non-Junction,None,,,         ,Jessie,Meadows,Clear,Front to Rear,no,no,no,no,no,False
102475291,METROPOLITAN NASHVILLE POLICE DEPT,20190600152,Davidson,Nashville,8/12/2019 10:15:00 AM,2,0,0,36.149640,-86.747510,I 40,,,,0.00,,,,,,,211.75,N,Not at Intersection, ,,None,,,         ,Samuel,Fredericks,,,no,no,no,no,no,False
102475302,METROPOLITAN NASHVILLE POLICE DEPT,20190600186,Davidson,Nashville,8/12/2019 10:20:00 AM,2,0,0,36.051510,-86.714360,OCALA DR,,,,0.00,,,NOLENSVILLE PKE,,,,0.00,Y,Four-Way, ,Intersection,None,,,         ,Natalia,Johnson,Clear,Angle,no,no,no,no,no,False
102475305,METROPOLITAN NASHVILLE POLICE DEPT,20190600209,Davidson,Nashville,8/12/2019 10:45:00 AM,2,0,0,36.046650,-86.863290,HILLSBORO PKE,,,,290.00,Feet,South,OLD HICKORY BLVD,,,,0.00,N,Not at Intersection, ,Non-Junction,None,,,         ,Curtis,Rich,Clear,Angle,no,no,no,no,no,False
102475306,METROPOLITAN NASHVILLE POLICE DEPT,20190600192,Davidson,Nashville,8/12/2019 10:32:00 AM,3,0,0,36.149660,-86.747530,I 40,,,,0.00,,,,,,,211.75,N,Not at Intersection, ,,None,,,         ,Anna,Clayton,,,no,no,no,no,no,False
102475314,METROPOLITAN NASHVILLE POLICE DEPT,2019-0598075,Davidson,Nashville,8/11/2019 12:45:00 PM,2,0,0,36.076910,-86.725980,EDMONDSON PKE,,,,141.00,Feet,West,WALLACE RD,,,,0.00,N,Not at Intersection, ,Non-Junction,None,,,         ,Sean,Williams,Clear,Front to Rear,no,no,no,no,no,False
102475329,METROPOLITAN NASHVILLE POLICE DEPT,20190600254,Davidson,Nashville,8/12/2019 11:17:00 AM,3,1,0,36.143580,-86.688200,I 40,,,,0.00,,,,,,,215.40,N,Not at Intersection,N,Non-Junction,None,,,         ,Zachary,Plese,Clear,Front to Rear,no,no,no,no,no,False
102475338,METROPOLITAN NASHVILLE POLICE DEPT,20190593678,Davidson,Nashville,8/9/2019 4:54:00 PM,4,2,0,36.169890,-86.809360,I 40,,,,0.00,,,,,,,207.15,N,Not at Intersection,N,Non-Junction,None,,,         ,Paxton,Montgomery,Clear,"Sideswipe, Same Direction",no,no,no,no,no,False
102475341,METROPOLITAN NASHVILLE POLICE DEPT,20190600279,Davidson,Nashville,8/12/2019 11:45:00 AM,2,0,0,36.148200,-86.779700,I65 S ENT RAMP,,,,0.00,Feet,East,I 40,,,,0.00,N,Not at Intersection,N,Non-Junction,None,,,         ,Donovan,Coble,Clear,Angle,no,no,no,no,yes,False
102475345,METROPOLITAN NASHVILLE POLICE DEPT,20190600020,Davidson,Not in City Limit,8/12/2019 7:56:00 AM,2,0,0,36.281710,-86.804860,I 24,,,,0.00,,,,,,,40.15,N,Not at Intersection,N,Non-Junction,None,,,         ,Joshua,Hausman,Clear,Front to Rear,no,no,no,no,yes,False
102475350,METROPOLITAN NASHVILLE POLICE DEPT,20190600356,Davidson,Nashville,8/12/2019 12:07:00 PM,2,0,0,36.168760,-86.690160,BRILEY PKWY S EXT RAMP,,,,160.00,Feet,North,BRILEY PKWY S ENT RAMP,,,,0.00,N,Not at Intersection, ,Entrance/Exit Ramp Related,None,,,         ,Eric,Jackson,Clear,Front to Rear,no,no,no,no,no,False
102475370,METROPOLITAN NASHVILLE POLICE DEPT,20190600031,Davidson,Nashville,8/12/2019 2:00:00 AM,2,0,0,36.181600,-86.752280,MANSFIELD ST,,,,121.00,Feet,West,BAILEY ST,,,,0.00,N,Not at Intersection, ,,None,,,         ,Russell,Freeman,,,no,no,no,no,no,False
102475375,METROPOLITAN NASHVILLE POLICE DEPT,20190600318,Davidson,Nashville,8/12/2019 11:42:00 AM,2,0,0,36.142910,-86.874610,CHARLOTTE PKE,,,,0.00,,,WILCLAY DR,,,,0.00,Y,T-Intersection,N,Intersection,None,,,         ,Walter,Gray II,Clear,Angle,no,no,no,no,no,False
102475383,METROPOLITAN NASHVILLE POLICE DEPT,20190600278,Davidson,Nashville,8/12/2019 11:31:00 AM,2,0,0,36.087090,-86.648130,NASHBORO BLVD,,,,172.00,Feet,East,MURFREESBORO PKE,,,,0.00,N,Not at Intersection,N,Non-Junction,None,,,         ,Jessie,Meadows,Clear,"Sideswipe, Same Direction",no,no,no,no,no,False
102475387,METROPOLITAN NASHVILLE POLICE DEPT,20190600293,Davidson,Nashville,8/12/2019 11:00:00 AM,2,0,0,36.138620,-86.886110,I 40,,,,0.00,,,,,,,202.00,N,Not at Intersection,N,Non-Junction,None,,,         ,Andrew,McCarron,Clear,"Sideswipe, Same Direction",no,no,no,yes,yes,False
102475388,METROPOLITAN NASHVILLE POLICE DEPT,20190599929,Davidson,Nashville,8/12/2019 8:39:00 AM,2,1,0,36.173980,-86.602300,OLD HICKORY BLVD,,,,147.00,Feet,North,CENTRAL PKE,,,,0.00,N,Not at Intersection,N,OtherLocation,None,,,         ,Joshua,Hausman,Clear,Front to Rear,no,no,no,no,no,False
102475390,METROPOLITAN NASHVILLE POLICE DEPT,20190600495,Davidson,Nashville,8/12/2019 1:10:00 PM,1,1,0,36.152030,-86.846900,CHARLOTTE AV,,,,90.00,Feet,East,50TH AVN,,,,0.00,N,Not at Intersection,N,Non-Junction,None,,,         ,Curtis,Rich,Cloudy,Not Collision with Motor Vehicle in Transport,no,no,no,no,no,False
102475393,METROPOLITAN NASHVILLE POLICE DEPT,20190600112,Davidson,Nashville,8/12/2019 9:58:00 AM,2,0,0,36.142870,-86.744590,MURFREESBORO PKE,,,,72.00,Feet,West,FESSLERS LN,,,,0.00,N,Not at Intersection, ,Non-Junction,None,,,         ,Kevin,Coleman,Clear,Angle,no,no,no,no,no,False
102475408,METROPOLITAN NASHVILLE POLICE DEPT,20190600363,Davidson,Not in City Limit,8/12/2019 12:10:00 PM,2,2,0,36.263950,-86.742510,PORT DR,,,,0.00,,,WESTCHESTER DR,,,,0.00,Y,Four-Way,N,Intersection,None,,,         ,Brian,Otto,Clear,Angle,no,no,no,no,no,False
102475432,METROPOLITAN NASHVILLE POLICE DEPT,20190600424,Davidson,Nashville,8/12/2019 12:16:00 PM,1,0,0,36.098470,-86.709910,I 24,,,,0.00,,,,,,,54.70,N,Not at Intersection,N,Non-Junction,None,,,         ,Jessie,Meadows,Clear,Not Collision with Motor Vehicle in Transport,no,no,no,no,no,False
102475438,METROPOLITAN NASHVILLE POLICE DEPT,20190600223,Davidson,Nashville,8/12/2019 10:50:00 AM,2,0,0,36.193390,-86.753290,DOUGLAS AV,,,,0.00,,,ELLINGTON PKWY S EXT RAMP,,,,0.00,Y,Four-Way, ,Intersection,None,,,         ,Russell,Freeman,Clear,Angle,no,no,no,no,no,False
102475449,METROPOLITAN NASHVILLE POLICE DEPT,2019-0600417,Davidson,Nashville,8/12/2019 12:40:00 PM,2,0,0,36.188610,-86.629700,HICKORY HILL LN,,,,180.00,Feet,North,LEBANON PKE,,,,0.00,N,Not at Intersection,N,Non-Junction,None,,,         ,Calvin,Graham,Clear,Front to Rear,no,no,no,no,yes,False
102475453,METROPOLITAN NASHVILLE POLICE DEPT,20190600512,Davidson,Nashville,8/12/2019 12:20:00 PM,2,0,0,36.153570,-86.788410,14TH AVS,,,,0.00,Feet,West,DEMONBREUN ST,,,,0.00,N,Not at Intersection,N,Non-Junction,None,,,         ,Gregory,Scott,Clear,"Sideswipe, Same Direction",no,no,no,no,yes,False
102475454,METROPOLITAN NASHVILLE POLICE DEPT,2019060399,Davidson,Nashville,8/12/2019 12:26:00 PM,3,3,0,36.159970,-86.795400,CHARLOTTE AV,,,,0.00,Feet,East,15TH AVN,,,,0.00,N,Not at Intersection,N,Non-Junction,None,,,         ,Phillip,Murphy,Clear,Front to Rear,no,no,no,no,no,False
102475457,METROPOLITAN NASHVILLE POLICE DEPT,20190600551,Davidson,Antioch,8/12/2019 12:16:00 PM,2,0,0,36.047840,-86.612050,MURFREESBORO PKE,,,,1284.00,Feet,North,MOUNTAIN SPRINGS RD,,,,0.00,N,Not at Intersection,N,Non-Junction,None,,,         ,Jessie,Meadows,Clear,Angle,no,no,no,no,yes,False
102475465,METROPOLITAN NASHVILLE POLICE DEPT,20190595700,Davidson,Antioch,8/10/2019 1:20:00 PM,2,2,0,36.047840,-86.612050,MURFREESBORO PKE,,,,0.00,,,MOUNTAIN SPRINGS RD,,,,0.00,Y,Four-Way,N,Intersection,None,,,         ,Amy,Hirschmann,Clear,Front to Rear,no,no,no,no,no,False
102475466,METROPOLITAN NASHVILLE POLICE DEPT,20190597660,Davidson,Nashville,8/11/2019 8:00:00 AM,1,0,0,36.079000,-86.657790,LONDON CT,,,,389.00,Feet,North,BISHOPSGATE RD,,,,0.00,N,Not at Intersection, ,,None,,,         ,Amy,Hirschmann,,,no,no,no,no,no,False
102475468,METROPOLITAN NASHVILLE POLICE DEPT,20190600564,Davidson,Nashville,8/12/2019 1:48:00 PM,2,0,0,36.136000,-86.698820,BRILEY PKWY,,,,4.00,Feet,North,BRILEY PKWYS,,,,0.00,N,Not at Intersection,N,Non-Junction,None,,,         ,Samuel,Fredericks,Clear,Front to Rear,no,no,no,no,no,False
102475475,METROPOLITAN NASHVILLE POLICE DEPT,20190600383,Davidson,Nashville,8/12/2019 12:15:00 PM,2,0,0,36.161680,-86.777630,4TH AVN,,,,271.00,Feet,North,BROADWAY,,,,0.00,N,Not at Intersection, ,,None,,,         ,James,Thornton,,,no,no,no,no,no,False
102475476,METROPOLITAN NASHVILLE POLICE DEPT,20190600581,Davidson,Goodlettsville,8/12/2019 1:52:00 PM,2,1,0,36.302470,-86.692260,GALLATIN PKEN,,,,157.00,Feet,West,RIVERGATE MARKETPLACE PVTDR,,,,0.00,N,Not at Intersection,N,Non-Junction,None,,,         ,Cyretha,Frazier,Clear,Front to Rear,no,no,no,no,no,False
102475513,METROPOLITAN NASHVILLE POLICE DEPT,20190600269,Davidson,Nashville,8/12/2019 11:00:00 AM,2,0,0,36.127510,-86.815450,I 440,,,,0.00,,,,,,,2.20,N,Not at Intersection,N,Non-Junction,Construction Zone,Intermittent Moving Work,Activity Area,         ,Micah,Wright,Clear,Front to Rear,no,no,no,no,no,False
102475517,METROPOLITAN NASHVILLE POLICE DEPT,20190596363,Davidson,Nashville,8/10/2019 6:23:00 PM,2,0,0,36.087120,-86.730470,NOLENSVILLE PKE,,,,115.00,Feet,North,ELYSIAN FIELDS CT,,,,0.00,N,Not at Intersection, ,,None,,,         ,Gabriel,Hamilton,,,no,no,no,no,no,False
102475523,METROPOLITAN NASHVILLE POLICE DEPT,20190600671,Davidson,Nashville,8/12/2019 2:00:00 PM,2,0,0,36.045010,-86.671080,BELL RD,,,,198.00,Feet,West,HICKORY PARK DR,,,,0.00,N,Not at Intersection,N,Non-Junction,None,,,         ,Eric,Laury,Clear,Front to Rear,no,no,no,no,no,False
102475533,METROPOLITAN NASHVILLE POLICE DEPT,20190600724,Davidson,Nashville,8/12/2019 3:02:00 PM,2,0,0,36.251780,-86.740090,I 65,,,,0.00,,,,,,,91.35,N,Not at Intersection, ,Non-Junction,None,,,         ,Christopher,Littles,Clear,"Sideswipe, Same Direction",no,no,no,no,no,False
102475534,METROPOLITAN NASHVILLE POLICE DEPT,20190600781,Davidson,Not in City Limit,8/12/2019 3:33:00 PM,2,0,0,36.275160,-86.689450,MYATT DR,,,,325.00,Feet,South,MYATT CENTER LN,,,,0.00,N,Not at Intersection,N,Non-Junction,None,,,         ,Christopher,Littles,Clear,Front to Rear,no,no,no,no,yes,False
102475539,METROPOLITAN NASHVILLE POLICE DEPT,20190600771,Davidson,Nashville,8/12/2019 3:22:00 PM,2,0,0,36.187160,-86.798440,ROSA L PARKS BLVD,,,,275.00,Feet,South,DOMINICAN DR,,,,0.00,N,Not at Intersection, ,Non-Junction,None,,,         ,Justin,Vaughn,Clear,Front to Rear,no,no,no,no,no,False
102475555,METROPOLITAN NASHVILLE POLICE DEPT,20190600839,Davidson,Nashville,8/12/2019 3:55:00 PM,2,1,0,36.116010,-86.789020,I 440,,,,0.00,,,,,,,4.00,N,Not at Intersection,N,Non-Junction,Construction Zone,Laneclosure,Activity Area,         ,Conor,Cronin,Clear,Front to Rear,no,no,no,no,no,False
102475556,METROPOLITAN NASHVILLE POLICE DEPT,20190585161,Davidson,Nashville,8/6/2019 6:45:00 PM,2,0,1,36.139050,-86.733010,MURFREESBORO PKE,,,,0.00,,,ARLINGTON AV,,,,0.00,Y,Four-Way,N,Intersection,None,,,19-0596  ,William,Waters,Cloudy,Front to Rear,no,no,no,no,no,False
102475557,METROPOLITAN NASHVILLE POLICE DEPT,20190591205,Davidson,Nashville,8/8/2019 9:20:00 PM,1,0,1,36.218510,-86.695500,MUSIC VALLEY DR,,,,580.00,Feet,North,OPRYLAND DR,,,,0.00,N,Not at Intersection,N,Non-Junction,None,,,19-0601  ,William,Waters,Clear,Not Collision with Motor Vehicle in Transport,yes,no,no,no,no,False
102475565,METROPOLITAN NASHVILLE POLICE DEPT,20190600769,Davidson,Nashville,8/12/2019 3:33:00 PM,2,0,0,36.154480,-86.779440,8TH AVS,,,,0.00,,,8TH AVS,,,,0.00,Y,Roundabout, ,Intersection,None,,,         ,Joshua,Reece,Clear,Angle,no,no,no,no,no,False
102475567,METROPOLITAN NASHVILLE POLICE DEPT,20190600855,Davidson,Nashville,8/12/2019 3:59:00 PM,2,0,0,36.044950,-86.659750,I24 E ENT RAMP,,,,0.00,,,I 24,,,,0.00,Y,OTHER, ,,None,,,         ,Laura,Williams,,,no,no,no,no,no,False
102475580,THP District 9 - Administrative,319050632,Davidson,Nashville,8/8/2019 10:30:00 AM,2,0,0,36.135310,-86.732710,BLANTON AV,,,,721.00,Feet,South,TPS COMPLEX PVTDR,,,,0.00,N,Not at Intersection, ,Non-Junction,None,,,         ,Russell,Peters,Clear,Rear to Rear,no,no,no,yes,no,False
102475586,METROPOLITAN NASHVILLE POLICE DEPT,20190600872,Davidson,Nashville,8/12/2019 4:12:00 PM,2,0,0,36.156320,-86.782170,DEMONBREUN ST,,,,20.00,Feet,West,9TH AVS,,,,0.00,N,Not at Intersection, ,Non-Junction,None,,,         ,Brandon,O'Guin,Clear,"Sideswipe, Same Direction",no,no,no,no,no,False
102475594,METROPOLITAN NASHVILLE POLICE DEPT,20190600826,Davidson,Nashville,8/12/2019 3:45:00 PM,2,2,0,36.062860,-86.626360,MURFREESBORO PKE,,,,943.00,Feet,South,HAMILTON CHURCH RD,,,,0.00,N,Not at Intersection,N,Non-Junction,None,,,         ,Jesse,Cox,Clear,Angle,no,no,no,no,no,False
102475596,METROPOLITAN NASHVILLE POLICE DEPT,20190600889,Davidson,Nashville,8/12/2019 4:19:00 PM,2,1,0,36.147490,-86.758670,LEWIS ST,,,,21.00,Feet,South,LAFAYETTE ST,,,,0.00,N,Not at Intersection,N,Non-Junction,None,,,         ,Jarret,Sonnenberg,Clear,Angle,no,no,no,no,no,False
102475602,METROPOLITAN NASHVILLE POLICE DEPT,20190600884,Davidson,Nashville,8/12/2019 4:16:00 PM,2,0,0,36.082780,-86.628700,MOSSDALE DR,,,,0.00,,,BELL RD,,,,0.00,Y,Four-Way,N,Intersection,None,,,         ,Steven,Powers,Cloudy,Angle,no,no,no,no,no,False
102475606,METROPOLITAN NASHVILLE POLICE DEPT,20190600885,Davidson,Nashville,8/12/2019 4:18:00 PM,3,4,0,36.239750,-86.766390,VAILVIEW DR,,,,0.00,,,OAKVIEW DR,,,,0.00,Y,Four-Way,N,Intersection,None,,,         ,Christopher,Littles,Clear,Angle,no,no,no,no,no,False
102475607,METROPOLITAN NASHVILLE POLICE DEPT,20190600957,Davidson,Nashville,8/12/2019 4:30:00 PM,2,0,0,36.140520,-86.731650,I 40,,,,0.00,,,,,,,213.00,N,Not at Intersection,N,Non-Junction,None,,,         ,Tyler,Hall,Clear,Front to Rear,no,no,no,no,yes,False
102475609,METROPOLITAN NASHVILLE POLICE DEPT,20190600848,Davidson,Nashville,8/12/2019 2:41:00 PM,2,0,0,36.219830,-86.774350,I 65,,,,0.00,,,,,,,88.30,N,Not at Intersection,N,Non-Junction,None,,,         ,Michael,Moss,Clear,Not Collision with Motor Vehicle in Transport,no,no,no,no,no,False
102475610,METROPOLITAN NASHVILLE POLICE DEPT,20190600914,Davidson,Nashville,8/12/2019 4:33:00 PM,2,2,0,36.187560,-86.812260,18TH AVN,,,,0.00,Feet,North,MCKINNEY AV,,,,0.00,N,Not at Intersection,N,Non-Junction,None,,,         ,Justin,Vaughn,Clear,Angle,no,no,no,no,no,False
102475612,METROPOLITAN NASHVILLE POLICE DEPT,20190601007,Davidson,Nashville,8/12/2019 4:17:00 PM,3,0,0,36.047660,-86.656090,HICKORY HOLLOW PKWY,,,,61.00,Feet,West,BELL RD,,,,0.00,N,Not at Intersection, ,Non-Junction,None,,,         ,Laura,Williams,Clear,Front to Rear,no,no,no,no,no,False
102475616,METROPOLITAN NASHVILLE POLICE DEPT,20190600730,Davidson,Nashville,8/12/2019 3:15:00 PM,2,0,0,36.151710,-86.822480,I 440,,,,0.00,,,,,,,1.55,N,Not at Intersection,N,Non-Junction,Construction Zone,Work On Shoulder Or Median,Activity Area,         ,Walter,Gray II,Clear,Front to Rear,no,no,no,no,no,False
102475617,METROPOLITAN NASHVILLE POLICE DEPT,20190600897,Davidson,Nashville,8/12/2019 3:15:00 PM,2,0,0,36.151710,-86.822480,I 440,,,,0.00,,,,,,,1.55,N,Not at Intersection,N,Non-Junction,Construction Zone,Work On Shoulder Or Median,Activity Area,         ,Walter,Gray II,Clear,Front to Rear,no,no,no,no,no,False
102475620,METROPOLITAN NASHVILLE POLICE DEPT,20190600877,Davidson,Nashville,8/12/2019 4:15:00 PM,2,0,0,36.154630,-86.779160,8TH AVS,,,,0.00,,,LAFAYETTE ST,,,,0.00,Y,Roundabout,N,Intersection,None,,,         ,Timothy,Mead,Clear,Angle,no,no,no,no,yes,False
102475634,METROPOLITAN NASHVILLE POLICE DEPT,20190601041,Davidson,Nashville,8/12/2019 5:49:00 PM,2,0,0,36.122010,-86.630570,BELL RD,,,,265.00,Feet,South,WOODLAND POINTE DR,,,,0.00,N,Not at Intersection, ,Non-Junction,None,,,         ,Steven,Powers,Cloudy,Front to Rear,no,no,no,no,no,False
102475638,METROPOLITAN NASHVILLE POLICE DEPT,20190600606,Davidson,Nashville,8/12/2019 2:00:00 PM,1,0,0,36.161890,-86.775170,2ND AVN,,,,0.00,,,,,,,0.00,,,N,Non-Junction,None,,,         ,Michael,Douglas,Clear,Not Collision with Motor Vehicle in Transport,no,no,no,no,no,False
102475639,METROPOLITAN NASHVILLE POLICE DEPT,20190601060,Davidson,Nashville,8/12/2019 4:00:00 PM,2,0,0,36.230390,-86.745450,ELLINGTON PKWY N EXT RAMP,,,,118.00,Feet,West,BROADMOOR DR,,,,0.00,N,Not at Intersection,N,Entrance/Exit Ramp Related,None,,,         ,Wade,Johnson,Clear,Front to Rear,no,no,no,no,yes,False
102475659,METROPOLITAN NASHVILLE POLICE DEPT,20190600991,Davidson,Nashville,8/12/2019 5:20:00 PM,2,0,0,36.126750,-86.814650,I 440,,,,0.00,,,,,,,2.25,N,Not at Intersection, ,Non-Junction,None,,,         ,Darryl,Williams,Clear,Front to Rear,no,no,no,no,no,False
102475660,METROPOLITAN NASHVILLE POLICE DEPT,20190601143,Davidson,Nashville,8/12/2019 5:23:00 PM,2,0,0,36.171500,-86.798610,I 40,,,,0.00,,,,,,,207.90,N,Not at Intersection, ,Non-Junction,None,,,         ,Justin,Vaughn,Clear,Front to Rear,no,no,no,no,no,False
102475671,METROPOLITAN NASHVILLE POLICE DEPT,20190601045,Davidson,Nashville,8/12/2019 5:53:00 PM,2,0,0,36.110400,-86.770540,I440 ENT RAMP,,,,0.00,Feet,East,I 65,,,,0.00,N,Not at Intersection,Y,Non-Junction,None,,,         ,Gabriel,Hamilton,Clear,"Sideswipe, Same Direction",no,no,no,no,yes,False
102475697,METROPOLITAN NASHVILLE POLICE DEPT,20190601193,Davidson,Nashville,8/12/2019 3:00:00 PM,1,0,0,36.204180,-86.765990,MERIDIAN ST,,,,140.00,Feet,South,EDWIN ST,,,,0.00,N,Not at Intersection,N,Non-Junction,None,,,         ,Chase,Harriman,Clear,Not Collision with Motor Vehicle in Transport,no,no,no,no,yes,False
102475698,METROPOLITAN NASHVILLE POLICE DEPT,20190600703,Davidson,Nashville,8/12/2019 3:01:00 PM,2,1,0,36.126800,-86.710700,THOMPSON PL,,,,120.00,Feet,East,MURFREESBORO PKE,,,,0.00,N,Not at Intersection,N,Non-Junction,None,,,         ,Dontaveous,Eubanks,Clear,Angle,no,no,no,no,no,False
102475699,METROPOLITAN NASHVILLE POLICE DEPT,20190601040,Davidson,Nashville,8/12/2019 5:33:00 PM,2,2,0,36.142790,-86.666630,DONELSON PKE,,,,183.00,Feet,North,I40 W ENT RAMP,,,,0.00,N,Not at Intersection,N,Non-Junction,None,,,         ,Allyson,Reis,Clear,Angle,no,no,no,no,no,False
102475700,METROPOLITAN NASHVILLE POLICE DEPT,2019-0600927,Davidson,Nashville,8/12/2019 4:40:00 PM,2,0,0,36.039590,-86.743440,EDMONDSON PKE,,,,150.00,Feet,South,OLD HICKORY BLVD,,,,0.00,N,Not at Intersection, ,Non-Junction,None,,,         ,William,King,Clear,Angle,no,no,no,no,yes,False
102475714,METROPOLITAN NASHVILLE POLICE DEPT,20190601133,Davidson,Nashville,8/12/2019 6:20:00 PM,2,0,0,36.153200,-86.792200,16TH AVE S,,,,15.00,Feet,South,MCGAVOCK ST,,,,0.00,N,Not at Intersection,N,Non-Junction,None,,,         ,Jarrett,Ipox,Cloudy,"Sideswipe, Same Direction",no,no,no,no,no,False
102475719,METROPOLITAN NASHVILLE POLICE DEPT,20190601097,Davidson,Nashville,8/12/2019 6:23:00 PM,2,1,0,36.155820,-86.795920,17TH AVN,,,,0.00,,,CHURCH ST,,,,0.00,Y,Four-Way,N,Intersection-Related,None,,,         ,Brian,DeMarce,Clear,Angle,no,no,no,no,no,False
102475725,METROPOLITAN NASHVILLE POLICE DEPT,20190601103,Davidson,Nashville,8/12/2019 6:25:00 PM,2,0,0,36.076030,-86.693750,I 24,,,,0.00,,,,,,,56.50,N,Not at Intersection, ,,None,,,         ,Jesse,Cox,,,no,no,no,no,no,False
102475735,METROPOLITAN NASHVILLE POLICE DEPT,20190601282,Davidson,Antioch,8/10/2019 12:00:00 AM,2,0,0,36.050620,-86.606180,GROVEDALE TRC,,,,201.00,Feet,North,PIN HOOK RD,,,,0.00,N,Not at Intersection, ,Non-Junction,None,,,         ,Wesley,Carver,Clear,"Sideswipe, Same Direction",no,no,no,no,yes,False
102475750,METROPOLITAN NASHVILLE POLICE DEPT,20190593851,Davidson,Not in City Limit,8/9/2019 5:51:00 PM,2,1,0,35.998060,-86.691540,NOLENSVILLE PKE,,,,653.00,Feet,West,CONCORD RD,,,,0.00,N,Not at Intersection,N,Non-Junction,None,,,         ,FELIKS,ABRAHAMYAN,Clear,Front to Rear,no,no,no,no,no,False
102475760,METROPOLITAN NASHVILLE POLICE DEPT,20190601306,Davidson,Nashville,8/12/2019 7:37:00 PM,2,0,0,36.183770,-86.747910,EASTLAND AV,,,,139.00,Feet,East,GALLATIN AV,,,,0.00,N,Not at Intersection,N,Non-Junction,None,,,         ,Cooper,HIll,Clear,"Sideswipe, Same Direction",no,no,no,no,yes,False
102475761,METROPOLITAN NASHVILLE POLICE DEPT,20190601355,Davidson,Nashville,8/12/2019 6:15:00 PM,2,0,0,36.161320,-86.620020,I 40,,,,0.00,,,,,,,219.65,N,Not at Intersection, ,,None,,,         ,Tony,Mingsing,,,no,no,no,no,no,False
102475778,METROPOLITAN NASHVILLE POLICE DEPT,20190601383,Davidson,Nashville,8/12/2019 9:09:00 PM,1,0,0,36.072840,-86.678390,WAIKIKI BLVD,,,,112.00,Feet,South,SUGARCANE LN,,,,0.00,N,Not at Intersection,N,Non-Junction,None,,,         ,Jesse,Cox,Clear,Not Collision with Motor Vehicle in Transport,no,no,no,no,no,False
102475779,METROPOLITAN NASHVILLE POLICE DEPT,20190601333,Davidson,Nashville,8/12/2019 8:28:00 PM,3,0,0,36.047300,-86.862730,OLD HICKORY BLVD,,,,0.00,,,HILLSBORO PKE,,,,0.00,Y,Four-Way, ,,None,,,         ,FELIKS,ABRAHAMYAN,,,no,no,no,no,no,False
102475782,METROPOLITAN NASHVILLE POLICE DEPT,20190601361,Davidson,Nashville,8/12/2019 8:39:00 PM,2,0,0,36.046170,-86.778280,I 65,,,,0.00,,,,,,,75.15,N,Not at Intersection, ,Non-Junction,None,,,         ,Darryl,Williams,Clear,"Sideswipe, Same Direction",no,no,no,no,no,False
102475792,METROPOLITAN NASHVILLE POLICE DEPT,20190601348,Davidson,Nashville,8/12/2019 8:35:00 PM,2,0,0,36.189160,-86.733620,GREENWOOD AV,,,,0.00,,,SCOTT AV,,,,0.00,Y,Four-Way, ,Non-Junction,None,,,         ,Christopher,Butner,Clear,Angle,no,no,no,no,no,False
102475808,METROPOLITAN NASHVILLE POLICE DEPT,20190601391,Davidson,Nashville,8/12/2019 8:25:00 PM,2,0,0,36.163870,-86.786620,CHARLOTTE AV,,,,0.00,Feet,,ROSA L PARKS BLVD,,,,0.00,Y,Four-Way, ,Intersection,None,,,         ,Bailee,Hickman,Clear,Angle,no,no,no,no,yes,False
102475819,METROPOLITAN NASHVILLE POLICE DEPT,20190600822,Davidson,Nashville,8/12/2019 3:54:00 PM,2,1,0,36.053810,-86.715070,NOLENSVILLE PKE,,,,56.00,Feet,North,BREWER DR,,,,0.00,N,Not at Intersection,N,Non-Junction,None,,,         ,Brandon,Hughes,Clear,Front to Rear,no,no,no,no,no,False
102475834,METROPOLITAN NASHVILLE POLICE DEPT,20190601479,Davidson,Not in City Limit,8/12/2019 10:21:00 PM,1,1,0,36.262240,-86.678670,STATE RT 45,,,,144.00,Feet,East,EAGAN CIR,,,,0.00,N,Not at Intersection,N,Non-Junction,None,,,         ,Christopher,Littles,Clear,Not Collision with Motor Vehicle in Transport,no,no,no,no,no,False
102475837,METROPOLITAN NASHVILLE POLICE DEPT,20190601449,Davidson,Nashville,8/12/2019 9:35:00 PM,2,0,0,36.043570,-86.692670,BELL RD,,,,229.00,Feet,East,BROOK VIEW ESTATES DR,,,,0.00,N,Not at Intersection,N,Non-Junction,None,,,         ,Jesse,Cox,Clear,Front to Rear,no,no,no,no,no,False