master_record_number,agency,agency_tracking_number,county,city,collision_date,vehicles_involved,number_injured,number_dead,latitude,longitude,roadway_name,roadway_suffix,roadway_number,roadway_local_id,distance_from_reference,miles-feet_indicator,direction_from_reference,intersection_road_name,intersection_road_name_suffix,intersection_road_number,intersection_local_id,mile_marker,intersection_indicator,intersect_type,interchange_related_indicator,relation_to_junction,work_zone_type,construction_maintenance_zone,construction_maintenance_zone_location,fatal_case_number,officer_first_name,officer_last_name,weather_condition(s),manner_of_crash,pedestrian,bicycle,scooter,parking,hitrun,mou
102477566,METROPOLITAN NASHVILLE POLICE DEPT,20190606696,Davidson,Nashville,8/14/2019 5:38:00 PM,2,0,0,36.073140,-86.920660,OLD HICKORY BLVD,,,,0.00,,,BELLEVUE VALLEY PLAZA PVTDR,,,,0.00,Y,T-Intersection, ,Intersection-Related,None,,,         ,Walter,Gray II,Clear,Angle,no,no,no,no,no,False
102477574,METROPOLITAN NASHVILLE POLICE DEPT,20190606764,Davidson,Nashville,8/14/2019 6:22:00 PM,2,0,0,36.105070,-86.670380,MURFREESBORO PKE,,,,466.00,Feet,East,EZELL PKE,,,,0.00,N,Not at Intersection, ,Non-Junction,None,,,         ,Dontaveous,Eubanks,Clear,Front to Rear,no,no,no,no,no,False
102477576,METROPOLITAN NASHVILLE POLICE DEPT,20190606725,Davidson,Nashville,8/14/2019 6:09:00 PM,2,0,0,36.141260,-86.817960,ACKLEN PARK DR,,,,0.00,,,PARK DR,,,,0.00,Y,Four-Way,N,Intersection,None,,,         ,FELIKS,ABRAHAMYAN,Clear,Angle,no,no,no,no,no,False
102477585,METROPOLITAN NASHVILLE POLICE DEPT,20190606527,Davidson,Nashville,8/14/2019 12:00:00 AM,2,0,0,36.182490,-86.748930,GALLATIN AV,,,,77.00,Feet,South,STRATTON AV,,,,0.00,N,Not at Intersection,N,Non-Junction,None,,,         ,Gordon,Stovall,Clear,Front to Rear,no,no,no,no,yes,False
102477586,METROPOLITAN NASHVILLE POLICE DEPT,20190606601,Davidson,Antioch,8/14/2019 5:17:00 PM,2,1,0,36.047840,-86.612050,MURFREESBORO PKE,,,,1284.00,Feet,North,MOUNTAIN SPRINGS RD,,,,0.00,N,Not at Intersection,N,Non-Junction,None,,,         ,Nathaniel,Myers,Clear,Angle,no,no,no,yes,no,False
102477587,METROPOLITAN NASHVILLE POLICE DEPT,20190606817,Davidson,Not in City Limit,8/14/2019 6:57:00 PM,2,0,0,36.110120,-86.535670,HOBSON PKE,,,,0.75,Miles,East,GRANNY WRIGHT LN,,,,0.00,N,Not at Intersection,N,Non-Junction,None,,,         ,Nathaniel,Myers,Clear,Front to Rear,no,no,no,no,no,False
102477600,METROPOLITAN NASHVILLE POLICE DEPT,20190606891,Davidson,Nashville,8/14/2019 7:30:00 PM,2,0,0,36.141250,-86.731770,I 40,,,,0.00,,,,,,,213.00,N,Not at Intersection, ,,None,,,         ,Darci,Stechman,,,no,no,no,no,no,False
102477602,METROPOLITAN NASHVILLE POLICE DEPT,20190606690,Davidson,Nashville,8/14/2019 5:56:00 PM,2,0,0,36.121420,-86.756180,I 440,,,,0.00,,,,,,,6.00,N,Not at Intersection,N,Non-Junction,None,,,         ,Darryl,Williams,Clear,Front to Rear,no,no,no,no,no,False
102477609,METROPOLITAN NASHVILLE POLICE DEPT,20190606556,Davidson,Nashville,8/14/2019 3:25:00 PM,4,0,0,36.082880,-86.709830,HARDING PL,,,,209.00,Feet,East,TAMPA DR,,,,0.00,N,Not at Intersection,N,Non-Junction,None,,,         ,Jesse,Cox,Clear,Front to Rear,no,no,no,no,yes,False
102477627,METROPOLITAN NASHVILLE POLICE DEPT,20190606763,Davidson,Nashville,8/14/2019 5:56:00 PM,2,0,0,36.096040,-86.707920,I 24,,,,0.00,,,,,,,54.90,N,Not at Intersection, ,Non-Junction,None,,,         ,Aimee,Ortiz,Clear,Front to Rear,no,no,no,no,no,False
102477658,METROPOLITAN NASHVILLE POLICE DEPT,20190606729,Davidson,Nashville,8/14/2019 6:05:00 PM,4,1,0,36.101900,-86.713100,I 24,,,,0.00,,,,,,,54.45,N,Not at Intersection,N,Non-Junction,None,,,         ,Jesse,Cox,Clear,Front to Rear,no,no,no,no,no,False
102477666,METROPOLITAN NASHVILLE POLICE DEPT,20190606963,Davidson,Nashville,8/14/2019 7:55:00 PM,2,0,0,36.137200,-86.699670,BRILEY PKWY,,,,0.00,,,GLASTONBURY RD,,,,0.00,Y,T-Intersection, ,Intersection,None,,,         ,Nathan,Dungan,Clear,Front to Rear,no,no,no,no,no,False
102477683,THP District 3 - Nashville,319052198,Davidson,Nashville,8/14/2019 7:45:00 PM,3,0,0,36.034070,-86.783160,I 65,,,,0.00,,,,,,,74.25,N,Not at Intersection,N,Non-Junction,None,,,         ,Jacob,Plyler,Clear,Front to Rear,no,no,no,no,no,False
102477692,METROPOLITAN NASHVILLE POLICE DEPT,20190606897,Davidson,Nashville,8/14/2019 6:15:00 PM,2,0,0,36.194210,-86.635140,BONNACREEK DR,,,,0.00,,,PLANTATION DR,,,,0.00,Y,T-Intersection,Y,Intersection,None,,,         ,Allyson,Reis,Clear,Angle,no,no,no,no,no,False
102477715,METROPOLITAN NASHVILLE POLICE DEPT,20190607103,Davidson,Not in City Limit,8/14/2019 9:23:00 PM,2,3,0,36.286220,-86.745260,DICKERSON PKES,,,,0.00,,,HILLCREST RD,,,,0.00,Y,T-Intersection,N,Intersection-Related,None,,,         ,Christopher,Littles,Clear,HeadOn,no,no,no,no,no,False
102477716,METROPOLITAN NASHVILLE POLICE DEPT,20190607118,Davidson,Nashville,8/14/2019 9:32:00 PM,2,1,0,36.081100,-86.758360,HARDING PL,,,,0.00,,,TROUSDALE DR,,,,0.00,Y,Four-Way,N,Intersection-Related,None,,,         ,FELIKS,ABRAHAMYAN,Clear,Angle,no,no,no,no,no,False
102477722,METROPOLITAN NASHVILLE POLICE DEPT,20190607145,Davidson,Nashville,8/14/2019 9:48:00 PM,2,1,0,36.140020,-86.727970,I 24,,,,0.00,,,,,,,51.50,N,Not at Intersection,N,Non-Junction,None,,,         ,Samuel,Sundra,Clear,Front to Rear,no,no,no,no,yes,False
102477728,METROPOLITAN NASHVILLE POLICE DEPT,20190607093,Davidson,Goodlettsville,8/14/2019 9:21:00 PM,2,0,0,36.297180,-86.699380,RIVERGATE PKWY,,,,120.00,Feet,North,GALLATIN PKEN,,,,0.00,N,Not at Intersection,N,Non-Junction,None,,,         ,Derek,Sibley,Clear,Front to Rear,no,no,no,no,no,False
102477734,METROPOLITAN NASHVILLE POLICE DEPT,20190606739,Davidson,Nashville,8/14/2019 5:32:00 PM,3,0,0,36.166620,-86.820440,28TH AVN,,,,4.00,Feet,North,MEHARRY BLVD,,,,0.00,N,Not at Intersection, ,Non-Junction,None,,,         ,Justin,Vaughn,Clear,Front to Rear,no,no,no,no,no,False
102477735,METROPOLITAN NASHVILLE POLICE DEPT,20190606833,Davidson,Nashville,8/14/2019 7:08:00 PM,2,1,0,36.210810,-86.837510,NORTHSIDE STATION PVTDR,,,,385.00,Feet,South,CLARKSVILLE PKE,,,,0.00,N,Not at Intersection, ,Non-Junction,None,,,         ,Justin,Vaughn,Clear,Angle,no,no,no,no,no,False
102477736,METROPOLITAN NASHVILLE POLICE DEPT,20190607119,Davidson,Not in City Limit,8/14/2019 9:02:00 PM,2,0,0,36.023220,-86.630610,I 24,,,,0.00,,,,,,,61.75,N,Not at Intersection, ,Non-Junction,Construction Zone,,,         ,Andrew,Brazee,Clear,"Sideswipe, Same Direction",no,no,no,no,no,False
102477739,METROPOLITAN NASHVILLE POLICE DEPT,20190607161,Davidson,Nashville,8/14/2019 9:45:00 PM,2,0,0,36.083760,-86.715150,TANGLEWOOD CT,,,,544.00,Feet,North,WHISPERING OAKS PL,,,,0.00,N,Not at Intersection,N,Non-Junction,None,,,         ,Jesse,Cox,Clear,Angle,no,no,no,no,yes,False
102477768,METROPOLITAN NASHVILLE POLICE DEPT,20190607081,Davidson,Nashville,8/14/2019 9:14:00 PM,1,1,0,36.206620,-86.777900,W TRINITY LN,,,,0.00,Feet,East,BRICK CHURCH PKE,,,,0.00,N,Not at Intersection,N,Non-Junction,None,,,         ,Justin,Vaughn,Clear,Not Collision with Motor Vehicle in Transport,yes,no,no,no,no,False
102477782,METROPOLITAN NASHVILLE POLICE DEPT,20190607214,Davidson,Nashville,8/14/2019 10:30:00 PM,2,0,0,36.045350,-86.713410,OLD HICKORY BLVD,,,,20.00,Feet,West,NOLENSVILLE PKE,,,,0.00,N,Not at Intersection, ,OtherLocation,None,,,         ,Brandon,Rardin,Clear,Front to Rear,no,no,no,no,no,False
102477790,METROPOLITAN NASHVILLE POLICE DEPT,20190607359,Davidson,Goodlettsville,8/14/2019 11:16:00 PM,2,0,0,36.291730,-86.694300,MYATT DR,,,,0.00,,,,,,,0.00,,, ,Non-Junction,None,,,         ,Carey,Steel,Clear,"Sideswipe, Same Direction",no,no,no,no,no,False
102477795,METROPOLITAN NASHVILLE POLICE DEPT,20190607366,Davidson,Nashville,8/15/2019 12:20:00 AM,1,0,0,36.206750,-86.780430,W TRINITY LN,,,,172.00,Feet,East,SCRUGGS LN,,,,0.00,N,Not at Intersection,N,Non-Junction,None,,,         ,Jacob,Dick,Clear,Not Collision with Motor Vehicle in Transport,no,no,no,no,no,False
102477796,METROPOLITAN NASHVILLE POLICE DEPT,20190607407,Davidson,Nashville,8/14/2019 11:44:00 PM,3,0,0,36.070770,-86.629450,KOTHE CT,,,,177.00,Feet,North,KOTHE WAY,,,,0.00,N,Not at Intersection, ,OtherLocation,None,,,         ,Holly,Davis,Clear,"Sideswipe, Opposite Direction",no,no,no,yes,yes,False
102477809,METROPOLITAN NASHVILLE POLICE DEPT,20190607444,Davidson,Nashville,8/15/2019 1:14:00 AM,2,0,0,36.144930,-86.766660,4TH AVS,,,,0.00,,,CHESTNUT ST,,,,0.00,Y,OTHER,N,Intersection-Related,None,,,         ,Bryce,Hatten,Clear,Angle,no,no,no,no,no,False
102477845,METROPOLITAN NASHVILLE POLICE DEPT,20190607213,Davidson,Nashville,8/14/2019 10:37:00 PM,2,2,0,36.045000,-86.649220,CROSSINGS PL,,,,0.00,,,CROSSINGS BLVD,,,,0.00,Y,T-Intersection,N,Intersection,None,,,         ,David,Moser,Clear,Front to Rear,no,no,no,no,no,False
102477846,METROPOLITAN NASHVILLE POLICE DEPT,20190607779,Davidson,Nashville,8/15/2019 4:50:00 AM,1,0,0,36.082610,-86.727250,NOLENSVILLE,PIKE,,4041,200.00,Feet,South,,,,,400.00,N,Not at Intersection,N,Non-Junction,None,,,         ,William,Hamblen,Clear,Not Collision with Motor Vehicle in Transport,no,no,no,yes,yes,False
102477847,METROPOLITAN NASHVILLE POLICE DEPT,20190607445,Davidson,Nashville,8/14/2019 11:30:00 PM,2,0,0,36.148020,-86.630790,EMBER LAKE DR,,,,405.00,Feet,South,BLACKWOOD DR,,,,0.00,N,Not at Intersection, ,Non-Junction,None,,,         ,Bridget,Griepentrog,Clear,Rear to Rear,no,no,no,no,no,False
102477868,METROPOLITAN NASHVILLE POLICE DEPT,20190606024,Davidson,Nashville,8/14/2019 12:30:00 PM,2,0,0,36.054760,-86.694070,TUSCULUM RD,,,,0.00,,,COLERIDGE DR,,,,0.00,Y,T-Intersection,N,Non-Junction,None,,,         ,Honorio,Canchola,Clear,"Sideswipe, Same Direction",no,no,no,no,no,False
102477883,METROPOLITAN NASHVILLE POLICE DEPT,20190606183,Davidson,Nashville,8/14/2019 2:00:00 PM,2,4,0,36.200110,-86.825180,BUENA VISTA PKE,,,,633.00,Feet,North,MATTIE ST,,,,0.00,N,Not at Intersection,N,Non-Junction,None,,,         ,Wesley,Young,Clear,HeadOn,no,no,no,no,no,False
102477886,METROPOLITAN NASHVILLE POLICE DEPT,20190606750,Davidson,Nashville,8/14/2019 6:24:00 PM,2,0,0,36.153010,-86.779340,8TH AVS,,,,0.00,,,CANNERY ROW,,,,0.00,Y,T-Intersection,N,Intersection,None,,,         ,Joshua,Reece,Clear,Angle,no,no,no,no,no,False
102477888,METROPOLITAN NASHVILLE POLICE DEPT,20190607857,Davidson,Nashville,8/15/2019 6:15:00 AM,2,0,0,36.160520,-86.760510,I 24,,,,0.00,,,,,,,49.45,N,Not at Intersection,N,Non-Junction,None,,,         ,Christopher,Beery,Clear,Front to Rear,no,no,no,no,no,False
102477907,METROPOLITAN NASHVILLE POLICE DEPT,20190607276,Davidson,Nashville,8/14/2019 9:00:00 PM,2,0,0,36.136030,-86.698680,BRILEY PKWYN,,,,0.00,,,CORPORATE DR,,,,0.00,Y,Four-Way, ,Non-Junction,None,,,         ,Joao,Pinho,Clear,Front to Rear,no,no,no,no,no,False
102477918,METROPOLITAN NASHVILLE POLICE DEPT,20190607901,Davidson,Nashville,8/15/2019 6:25:00 AM,2,0,0,36.241610,-86.723300,GALLATIN PKES,,,,934.00,Feet,North,GALLATIN PKE,,,,0.00,N,Not at Intersection, ,Non-Junction,None,,,         ,Brian,Otto,Clear,Front to Rear,no,no,no,no,no,False
102477921,METROPOLITAN NASHVILLE POLICE DEPT,20190607831,Davidson,Nashville,8/15/2019 5:50:00 AM,2,3,0,36.233850,-86.724810,GALLATIN PKE,,,,19.00,Feet,North,BRILEY PKWY E EXT RAMP,,,,0.00,N,Not at Intersection,N,Non-Junction,None,,,         ,Amanda,Hane,Clear,Angle,no,no,no,no,yes,False
102477922,METROPOLITAN NASHVILLE POLICE DEPT,20190607980,Davidson,Nashville,8/15/2019 7:15:00 AM,2,0,0,36.146720,-86.743760,FESSLERS LN,,,,0.00,,,RUNDLE AV,,,,0.00,Y,T-Intersection, ,Intersection,None,,,         ,Michael,Dance,Clear,"Sideswipe, Same Direction",no,no,no,no,no,False
102477925,METROPOLITAN NASHVILLE POLICE DEPT,20190607915,Davidson,Nashville,8/15/2019 6:33:00 AM,2,0,0,36.149230,-86.798440,BROADWAY,,,,100.00,Feet,South,20TH AVS,,,,0.00,N,Not at Intersection, ,Non-Junction,None,,,         ,Earl,Davis,Clear,Front to Rear,no,no,no,no,no,Campus
102477932,METROPOLITAN NASHVILLE POLICE DEPT,20190607956,Davidson,Lakewood,8/15/2019 7:08:00 AM,2,0,0,36.238780,-86.630010,PITTS AV,,,,0.00,,,LAKESHORE DR,,,,0.00,Y,Four-Way,Y,Intersection-Related,None,,,         ,Tien,Nguyen,,Front to Rear,no,no,no,no,no,False
102477937,METROPOLITAN NASHVILLE POLICE DEPT,20190607938,Davidson,Nashville,8/15/2019 7:00:00 AM,2,0,0,36.239100,-86.723800,GALLATIN PKES,,,,9.00,Feet,North,GALLATIN PKE,,,,0.00,N,Not at Intersection,N,Non-Junction,None,,,         ,Brian,Otto,Clear,Front to Rear,no,no,no,no,no,False
102477949,METROPOLITAN NASHVILLE POLICE DEPT,20190607930,Davidson,Nashville,8/15/2019 6:31:00 AM,2,0,0,36.256010,-86.712540,NEELYS BEND RD,,,,77.00,Feet,East,ARGLE AV,,,,0.00,N,Not at Intersection, ,Non-Junction,None,,,         ,Samuel,Kersten,Clear,Front to Rear,no,no,no,no,no,False
102477950,METROPOLITAN NASHVILLE POLICE DEPT,20190607946,Davidson,Nashville,8/15/2019 7:06:00 AM,2,1,0,36.122000,-86.773150,I 65,,,,0.00,,,,,,,80.50,N,Not at Intersection,N,Non-Junction,None,,,         ,Earl,Davis,Clear,Front to Rear,no,no,no,no,no,False
102477951,METROPOLITAN NASHVILLE POLICE DEPT,20190607967,Davidson,Nashville,8/15/2019 7:12:00 AM,2,0,0,36.226980,-86.778580,I 24,,,,0.00,,,,,,,44.65,N,Not at Intersection, ,Non-Junction,None,,,         ,Wesley,Young,Clear,"Sideswipe, Same Direction",no,no,no,no,no,False
102477961,METROPOLITAN NASHVILLE POLICE DEPT,20190608008,Davidson,Nashville,8/15/2019 7:30:00 AM,2,0,0,36.108700,-86.744070,NOLENSVILLE PKE,,,,0.00,,,TANKSLEY AV,,,,0.00,Y,Four-Way, ,Intersection,None,,,         ,Todd,Watson,Clear,Angle,no,no,no,no,no,False
102477966,METROPOLITAN NASHVILLE POLICE DEPT,20190608180,Davidson,Nashville,8/15/2019 8:26:00 AM,2,0,0,36.078750,-86.758660,TROUSDALE DR,,,,275.00,Feet,North,BRIARWOOD DR,,,,0.00,N,Not at Intersection,N,Non-Junction,None,,,         ,Earl,Davis,Clear,"Sideswipe, Same Direction",no,no,no,no,no,False
102477973,VANDERBILT UNIVERSITY POLICE,20190608022,Davidson,Nashville,8/15/2019 6:54:00 AM,2,0,0,36.141030,-86.812730,VANDERBILT PL,,,,0.00,,,,,,,0.00,,Not at Intersection, ,,None,,,         ,Michael,Knupp,,,no,no,no,yes,no,Campus
102477994,METROPOLITAN NASHVILLE POLICE DEPT,20190608178,Davidson,Not in City Limit,8/15/2019 7:50:00 AM,2,0,0,36.272090,-86.688680,ANDERSON LN,,,,258.00,Feet,East,MYATT DR,,,,0.00,N,Not at Intersection, ,Non-Junction,None,,,         ,Samuel,Kersten,Clear,Front to Rear,no,no,no,no,no,False
102477997,METROPOLITAN NASHVILLE POLICE DEPT,20190608065,Davidson,Nashville,8/15/2019 7:53:00 AM,2,0,0,36.219500,-86.762460,DICKERSON PKE,,,,177.00,Feet,South,ALHAMBRA CIR,,,,0.00,N,Not at Intersection, ,Non-Junction,None,,,         ,Nathan,Mayo,Clear,Angle,no,no,no,no,no,False
102478000,METROPOLITAN NASHVILLE POLICE DEPT,20190608201,Davidson,Nashville,8/15/2019 8:48:00 AM,2,1,0,36.110940,-86.745220,THOMPSON LN,,,,0.00,,,NOLENSVILLE PKE,,,,0.00,Y,Four-Way,N,Intersection,None,,,         ,Ian,Hammond,Clear,Front to Rear,no,no,no,no,no,False
102478001,GOODLETTSVILLE POLICE DEPT,19-30579,Davidson,Goodlettsville,8/15/2019 7:05:00 AM,2,0,0,36.300430,-86.711460,I 65,,,,0.00,,,,,,,95.20,N,Not at Intersection,N,Non-Junction,None,,,         ,Charles,Hauskin,Clear,Front to Rear,no,no,no,no,no,False
102478030,METROPOLITAN NASHVILLE POLICE DEPT,20190608283,Davidson,Nashville,8/15/2019 9:13:00 AM,2,0,0,36.082590,-86.813530,HILDRETH DR,,,,200.00,Feet,West,MOUNTAINVIEW DR,,,,0.00,N,Not at Intersection, ,Non-Junction,None,,,         ,Earl,Davis,Clear,"Sideswipe, Opposite Direction",no,no,no,no,no,False
102478034,METROPOLITAN NASHVILLE POLICE DEPT,20190608328,Davidson,Nashville,8/15/2019 9:40:00 AM,2,0,0,36.152950,-86.765510,I 40,,,,0.00,,,,,,,210.65,N,Not at Intersection, ,Non-Junction,None,,,         ,Eric,Burford,Clear,Front to Rear,no,no,no,no,no,False
102478035,METROPOLITAN NASHVILLE POLICE DEPT,20190608210,Davidson,Nashville,8/15/2019 8:50:00 AM,2,0,0,36.052860,-86.775160,I 65,,,,0.00,,,,,,,74.70,N,Not at Intersection, ,Non-Junction,None,,,         ,Justin,Pinkelton,Clear,Front to Rear,no,no,no,no,no,False
102478037,METROPOLITAN NASHVILLE POLICE DEPT,20190608238,Davidson,Nashville,8/15/2019 9:03:00 AM,2,0,0,36.177950,-86.605010,OLD HICKORY BLVD,,,,4.00,Feet,West,I40 E EXT RAMP,,,,0.00,N,Not at Intersection, ,Non-Junction,None,,,         ,Ronald,Bright,Clear,"Sideswipe, Same Direction",no,no,no,no,no,False
102478039,METROPOLITAN NASHVILLE POLICE DEPT,20190608349,Davidson,Nashville,8/15/2019 6:00:00 AM,2,0,0,36.121460,-86.809260,SHARONDALE CT,,,,101.00,Feet,North,SHARONDALE DR,,,,0.00,N,Not at Intersection, ,Non-Junction,None,,,         ,Curtis,Rich,Clear,Rear to Side,no,no,no,no,no,False
102478040,METROPOLITAN NASHVILLE POLICE DEPT,20190608294,Davidson,Nashville,8/15/2019 9:31:00 AM,2,1,0,36.106210,-86.673060,MURFREESBORO PKE,,,,0.00,,,DONELSON PKE,,,,0.00,Y,Four-Way,N,Intersection-Related,None,,,         ,Joshua,Hausman,Clear,Front to Rear,no,no,no,no,no,False
102478051,METROPOLITAN NASHVILLE POLICE DEPT,20190608380,Davidson,Nashville,8/15/2019 10:10:00 AM,3,1,0,36.117060,-86.773470,I 65,,,,0.00,,,,,,,80.25,N,Not at Intersection,N,Non-Junction,None,,,         ,Earl,Davis,Clear,Front to Rear,no,no,no,no,no,False
102478057,METROPOLITAN NASHVILLE POLICE DEPT,20190607902,Davidson,Nashville,8/15/2019 6:19:00 AM,2,0,0,36.082260,-86.697570,I 24,,,,0.00,,,,,,,56.00,N,Not at Intersection, ,Non-Junction,None,,,         ,Jessie,Meadows,Clear,Front to Rear,no,no,no,no,no,False
102478058,METROPOLITAN NASHVILLE POLICE DEPT,20190607959,Davidson,Nashville,8/15/2019 7:10:00 AM,1,1,0,36.008790,-86.693790,CULBERTSON RD,,,,906.00,Feet,North,MILL CREEK LENOX VILLAGE GRNWY,,,,0.00,N,Not at Intersection,N,Non-Junction,None,,,         ,Jessie,Meadows,Clear,Not Collision with Motor Vehicle in Transport,no,no,no,no,no,False
102478072,METROPOLITAN NASHVILLE POLICE DEPT,20190608411,Davidson,Nashville,8/15/2019 10:06:00 AM,2,1,0,36.116350,-86.770300,I440 E ENT RAMP,,,,0.00,,,I 65,,,,0.00,Y,Y-Intersection,Y,Entrance/Exit Ramp Related,Construction Zone,Work On Shoulder Or Median,Unknown,         ,John,Chambers,Cloudy,Front to Rear,no,no,no,no,no,False
102478077,METROPOLITAN NASHVILLE POLICE DEPT,20190608406,Davidson,Nashville,8/15/2019 10:30:00 AM,2,0,0,36.163530,-86.849190,51ST AVN,,,,420.00,Feet,East,CENTENNIAL BLVD,,,,0.00,N,Not at Intersection, ,,None,,,         ,George,Spencer,,,no,no,no,yes,no,False
102478079,METROPOLITAN NASHVILLE POLICE DEPT,20190608455,Davidson,Nashville,8/15/2019 10:50:00 AM,2,0,0,36.147150,-86.807970,US HWY 70S,,,,131.00,Feet,East,25TH AVE S,,,,0.00,N,Not at Intersection, ,Non-Junction,Construction Zone,,,         ,William,Caillouette,Clear,Angle,no,no,no,no,no,Campus
102478083,METROPOLITAN NASHVILLE POLICE DEPT,20190608562,Davidson,Nashville,8/10/2019 11:00:00 AM,2,0,0,36.138560,-86.882920,CHARLOTTE PKE,,,,0.00,,,,,,,0.00,,, ,Non-Junction,None,,,         ,Curtis,Rich,Unknown,Unknown,no,no,no,yes,yes,False
102478092,METROPOLITAN NASHVILLE POLICE DEPT,20190608289,Davidson,Nashville,8/15/2019 9:02:00 AM,2,0,0,36.100160,-86.711280,I 24,,,,0.00,,,,,,,54.55,N,Not at Intersection, ,Non-Junction,None,,,         ,Ryan,Howard,Clear,Angle,no,no,no,no,no,False
102478093,METROPOLITAN NASHVILLE POLICE DEPT,20190608382,Davidson,Nashville,8/15/2019 10:14:00 AM,1,0,0,36.192960,-86.776270,I 24,,,,0.00,,,,,,,46.70,N,Not at Intersection, ,OtherLocation,None,,,         ,Frank,Campbell,Clear,Not Collision with Motor Vehicle in Transport,no,no,no,no,no,False
102478094,METROPOLITAN NASHVILLE POLICE DEPT,20190608441,Davidson,Nashville,8/15/2019 10:42:00 AM,3,2,0,36.151190,-86.750680,I 40,,,,0.00,,,,,,,211.55,N,Not at Intersection,N,Non-Junction,None,,,         ,Michael,Dance,Clear,Front to Rear,no,no,no,no,no,False
102478098,METROPOLITAN NASHVILLE POLICE DEPT,20190608467,Davidson,Nashville,8/15/2019 10:45:00 AM,2,0,0,36.061100,-86.772030,I 65,,,,0.00,,,,,,,75.30,N,Not at Intersection, ,Entrance/Exit Ramp Related,None,,,         ,Justin,Pinkelton,Clear,"Sideswipe, Same Direction",no,no,no,no,no,False
102478114,METROPOLITAN NASHVILLE POLICE DEPT,20190608557,Davidson,Nashville,8/15/2019 11:28:00 AM,1,1,0,36.142650,-86.698890,BRILEY PKWYN,,,,16.00,Feet,South,I40 E ENT RAMP,,,,0.00,N,Not at Intersection,N,Non-Junction,None,,,         ,Michael,Dance,Clear,Not Collision with Motor Vehicle in Transport,no,no,no,no,no,False
102478117,METROPOLITAN NASHVILLE POLICE DEPT,20190608705,Davidson,Nashville,8/15/2019 12:29:00 PM,2,0,0,36.124570,-86.848220,HARDING PKE,,,,230.00,Feet,West,WOODMONT BLVD,,,,0.00,N,Not at Intersection, ,Non-Junction,None,,,         ,Curtis,Rich,Clear,Front to Rear,no,no,no,no,no,False
102478119,VANDERBILT UNIVERSITY POLICE,20190608157,Davidson,Nashville,8/14/2019 12:00:00 AM,2,0,0,36.139270,-86.805910,CHILDRENS WAY,,,,0.00,,,,,,,0.00,,, ,,None,,,         ,Eugene,Kessler,,,no,no,no,yes,no,Campus
102478120,METROPOLITAN NASHVILLE POLICE DEPT,20190608612,Davidson,Nashville,8/15/2019 11:53:00 AM,3,0,0,36.077470,-86.773100,FRANKLIN PKE,,,,0.00,,,TYNE BLVD,,,,0.00,Y,T-Intersection,N,Intersection,None,,,         ,Earl,Davis,Clear,Angle,no,no,no,no,no,False
102478124,METROPOLITAN NASHVILLE POLICE DEPT,20190606588,Davidson,Nashville,8/15/2019 11:44:00 AM,2,0,0,36.135880,-86.725000,SPENCE LN,,,,0.00,,,MURFREESBORO PKE,,,,0.00,Y,Four-Way, ,,None,,,         ,Joshua,Hausman,,,no,no,no,no,no,False
102478126,METROPOLITAN NASHVILLE POLICE DEPT,20190607973,Davidson,Antioch,8/15/2019 7:05:00 AM,2,0,0,36.047840,-86.612050,MT.VIEW RD,,,,0.00,,,MURFREESBORO PKE,,,,0.00,Y,Four-Way, ,,None,,,         ,Nicholas,Carter,,,no,no,no,no,no,False
102478145,METROPOLITAN NASHVILLE POLICE DEPT,20190608661,Davidson,Nashville,8/15/2019 12:10:00 PM,2,0,0,36.131110,-86.897270,I40 E EXT RAMP,,,,0.00,,,CHARLOTTE PKE,,,,0.00,Y,OTHER,N,Intersection-Related,None,,,         ,Walter,Gray II,Clear,Front to Rear,no,no,no,no,no,False
102478146,METROPOLITAN NASHVILLE POLICE DEPT,20190608305,Davidson,Nashville,8/15/2019 8:28:00 AM,2,0,0,36.110020,-86.722060,I 24,,,,0.00,,,,,,,53.70,N,Not at Intersection, ,Entrance/Exit Ramp Related,None,,,         ,Charles,Wakefield,Clear,"Sideswipe, Same Direction",no,no,no,no,no,False
102478149,METROPOLITAN NASHVILLE POLICE DEPT,20190608589,Davidson,Nashville,8/15/2019 11:46:00 AM,2,0,0,36.152120,-86.844200,CHARLOTTE AV,,,,0.00,Feet,East,48TH AVN,,,,0.00,N,Not at Intersection, ,,None,,,         ,Charles,Boles,,,no,no,no,no,no,False
102478151,METROPOLITAN NASHVILLE POLICE DEPT,20190608586,Davidson,Nashville,8/15/2019 11:40:00 AM,2,0,0,36.044970,-86.665340,BELL RD,,,,520.00,Feet,North,CEDAR POINTE PKWY,,,,0.00,N,Not at Intersection, ,Non-Junction,None,,,         ,Gerald,Gomes,Clear,Angle,no,no,no,no,no,False
102478152,METROPOLITAN NASHVILLE POLICE DEPT,20190608136,Davidson,Antioch,8/15/2019 7:01:00 AM,2,0,0,36.016360,-86.620000,OLD HICKORY BLVD,,,,180.00,Feet,South,FIRESTONE PKWY,,,,0.00,N,Not at Intersection, ,Non-Junction,None,,,         ,Jessie,Meadows,Clear,"Sideswipe, Same Direction",no,no,no,no,no,False
102478153,METROPOLITAN NASHVILLE POLICE DEPT,20190608218,Davidson,Nashville,8/15/2019 8:28:00 AM,2,0,0,36.071260,-86.636410,BELL RD,,,,231.00,Feet,South,MURFREESBORO PKE,,,,0.00,N,Not at Intersection, ,Non-Junction,None,,,         ,Jessie,Meadows,Clear,"Sideswipe, Same Direction",no,no,no,no,no,False