master_record_number,agency,agency_tracking_number,county,city,collision_date,vehicles_involved,number_injured,number_dead,latitude,longitude,roadway_name,roadway_suffix,roadway_number,roadway_local_id,distance_from_reference,miles-feet_indicator,direction_from_reference,intersection_road_name,intersection_road_name_suffix,intersection_road_number,intersection_local_id,mile_marker,intersection_indicator,intersect_type,interchange_related_indicator,relation_to_junction,work_zone_type,construction_maintenance_zone,construction_maintenance_zone_location,fatal_case_number,officer_first_name,officer_last_name,weather_condition(s),manner_of_crash,pedestrian,bicycle,scooter,parking,hitrun,mou
102480869,METROPOLITAN NASHVILLE POLICE DEPT,20190615596,Davidson,Nashville,8/18/2019 6:07:00 AM,1,1,0,36.170820,-86.652920,LEBANON PKE,,,,86.00,Feet,West,RIVERCREST PASS,,,,0.00,N,Not at Intersection,N,Non-Junction,None,,,         ,Joshua,Dale,Clear,Not Collision with Motor Vehicle in Transport,no,no,no,no,no,False
102480899,METROPOLITAN NASHVILLE POLICE DEPT,20190615763,Davidson,Nashville,8/18/2019 8:14:00 AM,1,0,0,36.047500,-86.648100,MOUNT VIEW RD,,,,157.00,Feet,North,BELL FORGE LN E,,,,0.00,N,Not at Intersection,N,Non-Junction,None,,,         ,Amy,Hirschmann,Clear,Not Collision with Motor Vehicle in Transport,no,no,no,no,no,False
102480909,METROPOLITAN NASHVILLE POLICE DEPT,20190615806,Davidson,Nashville,8/18/2019 8:45:00 AM,2,0,0,36.067410,-86.631250,MURFREESBORO PKE,,,,0.00,,,FOREST VIEW DR,,,,0.00,Y,Four-Way, ,Intersection,None,,,         ,Jason,Kedzierski,Clear,Front to Rear,no,no,no,no,no,False
102480951,METROPOLITAN NASHVILLE POLICE DEPT,20190615855,Davidson,Nashville,8/18/2019 9:19:00 AM,2,1,0,36.139500,-86.700200,KNIGHTS OF COLUMBUS BLVD,,,,0.00,,,I40 E ENT RAMP,,,,0.00,Y,Four-Way,N,Intersection,None,,,         ,Samuel,Fredericks,Clear,Front to Rear,no,no,no,no,no,False
102480969,METROPOLITAN NASHVILLE POLICE DEPT,20190615935,Davidson,Nashville,8/18/2019 10:20:00 AM,2,0,0,36.044770,-86.661530,BELL RD,,,,0.00,,,CANE RIDGE RD,,,,0.00,Y,Four-Way, ,,None,,,         ,Stanley,Collins,,,no,no,no,no,no,False
102480993,METROPOLITAN NASHVILLE POLICE DEPT,20190615991,Davidson,Nashville,8/18/2019 11:23:00 AM,2,0,0,36.172520,-86.595400,CENTRAL PKE,,,,86.00,Feet,West,TULIP GROVE RD,,,,0.00,N,Not at Intersection, ,Non-Junction,None,,,         ,Michael,Brooks,Clear,Front to Rear,no,no,no,no,no,False
102481017,METROPOLITAN NASHVILLE POLICE DEPT,20190615988,Davidson,Nashville,8/18/2019 10:58:00 AM,1,1,0,36.083860,-86.628370,BELL RD,,,,0.00,,,,,,,0.00,,,N,Non-Junction,None,,,         ,Richard,Luellen,Clear,Not Collision with Motor Vehicle in Transport,no,no,no,no,no,False
102481035,METROPOLITAN NASHVILLE POLICE DEPT,20190616078,Davidson,Nashville,8/18/2019 12:00:00 AM,2,0,0,36.180340,-86.755980,MARINA ST,,,,87.00,Feet,East,HART AV,,,,0.00,N,Not at Intersection,N,Non-Junction,None,,,         ,Nathan,Mayo,Unknown,Unknown,no,no,no,no,yes,False
102481073,METROPOLITAN NASHVILLE POLICE DEPT,20190615983,Davidson,Nashville,8/18/2019 10:57:00 AM,2,0,0,36.176750,-86.772450,I 24,,,,0.00,,,,,,,47.95,N,Not at Intersection,N,Non-Junction,None,,,         ,Joseph,Progar,Clear,Front to Rear,no,no,no,no,yes,False
102481079,METROPOLITAN NASHVILLE POLICE DEPT,20190616101,Davidson,Nashville,8/18/2019 11:11:00 AM,2,0,0,36.204500,-86.584680,HIDDEN HILL DR,,,,520.00,Feet,South,LEESA ANN LN,,,,0.00,N,Not at Intersection,N,Non-Junction,None,,,         ,Michael,Brooks,Unknown,Unknown,no,no,no,no,yes,False
102481086,METROPOLITAN NASHVILLE POLICE DEPT,20190610700,Davidson,Nashville,8/16/2019 7:45:00 AM,2,0,0,36.074090,-86.922730,HIGHWAY 70S,,,,170.00,Feet,East,OLD HARDING PKE,,,,0.00,N,Not at Intersection, ,Non-Junction,None,,,         ,Terrence,Bradley,Clear,Front to Rear,no,no,no,no,no,False
102481123,METROPOLITAN NASHVILLE POLICE DEPT,20190616085,Davidson,Nashville,8/18/2019 11:15:00 AM,2,0,0,36.215120,-86.597670,LEBANON PKE,,,,0.00,,,ANDREW JACKSON PKWY,,,,0.00,Y,Four-Way, ,Intersection,None,,,         ,Michael,Parman,Clear,Angle,no,no,no,no,no,False
102481127,METROPOLITAN NASHVILLE POLICE DEPT,20190616182,Davidson,Nashville,8/18/2019 1:09:00 PM,2,1,0,36.082780,-86.628700,MOSSDALE DR,,,,0.00,,,BELL RD,,,,0.00,Y,Four-Way,N,Intersection,None,,,         ,Richard,Luellen,Clear,HeadOn,no,no,no,no,no,False
102481150,METROPOLITAN NASHVILLE POLICE DEPT,20190616179,Davidson,Nashville,8/18/2019 12:00:00 AM,2,0,0,36.146040,-86.759060,TRIMBLE ST,,,,201.00,Feet,West,FAIRFIELD AV,,,,0.00,N,Not at Intersection,N,Non-Junction,None,,,         ,Charles,Wakefield,Clear,Angle,no,no,no,no,yes,False
102481152,METROPOLITAN NASHVILLE POLICE DEPT,20190616117,Davidson,Nashville,8/18/2019 12:45:00 PM,2,1,0,36.172140,-86.592580,CENTRAL PKE,,,,278.00,Feet,West,VALLEY GROVE DR,,,,0.00,N,Not at Intersection,N,Non-Junction,None,,,         ,Cassandra,Del Bosco,Clear,Front to Rear,no,no,no,no,no,False
102481168,METROPOLITAN NASHVILLE POLICE DEPT,20190616197,Davidson,Nashville,8/18/2019 12:48:00 PM,2,0,0,36.190320,-86.614940,OLD HICKORY BLVD,,,,219.00,Feet,South,OLD LEBANON DIRT RD,,,,0.00,N,Not at Intersection,N,Non-Junction,None,,,         ,Samuel,Fredericks,Clear,Front to Rear,no,no,no,no,no,False
102481209,METROPOLITAN NASHVILLE POLICE DEPT,20190616238,Davidson,Nashville,8/18/2019 2:39:00 PM,1,0,0,36.139210,-86.890000,6585 CABOT DR,,,,2.00,Feet,South,CABOT DR,,,,0.00,N,Not at Intersection, ,Non-Junction,None,,,         ,Jeremy,Huffine,Clear,Not Collision with Motor Vehicle in Transport,no,no,no,yes,no,False
102481242,METROPOLITAN NASHVILLE POLICE DEPT,20190616276,Davidson,Nashville,8/18/2019 12:12:00 PM,2,0,0,36.100750,-86.818360,OVERHILL DR,,,,131.00,Feet,East,HILLSBORO PKE,,,,0.00,N,Not at Intersection, ,,None,,,         ,Heather,Fox,,,no,no,no,no,no,False
102481244,METROPOLITAN NASHVILLE POLICE DEPT,20190616251,Davidson,Nashville,8/18/2019 1:45:00 PM,2,0,0,36.172380,-86.807830,DR D B TODD JR BLVD,,,,0.00,,,KNOWLES ST,,,,0.00,Y,Four-Way, ,Intersection,None,,,         ,Luke,Steigerwalt,Clear,Angle,no,no,no,no,no,False
102481246,METROPOLITAN NASHVILLE POLICE DEPT,20190616259,Davidson,Not in City Limit,8/18/2019 2:55:00 PM,1,0,0,36.293850,-86.746240,CAMPBELL RD,,,,144.00,Feet,West,BIRDWELL DR,,,,0.00,N,Not at Intersection,N,Non-Junction,None,,,         ,Robert,Leverick,Clear,Not Collision with Motor Vehicle in Transport,no,no,no,no,no,False
102481248,METROPOLITAN NASHVILLE POLICE DEPT,20190616343,Davidson,Nashville,8/18/2019 3:15:00 PM,2,0,0,36.168330,-86.656920,LEBANON PKE,,,,19.00,Feet,West,MUNN RD,,,,0.00,N,Not at Intersection, ,,None,,,         ,Jason,Milyaro Lucas,,,no,no,no,no,no,False
102481255,METROPOLITAN NASHVILLE POLICE DEPT,20190616248,Davidson,Nashville,8/18/2019 12:10:00 PM,2,0,0,36.253480,-86.716610,GALLATIN PKES,,,,108.00,Feet,North,MADISON SQ,,,,0.00,N,Not at Intersection, ,Non-Junction,None,,,         ,Andrew,Ramirez,Clear,Front to Rear,no,no,no,no,no,False
102481260,METROPOLITAN NASHVILLE POLICE DEPT,20190614236,Davidson,Nashville,8/17/2019 5:20:00 PM,1,1,0,36.211350,-86.797400,WHITES CREEK PKE,,,,76.00,Feet,South,E NOCTURNE DR,,,,0.00,N,Not at Intersection,N,Non-Junction,None,,,         ,Peter,Kinsey,Clear,Not Collision with Motor Vehicle in Transport,no,no,no,no,no,False
102481261,METROPOLITAN NASHVILLE POLICE DEPT,20190616308,Davidson,Nashville,8/18/2019 12:00:00 AM,2,0,0,36.165520,-86.781010,DEADERICK ST,,,,101.00,Feet,East,NATIONSBANK PLZ,,,,0.00,N,Not at Intersection,N,Non-Junction,None,,,         ,Brent,Morris,Clear,Front to Rear,no,no,no,no,yes,False
102481262,METROPOLITAN NASHVILLE POLICE DEPT,20190616246,Davidson,Nashville,8/18/2019 1:34:00 PM,2,0,0,36.064790,-86.628480,HAMILTON CHURCH RD,,,,0.00,,,MURFREESBORO PKE,,,,0.00,Y,Four-Way, ,Intersection,None,,,         ,Laura,Williams,Clear,Angle,no,no,no,no,no,False
102481266,METROPOLITAN NASHVILLE POLICE DEPT,20190616283,Davidson,Nashville,8/18/2019 2:46:00 PM,1,0,0,36.184200,-86.599200,MARKET SQ,,,,65.00,Feet,West,JACKSONS VALLEY RD,,,,0.00,N,Not at Intersection, ,Non-Junction,None,,,         ,Tony,Mingsing,Clear,Not Collision with Motor Vehicle in Transport,no,no,no,no,no,False
102481268,METROPOLITAN NASHVILLE POLICE DEPT,20190616359,Davidson,Nashville,8/18/2019 3:40:00 PM,2,0,0,36.195750,-86.721240,PORTER RD,,,,217.00,Feet,East,SHERWOOD LN,,,,0.00,N,Not at Intersection, ,Non-Junction,None,,,         ,Jessica,Scott,Clear,Angle,no,no,no,no,no,False
102481291,METROPOLITAN NASHVILLE POLICE DEPT,20190616316,Davidson,Nashville,8/17/2019 7:32:00 PM,2,0,0,36.188090,-86.740890,SHARPE AV,,,,326.00,Feet,West,N 16TH ST,,,,0.00,N,Not at Intersection,N,Non-Junction,None,,,         ,Gordon,Stovall,Cloudy,"Sideswipe, Same Direction",no,no,no,no,yes,False
102481294,METROPOLITAN NASHVILLE POLICE DEPT,20190616365,Davidson,Nashville,8/18/2019 3:45:00 PM,2,0,0,36.125380,-86.742390,GLENROSE AV,,,,0.00,Feet,East,FOSTER AV,,,,0.00,N,Not at Intersection, ,Non-Junction,None,,,         ,Arend,Groeneweg,Clear,Angle,no,no,no,no,yes,False
102481295,METROPOLITAN NASHVILLE POLICE DEPT,20190616368,Davidson,Nashville,8/18/2019 3:52:00 PM,2,0,0,36.152240,-86.625070,BELL RD,,,,0.00,Feet,,STEWARTS FERRY PKE,,,,0.00,Y,Four-Way,N,Non-Junction,None,,,         ,Deandera,Payne,Clear,Angle,no,no,no,no,no,False
102481327,METROPOLITAN NASHVILLE POLICE DEPT,20190616455,Davidson,Not in City Limit,8/18/2019 4:48:00 PM,1,0,0,36.076350,-86.982560,I 40,,,,0.00,,,,,,,194.70,N,Not at Intersection,N,Non-Junction,None,,,         ,Adam,Reese,Clear,Not Collision with Motor Vehicle in Transport,no,no,no,no,no,False
102481340,METROPOLITAN NASHVILLE POLICE DEPT,20190616524,Davidson,Nashville,8/18/2019 5:32:00 PM,2,0,0,36.155010,-86.627110,STEWARTS FERRY PKE,,,,0.00,Feet,East,I40 E EXT RAMP,,,,0.00,N,Not at Intersection, ,Non-Junction,None,,,         ,Deandera,Payne,Clear,Front to Rear,no,no,no,no,no,False
102481344,METROPOLITAN NASHVILLE POLICE DEPT,20190616437,Davidson,Not in City Limit,8/18/2019 5:44:00 PM,2,0,0,36.273720,-86.710010,GALLATIN PKEN,,,,102.00,Feet,North,ANDERSON LN,,,,0.00,N,Not at Intersection, ,,None,,,         ,Bradley,Campbell,,,no,no,no,no,no,False
102481347,METROPOLITAN NASHVILLE POLICE DEPT,20190616419,Davidson,Nashville,8/18/2019 4:25:00 PM,3,1,0,36.068790,-86.693940,APACHE TRL,,,,105.00,Feet,North,HAYWOOD SQUARE PVTDR,,,,0.00,N,Not at Intersection,N,Non-Junction,None,,,         ,Taylor,Hurley,Clear,Front to Rear,no,no,no,no,no,False
102481356,METROPOLITAN NASHVILLE POLICE DEPT,20190616560,Davidson,Nashville,8/18/2019 12:00:00 AM,2,0,0,36.152970,-86.808380,PATTERSON ST,,,,230.00,Feet,West,23RD AVN,,,,0.00,N,Not at Intersection,N,OtherLocation,None,,,         ,David,Lang,Clear,Unknown,no,no,no,no,yes,False
102481375,METROPOLITAN NASHVILLE POLICE DEPT,20190616360,Davidson,Nashville,8/18/2019 1:31:00 PM,2,0,0,36.254380,-86.774200,BROOKWAY DR,,,,430.00,Feet,North,WESTCHESTER DR,,,,0.00,N,Not at Intersection, ,Non-Junction,None,,,         ,Jacob,Krispin,Clear,Rear to Rear,no,no,no,no,no,False
102481377,METROPOLITAN NASHVILLE POLICE DEPT,20190616512,Davidson,Nashville,8/18/2019 5:07:00 PM,2,0,0,36.041620,-86.749210,STATE HWY 254,,,,0.00,,,HILL RD,,,,0.00,Y,T-Intersection, ,Intersection,None,,,         ,David,Robberson,Clear,Front to Rear,no,no,no,no,no,False
102481403,METROPOLITAN NASHVILLE POLICE DEPT,20190616711,Davidson,Nashville,8/18/2019 6:35:00 PM,2,0,0,36.047440,-86.692990,BROOK VIEW ESTATES DR,,,,0.00,Feet,,JANICE DR,,,,0.00,Y,Four-Way, ,Intersection,None,,,         ,Laura,Williams,Clear,Angle,no,no,no,no,yes,False
102481411,METROPOLITAN NASHVILLE POLICE DEPT,20190616682,Davidson,Nashville,8/18/2019 6:55:00 PM,3,0,0,36.074480,-86.920940,OLD HICKORY BLVD,,,,0.00,,,HIGHWAY 70S,,,,0.00,Y,Four-Way,N,Intersection-Related,None,,,         ,Adam,Reese,Clear,Angle,no,no,no,no,no,False
102481420,METROPOLITAN NASHVILLE POLICE DEPT,20190616764,Davidson,Nashville,8/18/2019 8:00:00 PM,2,1,0,36.146740,-86.694640,BRILEY PKWY S EXT RAMP,,,,0.00,Feet,East,BRILEY PKWYS,,,,0.00,N,Not at Intersection,N,Non-Junction,None,,,         ,Samuel,Sundra,Clear,"Sideswipe, Same Direction",no,no,no,no,yes,False
102481437,METROPOLITAN NASHVILLE POLICE DEPT,20190616712,Davidson,Nashville,8/18/2019 7:22:00 PM,2,1,0,36.099270,-86.764120,I 65,,,,0.00,,,,,,,79.00,N,Not at Intersection,N,Non-Junction,None,,,         ,John,Chambers,Clear,Front to Rear,no,no,no,no,no,False
102481444,METROPOLITAN NASHVILLE POLICE DEPT,20190616758,Davidson,Not in City Limit,8/18/2019 7:55:00 PM,1,0,0,36.343000,-86.871810,WHITES CREEK PKE,,,,1695.00,Feet,South,GREENBRIER RD,,,,0.00,N,Not at Intersection, ,,None,,,         ,Tyler,Geiger,,,no,no,no,no,no,False
102481445,METROPOLITAN NASHVILLE POLICE DEPT,20190616541,Davidson,Nashville,8/18/2019 5:31:00 PM,2,0,0,36.176180,-86.794700,TAYLOR ST,,,,171.00,Feet,North,9TH AVN,,,,0.00,N,Not at Intersection,N,OtherLocation,None,,,         ,Amery,Milligan,Clear,Other,no,no,no,yes,yes,False
102481446,METROPOLITAN NASHVILLE POLICE DEPT,20190616265,Davidson,Not in City Limit,8/18/2019 2:57:00 PM,1,2,0,36.278940,-86.771020,DALEMERE DR,,,,383.00,Feet,East,STATE HWY 45,,,,0.00,N,Not at Intersection,N,Non-Junction,None,,,         ,Mary,Robinson,Clear,Not Collision with Motor Vehicle in Transport,no,no,no,no,no,False
102481457,METROPOLITAN NASHVILLE POLICE DEPT,20190616845,Davidson,Nashville,8/18/2019 8:57:00 PM,2,1,0,36.045040,-86.649010,CROSSINGS BLVD,,,,62.00,Feet,East,CROSSINGS PL,,,,0.00,N,Not at Intersection, ,Non-Junction,None,,,         ,YUNUS,ADAK,Clear,Front to Rear,no,no,no,no,no,False
102481472,METROPOLITAN NASHVILLE POLICE DEPT,20190616556,Davidson,Nashville,8/18/2019 5:24:00 PM,2,1,0,36.158810,-86.846330,49TH AVN,,,,0.00,,,MICHIGAN AV,,,,0.00,Y,Four-Way,N,Intersection,None,,,         ,Molly,Page,Clear,Angle,no,no,no,no,no,False
102481488,METROPOLITAN NASHVILLE POLICE DEPT,20190616828,Davidson,Nashville,8/18/2019 8:40:00 PM,2,0,0,36.133290,-86.768840,WEDGEWOOD AV,,,,0.00,Feet,West,BRANSFORD AV,,,,0.00,N,Not at Intersection,N,Non-Junction,None,,,         ,Conor,Cronin,Clear,Front to Rear,no,no,no,no,no,False
102481527,METROPOLITAN NASHVILLE POLICE DEPT,20190616803,Davidson,Nashville,8/18/2019 8:24:00 PM,2,0,0,36.188340,-86.742860,SHARPE AV,,,,0.00,,,N 14TH ST,,,,0.00,Y,Four-Way, ,Intersection-Related,None,,,         ,Trevor,Jones,Clear,Angle,no,no,no,no,no,False
102481535,METROPOLITAN NASHVILLE POLICE DEPT,20190616883,Davidson,Nashville,8/18/2019 9:25:00 PM,2,2,0,36.144100,-86.873100,CHARLOTTE PKE,,,,0.00,,,WATTS LN,,,,0.00,Y,T-Intersection,N,Intersection,None,,,         ,Robert,Crow,Clear,Front to Rear,no,no,no,no,yes,False
102481579,METROPOLITAN NASHVILLE POLICE DEPT,20190616867,Davidson,Nashville,8/18/2019 9:25:00 PM,1,0,0,36.101930,-86.763740,I65 N ENT RAMP,,,,0.00,,,I 65,,,,0.00,Y,Y-Intersection,Y,Entrance/Exit Ramp Related,None,,,         ,John,Chambers,Clear,Not Collision with Motor Vehicle in Transport,no,no,no,no,no,False
102481589,METROPOLITAN NASHVILLE POLICE DEPT,20190616956,Davidson,Nashville,8/18/2019 9:40:00 PM,1,0,0,36.077850,-86.695150,I 24,,,,0.00,,,,,,,56.35,N,Not at Intersection,N,Non-Junction,None,,,         ,Alex,DiBernardo,Clear,Not Collision with Motor Vehicle in Transport,no,no,no,no,no,False
102481590,METROPOLITAN NASHVILLE POLICE DEPT,20190616914,Davidson,Nashville,8/18/2019 10:15:00 PM,2,0,0,36.079120,-86.709140,WALLACE RD,,,,0.00,Feet,,TAMPA DR,,,,0.00,Y,T-Intersection,N,Intersection-Related,None,,,         ,Devonte,Coleman,Clear,Angle,no,no,no,no,no,False
102481592,METROPOLITAN NASHVILLE POLICE DEPT,20190616966,Davidson,Nashville,8/18/2019 8:05:00 PM,2,0,0,36.160720,-86.796000,CAPITOL PT,,,,260.00,Feet,East,16TH AVN,,,,0.00,N,Not at Intersection, ,,None,,,         ,Brandon,Simpkins,,,no,no,no,no,no,False
102481601,METROPOLITAN NASHVILLE POLICE DEPT,20190616930,Davidson,Nashville,8/18/2019 10:31:00 PM,2,3,0,36.105990,-86.673180,DONELSON PKE,,,,85.00,Feet,South,MURFREESBORO PKE,,,,0.00,N,Not at Intersection,N,Non-Junction,None,,,         ,Deandera,Payne,Clear,Angle,no,no,no,no,yes,False
102481615,METROPOLITAN NASHVILLE POLICE DEPT,20190617010,Davidson,Nashville,8/18/2019 9:40:00 PM,2,0,0,36.169190,-86.809620,21ST AVN,,,,38.00,Feet,North,JEFFERSON ST,,,,0.00,N,Not at Intersection,N,Non-Junction,None,,,         ,Bobby,Samuels,Clear,"Sideswipe, Same Direction",no,no,no,no,yes,False
102481621,METROPOLITAN NASHVILLE POLICE DEPT,20190616926,Davidson,Nashville,8/18/2019 10:25:00 PM,1,0,0,36.154990,-86.779340,8TH AVS,,,,68.00,Feet,West,KOREAN VETERANS BLVD,,,,0.00,N,Not at Intersection,N,Non-Junction,None,,,         ,Brenna,Hosey,Clear,Not Collision with Motor Vehicle in Transport,no,no,no,no,yes,False
102481626,METROPOLITAN NASHVILLE POLICE DEPT,20190617161,Davidson,Nashville,8/19/2019 12:24:00 AM,2,0,0,36.147240,-86.743650,I 40,,,,0.00,,,,,,,212.00,N,Not at Intersection,N,Non-Junction,None,,,         ,Tyler,Manivong,Clear,Front to Rear,no,no,no,no,yes,False
102481654,METROPOLITAN NASHVILLE POLICE DEPT,20190617210,Davidson,Nashville,8/18/2019 11:15:00 PM,1,0,0,36.188990,-86.593280,TULIP GROVE RD,,,,57.00,Feet,South,OLD LEBANON DIRT RD,,,,0.00,N,Not at Intersection,N,Non-Junction,None,,,         ,Joshua,Dale,Clear,Not Collision with Motor Vehicle in Transport,no,no,no,no,no,False
102481655,METROPOLITAN NASHVILLE POLICE DEPT,20190616964,Davidson,Nashville,8/18/2019 10:44:00 PM,2,0,0,36.183450,-86.744900,N 14TH ST,,,,4.00,Feet,North,EASTLAND AV,,,,0.00,N,Not at Intersection,N,Non-Junction,None,,,         ,Andrew,Richey,Clear,Angle,no,no,no,no,no,False
102481656,METROPOLITAN NASHVILLE POLICE DEPT,20190616933,Davidson,Nashville,8/18/2019 10:35:00 PM,1,1,0,36.157610,-86.759840,I 24,,,,0.00,,,,,,,49.60,N,Not at Intersection,Y,Entrance/Exit Ramp Related,None,,,         ,Eric,Cunningham,Clear,Not Collision with Motor Vehicle in Transport,no,no,no,no,no,False
102481671,METROPOLITAN NASHVILLE POLICE DEPT,20190617258,Davidson,Goodlettsville,8/19/2019 1:38:00 AM,1,0,0,36.292550,-86.733990,CAMPBELL RD,,,,98.00,Feet,West,DICKERSON PKES,,,,0.00,N,Not at Intersection,N,Non-Junction,None,,,         ,Kaleigh,Pearce,Clear,Not Collision with Motor Vehicle in Transport,no,no,no,no,yes,False
102481691,METROPOLITAN NASHVILLE POLICE DEPT,20190617182,Davidson,Nashville,8/19/2019 12:17:00 AM,2,0,0,36.086250,-86.699300,HARDING PL,,,,196.00,Feet,West,I24 W ENT RAMP,,,,0.00,N,Not at Intersection,Y,Entrance/Exit Ramp Related,None,,,         ,Teresah,Pinho,Clear,"Sideswipe, Same Direction",no,no,no,no,no,False
102481715,METROPOLITAN NASHVILLE POLICE DEPT,20190617353,Davidson,Nashville,8/19/2019 2:17:00 AM,1,1,0,36.134170,-86.726760,I 24,,,,0.00,,,,,,,52.10,N,Not at Intersection,N,Non-Junction,None,,,         ,Douglas,Meringer,Clear,Not Collision with Motor Vehicle in Transport,no,no,no,no,no,False
102481777,METROPOLITAN NASHVILLE POLICE DEPT,20190617796,Davidson,Nashville,8/19/2019 7:15:00 AM,2,0,0,36.152200,-86.791370,DIVISION ST,,,,0.00,,,DEMONBREUN ST,,,,0.00,Y,Roundabout,N,Non-Junction,None,,,         ,Gregory,Scott,Clear,"Sideswipe, Same Direction",no,no,no,no,yes,False
102481791,METROPOLITAN NASHVILLE POLICE DEPT,20190612646,Davidson,Nashville,8/16/2019 10:13:00 PM,2,0,0,36.161520,-86.776010,BROADWAY,,,,15.00,Feet,West,3RD AVN,,,,0.00,N,Not at Intersection, ,Non-Junction,None,,,         ,Cody,O'Quinn,Clear,Other,no,no,no,no,no,False
102481811,METROPOLITAN NASHVILLE POLICE DEPT,20190617962,Davidson,Nashville,8/19/2019 8:25:00 AM,2,0,0,36.172870,-86.800450,I 40,,,,0.00,,,,,,,207.80,N,Not at Intersection, ,Non-Junction,None,,,         ,Jerica,Gladston,Clear,Front to Rear,no,no,no,no,yes,False
102481815,METROPOLITAN NASHVILLE POLICE DEPT,20190617954,Davidson,Nashville,8/19/2019 7:53:00 AM,2,0,0,36.143160,-86.685380,I 40,,,,0.00,,,,,,,215.55,N,Not at Intersection,N,Non-Junction,None,,,         ,Michael,Dance,Clear,Front to Rear,no,no,no,no,no,False
102481817,METROPOLITAN NASHVILLE POLICE DEPT,20190617895,Davidson,Nashville,8/19/2019 7:59:00 AM,2,0,0,36.170160,-86.594990,I 40,,,,0.00,,,,,,,221.20,N,Not at Intersection, ,,None,,,         ,Michael,Parman,,,no,no,no,no,no,False
102481819,METROPOLITAN NASHVILLE POLICE DEPT,20190617923,Davidson,Nashville,8/19/2019 8:20:00 AM,4,0,0,36.048920,-86.868620,OLD HICKORY BLVD,,,,341.00,Feet,East,CHICKERING MEADOW,,,,0.00,N,Not at Intersection,N,Non-Junction,None,,,         ,Curtis,Rich,Clear,Front to Rear,no,no,no,no,no,False
102481826,METROPOLITAN NASHVILLE POLICE DEPT,20190617866,Davidson,Nashville,8/19/2019 7:51:00 AM,2,0,0,36.029160,-86.744040,EDMONDSON PKE,,,,98.00,Feet,South,CLOVERLAND DR,,,,0.00,N,Not at Intersection, ,Non-Junction,None,,,         ,Ian,Hammond,Clear,Front to Rear,no,no,no,no,no,False
102481827,METROPOLITAN NASHVILLE POLICE DEPT,20190617932,Davidson,Nashville,8/19/2019 8:09:00 AM,2,0,0,36.033030,-86.773490,CHURCH STE,,,,58.00,Feet,West,PLUM ORCHARD DR,,,,0.00,N,Not at Intersection, ,Non-Junction,None,,,         ,Ian,Hammond,Clear,Front to Rear,no,no,no,no,no,False
102481873,METROPOLITAN NASHVILLE POLICE DEPT,20190618054,Davidson,Nashville,8/19/2019 9:02:00 AM,2,0,0,36.161600,-86.791760,CHARLOTTE AV,,,,0.00,,,12TH AVN,,,,0.00,Y,Four-Way,N,Intersection,None,,,         ,James,Hill,Clear,Angle,no,no,no,no,no,False
102481874,GOODLETTSVILLE POLICE DEPT,19-31241,Davidson,Goodlettsville,8/19/2019 8:24:00 AM,2,0,0,36.328100,-86.714590,N MAIN ST,,,,0.00,,,NEW BRICK CHURCH PKE,,,,0.00,Y,Four-Way,N,Intersection-Related,None,,,         ,William,Hunter,Clear,Angle,no,no,no,no,no,False
102481885,METROPOLITAN NASHVILLE POLICE DEPT,20190618089,Davidson,Nashville,8/19/2019 8:30:00 AM,2,0,0,36.106760,-86.719120,I 24,,,,0.00,,,,,,,54.00,N,Not at Intersection, ,Entrance/Exit Ramp Related,None,,,         ,Todd,Watson,Clear,"Sideswipe, Same Direction",no,no,no,no,no,False
102481911,METROPOLITAN NASHVILLE POLICE DEPT,20190618169,Davidson,Nashville,8/19/2019 10:10:00 AM,1,0,0,36.220350,-86.625210,CONWAY PL,,,,149.00,Feet,East,CONWAY CT,,,,0.00,N,Not at Intersection,N,Non-Junction,None,,,         ,Michael,Dance,Clear,Not Collision with Motor Vehicle in Transport,no,no,no,no,yes,False
102481912,METROPOLITAN NASHVILLE POLICE DEPT,20190617824,Davidson,Nashville,8/19/2019 7:33:00 AM,2,0,0,36.205000,-86.777850,BRICK CHURCH PKE,,,,123.00,Feet,South,I65 S ENT RAMP,,,,0.00,N,Not at Intersection, ,,None,,,         ,Fabjan,Llukaj,,,no,no,no,no,no,False
102481913,METROPOLITAN NASHVILLE POLICE DEPT,20190618066,Davidson,Nashville,8/19/2019 8:55:00 AM,2,0,0,36.207400,-86.777810,BRICK CHURCH PKE,,,,56.00,Feet,South,I65 S EXT RAMP,,,,0.00,N,Not at Intersection, ,Non-Junction,None,,,         ,Fabjan,Llukaj,Clear,"Sideswipe, Same Direction",no,no,no,no,yes,False
102481914,METROPOLITAN NASHVILLE POLICE DEPT,20190617958,Davidson,Nashville,8/19/2019 8:22:00 AM,2,0,0,36.209450,-86.776100,I 65,,,,0.00,,,,,,,87.55,N,Not at Intersection,N,Non-Junction,None,,,         ,Fabjan,Llukaj,Clear,Front to Rear,no,no,no,no,no,False
102481920,METROPOLITAN NASHVILLE POLICE DEPT,20190618177,Davidson,Nashville,8/19/2019 10:18:00 AM,1,1,0,36.179570,-86.762910,ELLINGTON PKWYS,,,,596.00,Feet,North,SPRING ST ENT RAMP,,,,0.00,N,Not at Intersection,N,Non-Junction,None,,,         ,Russell,Freeman,Clear,Not Collision with Motor Vehicle in Transport,no,no,no,no,no,False