master_record_number,agency,agency_tracking_number,county,city,collision_date,vehicles_involved,number_injured,number_dead,latitude,longitude,roadway_name,roadway_suffix,roadway_number,roadway_local_id,distance_from_reference,miles-feet_indicator,direction_from_reference,intersection_road_name,intersection_road_name_suffix,intersection_road_number,intersection_local_id,mile_marker,intersection_indicator,intersect_type,interchange_related_indicator,relation_to_junction,work_zone_type,construction_maintenance_zone,construction_maintenance_zone_location,fatal_case_number,officer_first_name,officer_last_name,weather_condition(s),manner_of_crash,pedestrian,bicycle,scooter,parking,hitrun,mou
102481922,METROPOLITAN NASHVILLE POLICE DEPT,20190617576,Davidson,Nashville,8/19/2019 3:17:00 AM,1,1,0,36.078620,-86.669970,FRANKLIN LIMESTONE RD,,,,132.00,Feet,North,BILLINGSGATE RD,,,,0.00,N,Not at Intersection,N,Non-Junction,None,,,         ,Teresah,Pinho,Clear,Not Collision with Motor Vehicle in Transport,no,no,no,no,no,False
102481926,METROPOLITAN NASHVILLE POLICE DEPT,20190618011,Davidson,Nashville,8/19/2019 8:30:00 AM,2,0,0,36.153750,-86.721140,LEBANON PKE,,,,125.00,Feet,East,SPENCE LN,,,,0.00,N,Not at Intersection, ,Non-Junction,None,,,         ,Gerry,Hutcheson,Clear,Angle,no,no,no,no,no,False
102481927,METROPOLITAN NASHVILLE POLICE DEPT,20190618201,Davidson,Nashville,8/19/2019 10:20:00 AM,2,0,0,36.136770,-86.799630,BELCOURT AV,,,,51.00,Feet,West,20TH AVS,,,,0.00,N,Not at Intersection, ,,None,,,         ,Gregory,Scott,,,no,no,no,no,no,False
102481934,VANDERBILT UNIVERSITY POLICE,2019-0618060,Davidson,Nashville,8/19/2019 12:00:00 AM,2,0,0,36.139970,-86.803970,PIERCE AV,,,,349.00,Feet,East,24TH AVS,,,,0.00,N,Not at Intersection, ,OtherLocation,None,,,         ,Devon,Ross,Clear,Rear to Rear,no,no,no,yes,yes,Campus
102481935,METROPOLITAN NASHVILLE POLICE DEPT,20190618259,Davidson,Nashville,8/19/2019 10:37:00 AM,2,0,0,36.155400,-86.811530,CHARLOTTE AV,,,,162.00,Feet,East,25TH AVN,,,,0.00,N,Not at Intersection,N,Non-Junction,None,,,         ,Wesley,Young,Clear,Angle,no,no,no,no,yes,False
102481936,METROPOLITAN NASHVILLE POLICE DEPT,20190617716,Davidson,Nashville,8/19/2019 6:52:00 AM,2,1,0,36.043490,-86.631120,MT VIEW RD,,,,66.00,Feet,West,OLD FRANKLIN RD,,,,0.00,N,Not at Intersection,N,Non-Junction,None,,,         ,Jessie,Meadows,Clear,"Sideswipe, Opposite Direction",no,no,no,no,no,False
102481937,METROPOLITAN NASHVILLE POLICE DEPT,20190618161,Davidson,Nashville,8/19/2019 8:39:00 AM,2,0,0,36.087800,-86.691330,HARDING PL,,,,295.00,Feet,East,ANTIOCH PKE,,,,0.00,N,Not at Intersection, ,Non-Junction,None,,,         ,Jessie,Meadows,Clear,Angle,no,no,no,no,no,False
102481942,METROPOLITAN NASHVILLE POLICE DEPT,20190618017,Davidson,Nashville,8/19/2019 8:02:00 AM,2,1,0,36.183820,-86.748370,EASTLAND AV,,,,0.00,Feet,East,GALLATIN AV,,,,0.00,N,Not at Intersection,N,Non-Junction,None,,,         ,Faye,Denson,Clear,Front to Rear,no,no,no,no,no,False
102481943,METROPOLITAN NASHVILLE POLICE DEPT,20190618323,Davidson,Nashville,8/19/2019 11:19:00 AM,2,0,0,36.153020,-86.753670,DECATUR AV,,,,161.00,Feet,North,GREEN ST,,,,0.00,N,Not at Intersection, ,"Driveway, Alley Access, etc",None,,,         ,Michael,Dance,Clear,Rear to Side,no,no,no,no,no,False
102481968,METROPOLITAN NASHVILLE POLICE DEPT,20190618016,Davidson,Nashville,8/19/2019 8:43:00 AM,2,0,0,36.170190,-86.806200,I 40,,,,0.00,,,,,,,207.30,N,Not at Intersection, ,Non-Junction,None,,,         ,Corey,Reed,Clear,Front to Rear,no,no,no,no,no,False
102481989,METROPOLITAN NASHVILLE POLICE DEPT,20190618477,Davidson,Nashville,8/19/2019 12:10:00 PM,2,0,0,36.141490,-86.699860,BRILEY PKWYS,,,,109.00,Feet,South,I40 E EXT RAMP,,,,0.00,N,Not at Intersection, ,Entrance/Exit Ramp Related,None,,,         ,Michael,Dance,Clear,"Sideswipe, Same Direction",no,no,no,no,no,False
102481990,METROPOLITAN NASHVILLE POLICE DEPT,20190618384,Davidson,Nashville,8/19/2019 11:44:00 AM,2,0,0,36.158220,-86.799580,CHARLOTTE AV,,,,142.00,Feet,East,DR D B TODD JR BLVD,,,,0.00,N,Not at Intersection,N,Non-Junction,Work Zone,Laneclosure,Activity Area,         ,Wesley,Young,Clear,"Sideswipe, Same Direction",no,no,no,no,yes,False
102481998,METROPOLITAN NASHVILLE POLICE DEPT,20190618417,Davidson,Nashville,8/19/2019 12:06:00 PM,2,2,0,36.110210,-86.770450,I 65,,,,0.00,,,,,,,79.75,N,Not at Intersection,N,Non-Junction,None,,,         ,Justin,Pinkelton,Clear,Front to Rear,no,no,no,no,no,False
102482000,THP District 3 - Nashville,319053151,Davidson,Nashville,8/19/2019 7:00:00 AM,2,0,0,36.037610,-86.785120,I65 S ENT RAMP,,,,0.00,,,OLD HICKORY BLVD,,,,0.00,Y,Five Point Or More,N,Intersection,None,,,         ,Daniel,Nieuwenhuis,Clear,Front to Rear,no,no,no,no,no,False
102482006,METROPOLITAN NASHVILLE POLICE DEPT,20190618401,Davidson,Goodlettsville,8/19/2019 11:58:00 AM,2,1,0,36.296600,-86.698940,MYATT DR,,,,131.00,Feet,South,GALLATIN PKEN,,,,0.00,N,Not at Intersection,N,Non-Junction,None,,,         ,Samuel,Kersten,Clear,Front to Rear,no,no,no,no,yes,False
102482023,METROPOLITAN NASHVILLE POLICE DEPT,20190618308,Davidson,Not in City Limit,8/19/2019 10:48:00 AM,1,0,0,36.263820,-86.719420,STATE HWY 45,,,,0.00,,,WALKER ST,,,,0.00,Y,T-Intersection,N,Non-Junction,None,,,         ,Spencer,Pittman,Clear,Not Collision with Motor Vehicle in Transport,no,no,no,yes,yes,False
102482027,METROPOLITAN NASHVILLE POLICE DEPT,20190618473,Davidson,Nashville,8/19/2019 12:55:00 PM,1,1,0,36.046450,-86.680260,BELL RD,,,,0.00,,,BRITTANY PARK DR,,,,0.00,,, ,Non-Junction,Construction Zone,,,         ,Nelson,Hemingway,Clear,Not Collision with Motor Vehicle in Transport,no,no,no,yes,no,False
102482061,METROPOLITAN NASHVILLE POLICE DEPT,20190618586,Davidson,Nashville,8/19/2019 1:02:00 PM,2,0,0,36.142140,-86.666420,I40 W EXT RAMP,,,,0.00,,,I 40,,,,0.00,Y,T-Intersection, ,Intersection,None,,,         ,Michael,Dance,Clear,Front to Rear,no,no,no,no,no,False
102482070,METROPOLITAN NASHVILLE POLICE DEPT,20190618522,Davidson,Nashville,8/19/2019 12:30:00 PM,1,0,0,36.144260,-86.768110,CHESTNUT ST,,,,480.00,Feet,East,MARTIN ST,,,,0.00,N,Not at Intersection,N,Non-Junction,None,,,         ,David,Barras,Clear,Not Collision with Motor Vehicle in Transport,no,no,no,no,no,False
102482078,METROPOLITAN NASHVILLE POLICE DEPT,20190618552,Davidson,Nashville,8/19/2019 12:08:00 PM,2,0,0,36.160730,-86.792960,I 40,,,,0.00,,,,,,,208.75,N,Not at Intersection, ,,None,,,         ,James,Hill,,,no,no,no,no,no,False
102482080,METROPOLITAN NASHVILLE POLICE DEPT,2019-0618515,Davidson,Not in City Limit,8/19/2019 12:36:00 PM,2,0,0,36.277010,-86.795940,OLD HICKORY BLVD,,,,75.00,Feet,East,HICKORY HILLS BLVD,,,,0.00,N,Not at Intersection,N,Non-Junction,None,,,         ,Arthur,Hipp,Clear,Angle,no,no,no,no,no,False
102482088,METROPOLITAN NASHVILLE POLICE DEPT,20190618637,Davidson,Nashville,8/19/2019 1:26:00 PM,1,0,0,36.142270,-86.742730,MURFREESBORO PKE,,,,264.00,Feet,East,POLK AV,,,,0.00,N,Not at Intersection,N,Non-Junction,None,,,         ,Anna,Clayton,Clear,Not Collision with Motor Vehicle in Transport,no,no,no,yes,yes,False
102482100,METROPOLITAN NASHVILLE POLICE DEPT,20190618443,Davidson,Nashville,8/19/2019 12:11:00 PM,2,1,0,36.071700,-86.667450,APOLLO DR,,,,262.00,Feet,West,JASON DR,,,,0.00,N,Not at Intersection,N,Non-Junction,None,,,         ,Jessie,Meadows,Clear,Angle,no,no,no,no,no,False
102482101,METROPOLITAN NASHVILLE POLICE DEPT,20190618560,Davidson,Nashville,8/19/2019 12:50:00 PM,2,1,0,36.046120,-86.657810,BELL RD,,,,51.00,Feet,East,COLLINS PARK DR,,,,0.00,N,Not at Intersection,N,Non-Junction,None,,,         ,Jessie,Meadows,Clear,Front to Rear,no,no,no,no,no,False
102482110,METROPOLITAN NASHVILLE POLICE DEPT,20190618598,Davidson,Not in City Limit,8/19/2019 1:00:00 PM,2,0,0,36.262210,-86.712210,GALLATIN PKES,,,,0.00,,,E OLD HICKORY BLVD,,,,0.00,Y,Four-Way,N,Intersection,None,,,         ,Nathaniel,Carroll,Clear,Angle,no,no,no,no,no,False
102482111,METROPOLITAN NASHVILLE POLICE DEPT,20190618620,Davidson,Nashville,8/19/2019 12:50:00 PM,2,0,0,36.125620,-86.789340,12TH AVE S,,,,57.00,Feet,South,CARUTHERS AVE,,,,0.00,N,Not at Intersection, ,Non-Junction,None,,,         ,Brent,Bauer,Cloudy,"Sideswipe, Same Direction",no,no,no,no,no,False
102482112,METROPOLITAN NASHVILLE POLICE DEPT,20190618553,Davidson,Nashville,8/19/2019 12:45:00 PM,2,0,0,36.046850,-86.679410,BELL RD,,,,0.00,,,BRITTANY PARK DR,,,,0.00,Y,T-Intersection, ,Non-Junction,Construction Zone,,,         ,Alex,Moore,Clear,Front to Rear,no,no,no,no,no,False
102482136,Nashville Airport Police,2019-03503,Davidson,Nashville,8/14/2019 12:00:00 AM,2,1,0,36.116700,-86.668180,DONELSON PKE,,,,0.00,,,HANGAR LN,,,,0.00,Y,T-Intersection,N,Intersection,Construction Zone,,,         ,Kurt,Thomas,Clear,Front to Rear,no,no,no,no,no,False
102482205,METROPOLITAN NASHVILLE POLICE DEPT,20190618779,Davidson,Not in City Limit,8/19/2019 2:28:00 PM,1,0,0,36.290140,-86.809720,I 24,,,,0.00,,,,,,,39.50,N,Not at Intersection, ,Non-Junction,None,,,         ,Christopher,Littles,Clear,Not Collision with Motor Vehicle in Transport,no,no,no,no,no,False
102482224,METROPOLITAN NASHVILLE POLICE DEPT,20190618764,Davidson,Nashville,8/19/2019 2:27:00 PM,2,1,0,36.152270,-86.797510,WEST END AV,,,,0.00,,,19TH AVN,,,,0.00,Y,Four-Way,N,Non-Junction,None,,,         ,FELIKS,ABRAHAMYAN,Clear,Front to Rear,no,no,no,no,no,False
102482230,METROPOLITAN NASHVILLE POLICE DEPT,20190618866,Davidson,Nashville,8/19/2019 12:00:00 AM,3,0,0,36.184860,-86.749670,CHICAMAUGA AV,,,,107.00,Feet,East,BAILEY ST,,,,0.00,N,Not at Intersection,N,Non-Junction,None,,,         ,Gordon,Stovall,Unknown,"Sideswipe, Opposite Direction",no,no,no,no,yes,False
102482232,METROPOLITAN NASHVILLE POLICE DEPT,20190618823,Davidson,Nashville,8/19/2019 2:52:00 PM,2,0,0,36.086640,-86.702850,PARAGON MILLS RD,,,,361.00,Feet,West,EISENHOWER DR,,,,0.00,N,Not at Intersection, ,,None,,,         ,Jarret,Sonnenberg,,,no,no,no,no,no,False
102482236,GOODLETTSVILLE POLICE DEPT,19-31267,Davidson,Goodlettsville,8/19/2019 2:20:00 PM,2,1,0,36.294980,-86.717190,I 65,,,,0.00,,,,,,,94.70,N,Not at Intersection,N,Non-Junction,None,,,         ,Charles,Hauskin,Clear,"Sideswipe, Same Direction",no,no,no,no,no,False
102482241,METROPOLITAN NASHVILLE POLICE DEPT,20190618900,Davidson,Nashville,8/19/2019 3:30:00 PM,2,1,0,36.113050,-86.800030,WOODMONT BLVD,,,,0.00,,,BELMONT BLVD,,,,0.00,Y,Four-Way,N,Intersection,None,,,         ,Heather,Fox,Clear,Front to Rear,no,no,no,no,no,False
102482251,TENNESSEE STATE UNIVERSITY ,19-TSU-38539,Davidson,Nashville,8/19/2019 12:00:00 AM,2,0,0,36.164750,-86.826390,33RD AVN,,,,0.00,,,ALAMEDA ST,,,,0.00,Y,OTHER,N,Non-Junction,None,,,         ,Harold,Taylor,Clear,Front to Rear,no,no,no,yes,yes,False
102482273,METROPOLITAN NASHVILLE POLICE DEPT,20190618956,Davidson,Nashville,8/19/2019 3:52:00 PM,2,0,0,36.158630,-86.782720,BROADWAY,,,,0.00,,,9TH AVN,,,,0.00,Y,T-Intersection, ,Intersection-Related,None,,,         ,Joshua,Reece,Clear,Angle,no,no,no,no,no,False
102482276,METROPOLITAN NASHVILLE POLICE DEPT,20190618843,Davidson,Nashville,8/19/2019 3:01:00 PM,2,0,0,36.165310,-86.783150,6TH AVN,,,,0.00,,,CHARLOTTE AV,,,,0.00,Y,T-Intersection, ,,None,,,         ,Timothy,Mead,,,no,no,no,no,no,False
102482277,METROPOLITAN NASHVILLE POLICE DEPT,20190618837,Davidson,Nashville,8/19/2019 3:06:00 PM,2,0,0,36.157880,-86.781440,8TH AVS,,,,0.00,,,MCGAVOCK ST,,,,0.00,Y,Four-Way, ,,None,,,         ,Michael,Douglas,,,no,no,no,no,no,False
102482280,METROPOLITAN NASHVILLE POLICE DEPT,20190618835,Davidson,Nashville,8/19/2019 1:35:00 PM,3,0,0,36.161640,-86.819240,28TH AVN,,,,0.00,,,HERMAN ST,,,,0.00,Y,T-Intersection, ,Intersection,None,,,         ,Luke,Steigerwalt,Clear,Front to Rear,no,no,no,no,no,False
102482287,METROPOLITAN NASHVILLE POLICE DEPT,20190619004,Davidson,Goodlettsville,8/19/2019 4:12:00 PM,2,1,0,36.303690,-86.690470,RIVERGATE MARKETPLACE PVTDR,,,,0.00,,,GALLATIN PKEN,,,,0.00,Y,Four-Way,N,Intersection-Related,None,,,         ,Christopher,Littles,Clear,HeadOn,no,no,no,no,no,False
102482294,METROPOLITAN NASHVILLE POLICE DEPT,20190618925,Davidson,Nashville,8/19/2019 3:42:00 PM,2,0,0,36.149010,-86.774280,I 40,,,,0.00,,,,,,,210.15,N,Not at Intersection, ,Non-Junction,None,,,         ,Raymond,Flaherty,Clear,"Sideswipe, Same Direction",no,no,no,no,no,False
102482304,METROPOLITAN NASHVILLE POLICE DEPT,20190619024,Davidson,Nashville,8/19/2019 4:24:00 PM,2,1,0,36.234710,-86.717090,BRILEY PKWYW,,,,80.00,Feet,West,TANGLEWOOD CT,,,,0.00,N,Not at Intersection,N,Non-Junction,None,,,         ,Bradley,Fort,Clear,Front to Rear,no,no,no,no,no,False
102482307,METROPOLITAN NASHVILLE POLICE DEPT,20190618886,Davidson,Nashville,8/19/2019 3:00:00 PM,3,2,0,36.134800,-86.727100,I 24,,,,0.00,,,,,,,52.15,N,Not at Intersection,N,Non-Junction,None,,,         ,Je-Marc,Sears,Clear,Front to Rear,no,no,no,no,no,False
102482314,METROPOLITAN NASHVILLE POLICE DEPT,20190619018,Davidson,Nashville,8/19/2019 4:20:00 PM,1,0,0,36.084560,-86.917580,AMBERWOOD CIR,,,,1178.00,Feet,North,BELLE FOREST CONDOS PVTDR,,,,0.00,N,Not at Intersection,N,Non-Junction,None,,,         ,Jared,Dick,Clear,Not Collision with Motor Vehicle in Transport,no,no,no,yes,no,False
102482315,METROPOLITAN NASHVILLE POLICE DEPT,20190618793,Davidson,Nashville,8/19/2019 2:40:00 PM,2,0,0,36.121430,-86.756110,I 440,,,,0.00,,,,,,,6.00,N,Not at Intersection, ,Non-Junction,None,,,         ,Darryl,Williams,Clear,"Sideswipe, Same Direction",no,no,no,no,no,False
102482316,METROPOLITAN NASHVILLE POLICE DEPT,20190619080,Davidson,Nashville,8/19/2019 4:35:00 PM,2,0,0,36.168760,-86.667210,LEBANON PKE,,,,95.00,Feet,West,J B ESTILLE DR,,,,0.00,N,Not at Intersection,N,Non-Junction,None,,,         ,Allyson,Reis,Clear,"Sideswipe, Same Direction",no,no,no,no,yes,False
102482319,METROPOLITAN NASHVILLE POLICE DEPT,20190619088,Davidson,Not in City Limit,8/19/2019 4:30:00 PM,2,0,0,36.321050,-86.867470,WHITES CREEK PKE,,,,0.00,Feet,East,GIFFORD PL,,,,0.00,N,Not at Intersection, ,,None,,,         ,Tyler,Geiger,,,no,no,no,no,no,False
102482324,METROPOLITAN NASHVILLE POLICE DEPT,20190618727,Davidson,Not in City Limit,8/19/2019 1:25:00 PM,2,0,0,36.017660,-86.700220,BOAZ LN,,,,0.00,Feet,East,AVERY PARK DR,,,,0.00,N,Not at Intersection,N,Non-Junction,None,,,         ,Jesse,Cox,Clear,Angle,no,no,no,no,yes,False
102482325,METROPOLITAN NASHVILLE POLICE DEPT,20190618995,Davidson,Nashville,8/19/2019 3:43:00 PM,2,0,0,36.113820,-86.809210,WOODMONT BLVD,,,,0.00,,,GOLF CLUB LN,,,,0.00,Y,Four-Way, ,,None,,,         ,FELIKS,ABRAHAMYAN,,,no,no,no,no,no,False
102482326,METROPOLITAN NASHVILLE POLICE DEPT,20190618839,Davidson,Nashville,8/19/2019 3:05:00 PM,2,0,0,36.159060,-86.797570,CHARLOTTE AV,,,,0.00,Feet,East,17TH AVN,,,,0.00,N,Not at Intersection,N,Non-Junction,None,,,         ,Gabriel,Hamilton,Clear,"Sideswipe, Same Direction",no,no,no,no,yes,False
102482333,METROPOLITAN NASHVILLE POLICE DEPT,20190619117,Davidson,Antioch,8/19/2019 4:53:00 PM,2,0,0,36.015140,-86.620270,I24 W EXT RAMP,,,,0.00,,,I 24,,,,0.00,Y,Four-Way, ,Entrance/Exit Ramp Related,None,,,         ,Andrew,Brazee,Clear,Angle,no,no,no,no,no,False
102482338,METROPOLITAN NASHVILLE POLICE DEPT,20190619187,Davidson,Nashville,8/19/2019 4:27:00 PM,2,0,0,36.124700,-86.813210,I 440,,,,0.00,,,,,,,2.40,N,Not at Intersection, ,Non-Junction,None,,,         ,Joel,Cottrill,Clear,"Sideswipe, Same Direction",no,no,no,no,no,False
102482340,METROPOLITAN NASHVILLE POLICE DEPT,20190619065,Davidson,Nashville,8/19/2019 5:22:00 PM,2,0,0,36.193320,-86.623430,US HWY 70,,,,188.00,Feet,North,JUAREZ DR,,,,0.00,N,Not at Intersection, ,Non-Junction,None,,,         ,Tony,Mingsing,Clear,Angle,no,no,no,no,no,False
102482353,METROPOLITAN NASHVILLE POLICE DEPT,20190619224,Davidson,Not in City Limit,8/19/2019 5:20:00 PM,4,0,0,35.990640,-86.640110,BURKITT RD,,,,0.78,Miles,West,BATTLE RD,,,,0.00,N,Not at Intersection,N,Non-Junction,None,,,         ,Jesse,Cox,Clear,Front to Rear,no,no,no,no,yes,False
102482361,METROPOLITAN NASHVILLE POLICE DEPT,20190619357,Davidson,Antioch,8/19/2019 6:46:00 PM,2,0,0,36.042670,-86.606860,HOBSON PKE,,,,111.00,Feet,West,MURFREESBORO PKE,,,,0.00,N,Not at Intersection, ,Non-Junction,None,,,         ,Andrew,Brazee,Clear,Front to Rear,no,no,no,no,no,False
102482364,METROPOLITAN NASHVILLE POLICE DEPT,20190619382,Davidson,Not in City Limit,8/19/2019 6:28:00 PM,2,0,0,36.308430,-86.682150,GALLATIN PKEN,,,,191.00,Feet,West,RIVERCHASE BLVD,,,,0.00,N,Not at Intersection,N,Non-Junction,None,,,         ,Christopher,Littles,Clear,Front to Rear,no,no,no,yes,yes,False
102482365,METROPOLITAN NASHVILLE POLICE DEPT,20190618625,Davidson,Nashville,8/19/2019 1:23:00 PM,2,1,0,36.084910,-86.703430,TRAVELERS INN DR,,,,0.00,,,HARDING PL,,,,0.00,Y,T-Intersection, ,Non-Junction,None,,,         ,Ryan,Howard,Clear,Angle,no,no,no,no,no,False
102482370,METROPOLITAN NASHVILLE POLICE DEPT,20190619371,Davidson,Nashville,8/19/2019 6:52:00 PM,3,3,0,36.090330,-86.626500,SMITH SPRINGS RD,,,,0.00,Feet,North,BELL RD,,,,0.00,N,Not at Intersection,N,Non-Junction,None,,,         ,Deandera,Payne,Clear,Front to Rear,no,no,no,no,yes,False
102482372,METROPOLITAN NASHVILLE POLICE DEPT,20190619389,Davidson,Nashville,8/19/2019 7:00:00 PM,1,1,0,36.207950,-86.812590,OLD BUENA VISTA RD,,,,421.00,Feet,North,NOCTURNE FOREST DR,,,,0.00,N,Not at Intersection,N,Non-Junction,None,,,         ,Tyler,Geiger,Clear,Not Collision with Motor Vehicle in Transport,yes,no,no,no,no,False
102482379,METROPOLITAN NASHVILLE POLICE DEPT,20190619413,Davidson,Nashville,8/19/2019 6:11:00 PM,3,0,0,36.078340,-86.722520,WALLACE RD,,,,588.00,Feet,West,BROOKRIDGE TRL,,,,0.00,N,Not at Intersection,N,Non-Junction,None,,,         ,Jesse,Cox,Clear,Angle,no,no,no,yes,yes,False
102482380,METROPOLITAN NASHVILLE POLICE DEPT,20190619366,Davidson,Nashville,8/19/2019 6:50:00 PM,3,2,0,36.109050,-86.721390,I 24,,,,0.00,,,,,,,53.75,N,Not at Intersection, ,Non-Junction,None,,,         ,Je-Marc,Sears,Clear,Front to Rear,no,no,no,no,no,False
102482382,BERRY HILL POLICE DEPT,19-3393,Davidson,Berry Hill,8/19/2019 3:52:00 PM,2,0,0,36.125080,-86.765880,BRANSFORD AV,,,,0.00,,,ROSEDALE AV,,,,0.00,Y,T-Intersection,N,Intersection-Related,None,,,         ,Dawn,Thornsberry,Clear,Front to Rear,no,no,no,no,yes,False
102482384,METROPOLITAN NASHVILLE POLICE DEPT,20190619283,Davidson,Not in City Limit,8/19/2019 6:12:00 PM,1,1,0,36.138460,-86.950650,RIVER ROAD PKE,,,,1469.00,Feet,East,INDIAN CREEK RD,,,,0.00,N,Not at Intersection,N,Non-Junction,None,,,         ,Jeremy,Huffine,Clear,Not Collision with Motor Vehicle in Transport,no,no,no,no,no,False
102482385,BERRY HILL POLICE DEPT,19-3394,Davidson,Berry Hill,8/19/2019 4:04:00 PM,2,0,0,36.112370,-86.767670,THOMPSON LN,,,,102.00,Feet,East,W IRIS DR,,,,0.00,N,Not at Intersection, ,Non-Junction,None,,,         ,Anthony,Russo,Clear,"Sideswipe, Same Direction",no,no,no,no,no,False
102482395,METROPOLITAN NASHVILLE POLICE DEPT,20190619176,Davidson,Nashville,8/19/2019 12:00:00 AM,2,0,0,36.206620,-86.777900,W TRINITY LN,,,,0.00,Feet,East,BRICK CHURCH PKE,,,,0.00,N,Not at Intersection, ,Non-Junction,None,,,         ,Julie,Nabors,Clear,"Sideswipe, Same Direction",no,no,no,no,no,False
102482396,METROPOLITAN NASHVILLE POLICE DEPT,20190619393,Davidson,Nashville,8/19/2019 5:55:00 PM,2,0,0,36.123650,-86.630390,BELL RD,,,,275.00,Feet,South,PLEASANT HILL RD,,,,0.00,N,Not at Intersection,N,Non-Junction,None,,,         ,Eric,Burford,Clear,Front to Rear,no,no,no,no,no,False
102482412,METROPOLITAN NASHVILLE POLICE DEPT,20190619453,Davidson,Nashville,8/19/2019 7:34:00 PM,2,0,0,36.200880,-86.757300,CHICKASAW AV,,,,307.00,Feet,East,JONES AV,,,,0.00,N,Not at Intersection,N,Non-Junction,None,,,         ,Cody,Jaworski,Clear,Angle,no,no,no,no,no,False
102482413,METROPOLITAN NASHVILLE POLICE DEPT,20190619392,Davidson,Nashville,8/19/2019 6:20:00 PM,3,1,0,36.115790,-86.782560,I 440,,,,0.00,,,,,,,4.40,N,Not at Intersection,Y,Non-Junction,Construction Zone,Laneclosure,Activity Area,         ,Heather,Fox,Clear,Front to Rear,no,no,no,no,no,False
102482414,METROPOLITAN NASHVILLE POLICE DEPT,20190619228,Davidson,Nashville,8/19/2019 5:44:00 PM,2,0,0,36.144580,-86.872560,CHARLOTTE PKE,,,,72.00,Feet,North,AMERICAN RD,,,,0.00,N,Not at Intersection,N,Non-Junction,None,,,         ,Molly,Page,Clear,Angle,no,no,no,no,yes,False
102482418,METROPOLITAN NASHVILLE POLICE DEPT,20190618810,Davidson,Antioch,8/19/2019 12:00:00 AM,2,0,0,36.042870,-86.606570,MURFREESBORO PKE,,,,12.00,Feet,West,HOBSON PKE,,,,0.00,N,Not at Intersection, ,Non-Junction,None,,,         ,Wesley,Carver,Clear,"Sideswipe, Same Direction",no,no,no,no,no,False
102482421,METROPOLITAN NASHVILLE POLICE DEPT,20190619510,Davidson,Nashville,8/19/2019 5:40:00 PM,2,0,0,36.146960,-86.672150,ROYAL PKWY,,,,0.00,,,RACHEL DR,,,,0.00,Y,Four-Way, ,,None,,,         ,Allyson,Reis,,,no,no,no,no,no,False
102482427,METROPOLITAN NASHVILLE POLICE DEPT,20190619469,Davidson,Nashville,8/19/2019 5:54:00 PM,2,0,0,36.152190,-86.625870,BLACKWOOD DR,,,,235.00,Feet,West,STEWARTS FERRY PKE,,,,0.00,N,Not at Intersection,N,Non-Junction,None,,,         ,Deandera,Payne,Clear,"Sideswipe, Same Direction",no,no,no,no,no,False
102482431,METROPOLITAN NASHVILLE POLICE DEPT,20190619517,Davidson,Nashville,8/19/2019 8:22:00 PM,1,0,0,36.220600,-86.811340,CRAVATH DR,,,,0.00,,,ROWAN DR,,,,0.00,Y,Four-Way, ,,None,,,         ,Peter,Kinsey,,,no,no,no,no,no,False
102482446,METROPOLITAN NASHVILLE POLICE DEPT,20190619558,Davidson,Nashville,8/19/2019 8:39:00 PM,2,0,0,36.079050,-86.703050,WILLARD DR,,,,342.00,Feet,South,WALLACE RD,,,,0.00,N,Not at Intersection,N,"Driveway, Alley Access, etc",None,,,         ,Andrew,Brazee,Clear,"Sideswipe, Same Direction",no,no,no,yes,yes,False
102482462,METROPOLITAN NASHVILLE POLICE DEPT,20190619205,Davidson,Nashville,8/19/2019 4:56:00 PM,2,0,0,36.149690,-86.769820,4TH AVS,,,,4.00,Feet,North,MCCANN ST,,,,0.00,N,Not at Intersection,N,Non-Junction,None,,,         ,Darryl,Williams,Clear,Angle,no,no,no,no,no,False
102482510,METROPOLITAN NASHVILLE POLICE DEPT,20190619573,Davidson,Nashville,8/19/2019 8:25:00 PM,2,0,0,36.117560,-86.703000,WINTHORNE DR,,,,131.00,Feet,South,MCDONALD DR,,,,0.00,N,Not at Intersection,N,Non-Junction,None,,,         ,Jesse,Cox,Clear,Angle,no,no,no,no,yes,False
102482531,METROPOLITAN NASHVILLE POLICE DEPT,20190619378,Davidson,Nashville,8/19/2019 12:00:00 AM,2,0,0,36.173220,-86.796150,SCOVEL ST,,,,246.00,Feet,West,10TH AVN,,,,0.00,N,Not at Intersection,N,Non-Junction,None,,,         ,Amery,Milligan,Clear,Unknown,no,no,no,no,yes,False
102482532,METROPOLITAN NASHVILLE POLICE DEPT,20190619519,Davidson,Nashville,8/19/2019 8:22:00 PM,2,1,0,36.140410,-86.731590,I 24,,,,0.00,,,,,,,51.60,N,Not at Intersection,N,Non-Junction,None,,,         ,Jason,Milyaro Lucas,Clear,"Sideswipe, Same Direction",no,no,no,no,no,False
102482540,METROPOLITAN NASHVILLE POLICE DEPT,20190618898,Davidson,Nashville,8/19/2019 3:26:00 PM,2,0,0,36.111200,-86.755620,THOMPSON LN,,,,117.00,Feet,West,SIDCO DR,,,,0.00,N,Not at Intersection,N,Non-Junction,None,,,         ,Randy,Puckett,Clear,Front to Rear,no,no,no,no,no,False