master_record_number,agency,agency_tracking_number,county,city,collision_date,vehicles_involved,number_injured,number_dead,latitude,longitude,roadway_name,roadway_suffix,roadway_number,roadway_local_id,distance_from_reference,miles-feet_indicator,direction_from_reference,intersection_road_name,intersection_road_name_suffix,intersection_road_number,intersection_local_id,mile_marker,intersection_indicator,intersect_type,interchange_related_indicator,relation_to_junction,work_zone_type,construction_maintenance_zone,construction_maintenance_zone_location,fatal_case_number,officer_first_name,officer_last_name,weather_condition(s),manner_of_crash,pedestrian,bicycle,scooter,parking,hitrun,mou
102483277,METROPOLITAN NASHVILLE POLICE DEPT,20190622093,Davidson,Not in City Limit,8/20/2019 4:37:00 PM,2,0,0,36.307290,-86.684840,NORTHSIDE MARKETPLACE PVTDR,,,,0.00,,,GALLATIN PKEN,,,,0.00,Y,Four-Way, ,Intersection,None,,,         ,Christopher,Littles,Clear,Front to Rear,no,no,no,no,no,False
102483278,METROPOLITAN NASHVILLE POLICE DEPT,20190621865,Davidson,Nashville,8/20/2019 2:40:00 PM,5,1,0,36.095040,-86.707120,I 24,,,,0.00,,,,,,,55.00,N,Not at Intersection,N,Non-Junction,None,,,         ,Andrew,Brazee,Cloudy,Front to Rear,no,no,no,no,no,False
102483279,METROPOLITAN NASHVILLE POLICE DEPT,20190622021,Davidson,Nashville,8/20/2019 1:47:00 PM,2,0,0,36.180530,-86.603290,ROCKWOOD DR,,,,82.00,Feet,North,HERMITAGE WOODS DR,,,,0.00,N,Not at Intersection, ,Non-Junction,None,,,         ,Terence,Mitchell,Clear,Rear to Side,no,no,no,yes,yes,False
102483282,METROPOLITAN NASHVILLE POLICE DEPT,20190622048,Davidson,Nashville,8/20/2019 3:45:00 PM,2,0,0,36.150840,-86.692600,ELM HILL PKE,,,,0.00,,,SANBORN DR,,,,0.00,Y,OTHER, ,OtherLocation,None,,,         ,Frank,Campbell,Cloudy,Front to Rear,no,no,no,no,no,False
102483285,METROPOLITAN NASHVILLE POLICE DEPT,20190622020,Davidson,Nashville,8/20/2019 3:56:00 PM,2,0,0,36.171040,-86.679610,MCGAVOCK PKE,,,,619.00,Feet,North,LEBANON PKE,,,,0.00,N,Not at Intersection, ,Non-Junction,None,,,         ,Seth,Vaughn,Clear,Angle,no,no,no,no,no,False
102483286,METROPOLITAN NASHVILLE POLICE DEPT,20190622143,Davidson,Nashville,8/20/2019 4:05:00 PM,3,0,0,36.109310,-86.727470,BRILEY PKWYN,,,,176.00,Feet,East,BRILEY PKWYS,,,,0.00,N,Not at Intersection, ,,None,,,         ,Jesse,Cox,,,no,no,no,no,no,False
102483287,METROPOLITAN NASHVILLE POLICE DEPT,20190621972,Davidson,Nashville,8/20/2019 3:41:00 PM,2,2,0,36.136580,-86.795150,WEDGEWOOD AV,,,,0.00,,,MAGNOLIA BLVD,,,,0.00,Y,Four-Way,N,Non-Junction,None,,,         ,Darryl,Williams,Clear,Angle,no,no,no,no,no,False
102483302,METROPOLITAN NASHVILLE POLICE DEPT,20190621889,Davidson,Nashville,8/20/2019 12:00:00 AM,1,0,0,36.231620,-86.804000,KNIGHT DR,,,,0.00,Feet,,EWING DR,,,,0.00,Y,T-Intersection,Y,Intersection,None,,,         ,John,Petriello,Cloudy,Not Collision with Motor Vehicle in Transport,no,no,no,no,yes,False
102483307,METROPOLITAN NASHVILLE POLICE DEPT,20190622100,Davidson,Nashville,8/20/2019 4:45:00 PM,2,0,0,36.074000,-86.935140,HIGHWAY 70S,,,,50.00,Feet,East,CROSS TIMBERS DR,,,,0.00,N,Not at Intersection,N,Non-Junction,None,,,         ,Walter,Gray II,Clear,Front to Rear,no,no,no,no,no,False
102483310,METROPOLITAN NASHVILLE POLICE DEPT,20190622052,Davidson,Nashville,8/20/2019 3:16:00 PM,2,0,0,36.203550,-86.738530,GALLATIN PKE,,,,0.00,,,E TRINITY LN,,,,0.00,Y,T-Intersection, ,Intersection-Related,None,,,         ,Tyler,Adcock,Rain,Front to Rear,no,no,no,no,yes,False
102483311,METROPOLITAN NASHVILLE POLICE DEPT,20190622062,Davidson,Nashville,8/20/2019 4:07:00 PM,2,0,0,36.193440,-86.765970,PENNOCK AV,,,,150.00,Feet,South,DOUGLAS AV,,,,0.00,N,Not at Intersection, ,Non-Junction,None,,,         ,Tyler,Adcock,Clear,Front to Rear,no,no,no,no,no,False
102483346,METROPOLITAN NASHVILLE POLICE DEPT,20190622086,Davidson,Nashville,8/20/2019 3:07:00 PM,2,0,0,36.206200,-86.777950,BRICK CHURCH PKE,,,,153.00,Feet,South,W TRINITY LN,,,,0.00,N,Not at Intersection, ,,None,,,         ,Benjamin,Williams,,,no,no,no,no,no,False
102483351,METROPOLITAN NASHVILLE POLICE DEPT,20190622202,Davidson,Nashville,8/20/2019 5:34:00 PM,2,0,0,36.143010,-86.705630,I 40,,,,0.00,,,,,,,214.45,N,Not at Intersection,N,Non-Junction,None,,,         ,Steven,Powers,Cloudy,Front to Rear,no,no,no,no,no,False
102483354,METROPOLITAN NASHVILLE POLICE DEPT,20190622193,Davidson,Nashville,8/20/2019 5:29:00 PM,2,0,0,36.164080,-86.762960,I 24,,,,0.00,,,,,,,49.15,N,Not at Intersection, ,,None,,,         ,Roy,Sain Jr.,,,no,no,no,no,no,False
102483360,VANDERBILT UNIVERSITY POLICE,19-0619196,Davidson,Nashville,8/19/2019 3:15:00 PM,2,0,0,36.138030,-86.805050,BLAKEMORE AV,,,,0.00,,,24TH AVS,,,,0.00,Y,Four-Way,N,Intersection,None,,,         ,Ray,Stanard,Clear,"Sideswipe, Opposite Direction",no,no,no,no,yes,Campus
102483362,METROPOLITAN NASHVILLE POLICE DEPT,20190622152,Davidson,Nashville,8/15/2019 5:00:00 PM,1,0,0,36.228590,-86.690740,PENNINGTON BEND RD,,,,1967.00,Feet,North,VALLEY BEND DR,,,,0.00,N,Not at Intersection,N,Non-Junction,None,,,         ,Kyle,Berkheiser,Clear,Not Collision with Motor Vehicle in Transport,no,no,no,no,yes,False
102483367,METROPOLITAN NASHVILLE POLICE DEPT,20190622092,Davidson,Nashville,8/20/2019 3:45:00 PM,2,0,0,36.058180,-86.670000,HICKORY HOLLOW PKWY,,,,271.00,Feet,South,MT VIEW RD,,,,0.00,N,Not at Intersection,N,Non-Junction,None,,,         ,Jesse,Cox,Rain,Front to Rear,no,no,no,no,no,False
102483370,METROPOLITAN NASHVILLE POLICE DEPT,20190622313,Davidson,Nashville,8/20/2019 5:30:00 PM,2,0,0,36.114080,-86.792640,CLIFTON LN,,,,120.00,Feet,West,GRANNY WHITE PKE,,,,0.00,N,Not at Intersection, ,,None,,,         ,Citlaly,Juarez,,,no,no,no,no,no,False
102483382,METROPOLITAN NASHVILLE POLICE DEPT,20190622315,Davidson,Nashville,8/20/2019 6:00:00 PM,2,0,0,36.149480,-86.779170,8TH AVS,,,,78.00,Feet,South,DIVISION ST,,,,0.00,N,Not at Intersection, ,,None,,,         ,Steffani,Dahlstrom,,,no,no,no,no,no,False
102483385,METROPOLITAN NASHVILLE POLICE DEPT,20190622195,Davidson,Nashville,8/20/2019 5:24:00 PM,2,0,0,36.161010,-86.793120,CHARLOTTE AV,,,,146.00,Feet,West,GEORGE L DAVIS BLVD,,,,0.00,N,Not at Intersection, ,,None,,,         ,Timothy,Mead,,,no,no,no,no,no,False
102483387,METROPOLITAN NASHVILLE POLICE DEPT,20190622160,Davidson,Nashville,8/20/2019 5:00:00 PM,2,0,0,36.150110,-86.784290,I 40,,,,0.00,,,,,,,209.60,N,Not at Intersection, ,Non-Junction,None,,,         ,Brian,DeMarce,Clear,Front to Rear,no,no,no,no,no,False
102483388,METROPOLITAN NASHVILLE POLICE DEPT,20190622088,Davidson,Nashville,8/20/2019 4:34:00 PM,2,0,0,36.144190,-86.813620,WEST END AV,,,,21.00,Feet,East,29TH AVS,,,,0.00,N,Not at Intersection,N,Non-Junction,None,,,         ,Phillip,Murphy,Cloudy,Front to Rear,no,no,no,no,no,Campus
102483389,METROPOLITAN NASHVILLE POLICE DEPT,20190622185,Davidson,Nashville,8/20/2019 4:56:00 PM,2,0,0,36.158660,-86.798510,CHARLOTTE AV,,,,113.00,Feet,West,17TH AVN,,,,0.00,N,Not at Intersection, ,Non-Junction,None,,,         ,Justin,Vaughn,Clear,Front to Rear,no,no,no,no,no,False
102483393,METROPOLITAN NASHVILLE POLICE DEPT,20190622291,Davidson,Lakewood,8/20/2019 6:02:00 PM,2,0,0,36.239210,-86.630590,OLD HICKORY BLVD,,,,190.00,Feet,North,PITTS AV,,,,0.00,N,Not at Intersection, ,Non-Junction,None,,,         ,Tony,Mingsing,Clear,Angle,no,no,no,no,no,False
102483395,METROPOLITAN NASHVILLE POLICE DEPT,20190622295,Davidson,Nashville,8/20/2019 5:06:00 PM,2,0,0,36.166040,-86.858720,NEW YORK AV,,,,150.00,Feet,West,OHIO AV,,,,0.00,N,Not at Intersection,N,Non-Junction,None,,,         ,Walter,Gray II,Clear,"Sideswipe, Opposite Direction",no,no,no,no,no,False
102483400,METROPOLITAN NASHVILLE POLICE DEPT,20190622254,Davidson,Nashville,8/20/2019 4:20:00 PM,3,0,0,36.071230,-86.684190,ANTIOCH PKE,,,,0.00,,,HAYSTACK LN,,,,0.00,Y,T-Intersection, ,Intersection,None,,,         ,Richard,Olive,Clear,Angle,no,no,no,no,no,False
102483401,METROPOLITAN NASHVILLE POLICE DEPT,20190621952,Davidson,Nashville,8/20/2019 3:30:00 PM,2,0,0,36.075030,-86.662630,BILLINGSGATE RD,,,,28.00,Feet,East,UNA ANTIOCH PKE,,,,0.00,N,Not at Intersection, ,Non-Junction,None,,,         ,Jesse,Cox,Cloudy,Angle,no,no,no,no,no,False
102483407,METROPOLITAN NASHVILLE POLICE DEPT,20190622245,Davidson,Nashville,8/20/2019 5:03:00 PM,2,0,0,36.141950,-86.816230,32ND AVS,,,,0.00,Feet,East,WEST END AV,,,,0.00,N,Not at Intersection, ,Non-Junction,None,,,         ,Darryl,Williams,Clear,Angle,no,no,no,no,no,Campus
102483414,METROPOLITAN NASHVILLE POLICE DEPT,20190622055,Davidson,Nashville,8/20/2019 5:00:00 PM,2,0,0,36.110290,-86.723470,-- UNKNOWN RAMP/ROAD --,,,,0.00,Feet,East,I 24,,,,0.00,N,Not at Intersection, ,Non-Junction,None,,,         ,Aimee,Ortiz,Rain,Front to Rear,no,no,no,no,no,False
102483416,METROPOLITAN NASHVILLE POLICE DEPT,20190622402,Davidson,Nashville,8/20/2019 5:21:00 PM,2,0,0,36.135060,-86.629940,BELL RD,,,,0.00,,,TRAILS END LN,,,,0.00,Y,T-Intersection, ,,None,,,         ,Steven,Powers,,,no,no,no,no,no,False
102483417,METROPOLITAN NASHVILLE POLICE DEPT,20190622290,Davidson,Nashville,8/20/2019 5:02:00 PM,3,0,0,36.141720,-86.671110,I 40,,,,0.00,,,,,,,215.00,N,Not at Intersection, ,,None,,,         ,Samuel,Sundra,,,no,no,no,no,no,False
102483428,METROPOLITAN NASHVILLE POLICE DEPT,20190622305,Davidson,Nashville,8/20/2019 6:15:00 PM,2,1,0,36.141270,-86.731840,I 40,,,,0.00,,,,,,,213.00,N,Not at Intersection,N,Non-Junction,None,,,         ,Darci,Stechman,Clear,Front to Rear,no,no,no,no,no,False
102483452,VANDERBILT UNIVERSITY POLICE,20190619593,Davidson,Nashville,8/19/2019 8:20:00 PM,2,0,0,36.139080,-86.805070,CHILDRENS WAY,,,,0.00,Feet,,24TH AVS,,,,0.00,Y,OTHER, ,OtherLocation,None,,,         ,Ray,Stanard,Clear,Rear to Rear,no,no,no,yes,no,Campus
102483478,METROPOLITAN NASHVILLE POLICE DEPT,20190622499,Davidson,Nashville,8/20/2019 8:24:00 PM,1,0,0,36.226280,-86.774100,I 65,,,,0.00,,,,,,,88.70,N,Not at Intersection,N,Non-Junction,None,,,         ,Christopher,Littles,Cloudy,Not Collision with Motor Vehicle in Transport,no,no,no,no,yes,False
102483480,METROPOLITAN NASHVILLE POLICE DEPT,20190622508,Davidson,Nashville,8/20/2019 6:06:00 PM,2,0,0,36.137600,-86.639850,TIMBERWAY DR,,,,178.00,Feet,South,TIMBERWAY CIR,,,,0.00,N,Not at Intersection, ,Non-Junction,None,,,         ,Deandera,Payne,Clear,Rear to Side,no,no,no,no,no,False
102483483,METROPOLITAN NASHVILLE POLICE DEPT,20190622493,Davidson,Nashville,8/20/2019 8:10:00 PM,1,0,0,36.194260,-86.775610,I 65,,,,0.00,,,,,,,86.50,N,Not at Intersection, ,Entrance/Exit Ramp Related,None,,,         ,Gregory,Cenicola,Rain,Not Collision with Motor Vehicle in Transport,no,no,no,no,no,False
102483485,METROPOLITAN NASHVILLE POLICE DEPT,20190622201,Davidson,Nashville,8/20/2019 5:09:00 PM,2,0,0,36.054060,-86.673340,I 24,,,,0.00,,,,,,,58.40,N,Not at Intersection,N,Non-Junction,None,,,         ,Andrew,Brazee,Clear,"Sideswipe, Same Direction",no,no,no,no,yes,False
102483496,METROPOLITAN NASHVILLE POLICE DEPT,20190622555,Davidson,Nashville,8/20/2019 12:00:00 AM,2,0,0,36.140790,-86.732440,I 40,,,,0.00,,,,,,,213.00,N,Not at Intersection,N,Non-Junction,None,,,         ,Darci,Stechman,Clear,"Sideswipe, Same Direction",no,no,no,no,yes,False
102483514,METROPOLITAN NASHVILLE POLICE DEPT,2019-0622240,Davidson,Nashville,8/20/2019 4:50:00 PM,2,0,0,36.039220,-86.782200,OLD HICKORY BLVD,,,,150.00,Feet,West,I65 N EXT RAMP,,,,0.00,N,Not at Intersection, ,,None,,,         ,William,King,,,no,no,no,no,no,False
102483522,METROPOLITAN NASHVILLE POLICE DEPT,20190621879,Davidson,Antioch,8/20/2019 1:30:00 PM,1,0,0,36.082770,-86.586860,WATERFORD WAY,,,,30.00,Feet,East,NEWINGTON CV,,,,0.00,N,Not at Intersection, ,Non-Junction,None,,,         ,Sean,Weaver,Clear,Not Collision with Motor Vehicle in Transport,no,no,no,no,no,False
102483554,METROPOLITAN NASHVILLE POLICE DEPT,20190622497,Davidson,Nashville,8/20/2019 8:15:00 PM,1,1,0,36.158290,-86.771890,HERMITAGE AV,,,,0.00,,,KOREAN VETERANS BLVD,,,,0.00,Y,Four-Way,N,Intersection,None,,,         ,Brian,DeMarce,Rain,Not Collision with Motor Vehicle in Transport,no,yes,no,no,no,False
102483555,METROPOLITAN NASHVILLE POLICE DEPT,20190622544,Davidson,Nashville,8/20/2019 8:45:00 PM,2,1,0,36.132230,-86.895590,I40 E ENT RAMP,,,,0.00,,,I 40,,,,0.00,Y,Y-Intersection,N,Entrance/Exit Ramp Related,None,,,         ,Jared,Dick,Cloudy,Angle,no,no,no,no,no,False
102483558,METROPOLITAN NASHVILLE POLICE DEPT,20190622588,Davidson,Nashville,8/20/2019 9:09:00 PM,2,1,0,36.130174,-86.900758,CHARLOTTE PK,,,,0.00,,,CABOT DR,,,,0.00,Y,Four-Way,N,Intersection,None,,,         ,Jeremy,Huffine,Clear,Angle,no,no,no,no,yes,False
102483605,METROPOLITAN NASHVILLE POLICE DEPT,20190622358,Davidson,Nashville,8/20/2019 6:45:00 PM,2,0,0,36.144010,-86.699280,I 40,,,,0.00,,,,,,,214.75,N,Not at Intersection, ,Non-Junction,None,,,         ,Steven,Powers,Cloudy,Not Collision with Motor Vehicle in Transport,no,no,no,no,yes,False
102483616,METROPOLITAN NASHVILLE POLICE DEPT,20190622652,Davidson,Nashville,8/20/2019 9:44:00 PM,2,4,0,36.150710,-86.666560,ALLEN RD,,,,0.00,,,DONELSON PKE,,,,0.00,Y,Four-Way,Y,Intersection,None,,,         ,Allyson,Reis,Clear,Angle,no,no,no,no,no,False
102483648,METROPOLITAN NASHVILLE POLICE DEPT,20190622783,Davidson,Nashville,8/20/2019 10:50:00 PM,2,0,0,36.158290,-86.771890,HERMITAGE AV,,,,0.00,,,KOREAN VETERANS BLVD,,,,0.00,Y,Four-Way, ,,None,,,         ,Douglas,Mann,,,no,no,no,no,no,False
102483671,METROPOLITAN NASHVILLE POLICE DEPT,20190623218,Davidson,Nashville,8/21/2019 2:25:00 AM,2,0,0,36.248010,-86.720360,GALLATIN PKES,,,,0.00,,,DUE WEST AVW,,,,0.00,Y,Four-Way,N,Intersection,None,,,         ,Chad,Mahoney,Clear,HeadOn,no,no,no,no,no,False
102483724,METROPOLITAN NASHVILLE POLICE DEPT,20190623590,Davidson,Nashville,8/21/2019 5:40:00 AM,2,0,0,36.194550,-86.776210,I 65,,,,0.00,,,,,,,86.50,N,Not at Intersection, ,Non-Junction,None,,,         ,Jacob,Dick,Clear,Front to Rear,no,no,no,no,no,False
102483728,METROPOLITAN NASHVILLE POLICE DEPT,20190623537,Davidson,Nashville,8/21/2019 5:15:00 AM,1,0,0,36.227610,-86.668400,NEELYS BEND RD,,,,170.00,Feet,North,NEELYS BEND RD PVTDR,,,,0.00,N,Not at Intersection, ,Non-Junction,None,,,         ,Reuben,Hewit,Clear,Not Collision with Motor Vehicle in Transport,no,no,no,no,no,False
102483737,METROPOLITAN NASHVILLE POLICE DEPT,20190623694,Davidson,Nashville,8/21/2019 5:30:00 AM,1,0,0,36.138530,-86.776930,RIDLEY BLVD,,,,0.00,,,,,,,0.00,,,N,"Driveway, Alley Access, etc",None,,,         ,Nathan,Kemp,Clear,Not Collision with Motor Vehicle in Transport,no,no,no,no,yes,False
102483751,METROPOLITAN NASHVILLE POLICE DEPT,20190623732,Davidson,Nashville,8/21/2019 7:17:00 AM,2,0,0,36.207750,-86.776320,I 65,,,,0.00,,,,,,,87.40,N,Not at Intersection, ,Non-Junction,None,,,         ,Ronald,Bright,Clear,Front to Rear,no,no,no,no,no,False
102483765,METROPOLITAN NASHVILLE POLICE DEPT,20190623661,Davidson,Nashville,8/21/2019 6:43:00 AM,2,0,0,36.151990,-86.666430,DONELSON PKE,,,,164.00,Feet,North,NODYNE DR,,,,0.00,N,Not at Intersection, ,Non-Junction,None,,,         ,Michael,Dance,Clear,"Sideswipe, Same Direction",no,no,no,no,no,False
102483767,METROPOLITAN NASHVILLE POLICE DEPT,2019-0623624,Davidson,Nashville,8/21/2019 6:05:00 AM,2,0,0,36.147900,-86.744670,I 40,,,,0.00,,,,,,,212.00,N,Not at Intersection, ,Non-Junction,None,,,         ,Joshua,McGarvey,Clear,Front to Rear,no,no,no,no,no,False
102483779,GOODLETTSVILLE POLICE DEPT,19-31462,Davidson,Goodlettsville,8/21/2019 7:20:00 AM,2,0,0,36.311190,-86.702180,I 65,,,,0.00,,,,,,,96.10,N,Not at Intersection, ,Entrance/Exit Ramp Related,None,,,         ,Brian,Hajdu,Clear,"Sideswipe, Same Direction",no,no,no,no,no,False
102483781,METROPOLITAN NASHVILLE POLICE DEPT,20190623725,Davidson,Nashville,8/21/2019 7:14:00 AM,2,1,0,36.090330,-86.626500,SMITH SPRINGS RD,,,,0.00,,,BELL RD,,,,0.00,Y,Four-Way, ,Intersection-Related,None,,,         ,Tien,Nguyen,Clear,Front to Rear,no,no,no,no,no,False
102483785,METROPOLITAN NASHVILLE POLICE DEPT,20190623831,Davidson,Nashville,8/21/2019 8:00:00 AM,2,0,0,36.150900,-86.880890,SCHOLARSHIP DR,,,,0.00,,,ACHIEVEMENT DR,,,,0.00,Y,T-Intersection, ,Intersection,None,,,         ,Curtis,Rich,Clear,Angle,no,no,no,no,no,False
102483788,METROPOLITAN NASHVILLE POLICE DEPT,20190623696,Davidson,Nashville,8/21/2019 7:00:00 AM,2,0,0,36.109450,-86.728050,BRILEY PKWYN,,,,0.00,Feet,,EAST THOMPSON LN,,,,0.00,Y,Four-Way, ,Intersection,None,,,         ,Todd,Watson,Clear,Front to Rear,no,no,no,no,no,False
102483789,METROPOLITAN NASHVILLE POLICE DEPT,20190623841,Davidson,Nashville,8/21/2019 8:00:00 AM,1,1,0,36.169650,-86.805910,JEFFERSON ST,,,,220.00,Feet,East,DR D B TODD JR BLVD,,,,0.00,N,Not at Intersection,N,Non-Junction,None,,,         ,Jonathon,Sheppard,Clear,Not Collision with Motor Vehicle in Transport,no,yes,no,no,yes,False
102483790,METROPOLITAN NASHVILLE POLICE DEPT,20190623662,Davidson,Nashville,8/21/2019 6:47:00 AM,3,0,0,36.153770,-86.762500,CARROLL ST,,,,517.00,Feet,East,UNIVERSITY CT,,,,0.00,N,Not at Intersection,N,Non-Junction,None,,,         ,Michael,Dance,Clear,Angle,no,no,no,no,no,False
102483799,METROPOLITAN NASHVILLE POLICE DEPT,20190623698,Davidson,Goodlettsville,8/21/2019 6:50:00 AM,2,0,0,36.286570,-86.727160,I 65,,,,0.00,,,,,,,93.90,N,Not at Intersection,N,Non-Junction,None,,,         ,Nathaniel,Carroll,Clear,Front to Rear,no,no,no,no,no,False
102483804,METROPOLITAN NASHVILLE POLICE DEPT,2019-0623761,Davidson,Old Hickory,8/21/2019 7:24:00 AM,2,2,0,36.267510,-86.667440,ROBINSON RD,,,,396.00,Feet,East,OLD HICKORY BUSINESS PARK PVTD,,,,0.00,N,Not at Intersection,N,Non-Junction,None,,,         ,Calvin,Graham,Clear,Unknown,no,no,no,no,yes,False
102483817,METROPOLITAN NASHVILLE POLICE DEPT,20190623822,Davidson,Nashville,8/21/2019 7:49:00 AM,2,0,0,36.122380,-86.726940,I440 W ENT RAMP,,,,0.00,Feet,East,I 24,,,,0.00,N,Not at Intersection,N,Non-Junction,Construction Zone,Laneclosure,Transition Area,         ,Charles,Wakefield,Clear,"Sideswipe, Same Direction",no,no,no,no,no,False
102483826,METROPOLITAN NASHVILLE POLICE DEPT,20190623804,Davidson,Not in City Limit,8/21/2019 7:46:00 AM,2,0,0,36.273450,-86.709960,ANDERSON LN,,,,0.00,,,US HWY 31E,,,,0.00,Y,OTHER, ,Intersection-Related,None,,,         ,Spencer,Pittman,Clear,"Sideswipe, Same Direction",no,no,no,no,no,False
102483827,GOODLETTSVILLE POLICE DEPT,19-31461,Davidson,Goodlettsville,8/21/2019 8:17:00 AM,2,0,0,36.315020,-86.712760,RIVERGATE PKWY,,,,254.00,Feet,East,DONALD AV,,,,0.00,N,Not at Intersection, ,Non-Junction,None,,,         ,Timothy,Williams,Clear,Angle,no,no,no,no,no,False
102483828,METROPOLITAN NASHVILLE POLICE DEPT,20190623700,Davidson,Nashville,8/21/2019 6:41:00 AM,2,1,0,36.155640,-86.789710,14TH AVE,,,,0.00,,,US HWY 70,,,,0.00,Y,Four-Way,N,Intersection,None,,,         ,William,Caillouette,Clear,"Sideswipe, Same Direction",no,no,no,no,no,False
102483843,METROPOLITAN NASHVILLE POLICE DEPT,20190623701,Davidson,Not in City Limit,8/21/2019 6:50:00 AM,2,0,0,36.320340,-86.850710,I 24,,,,0.00,,,,,,,36.00,N,Not at Intersection,N,Non-Junction,None,,,         ,Kiana,Perry,Clear,Front to Rear,no,no,no,no,no,False
102483859,METROPOLITAN NASHVILLE POLICE DEPT,20190624037,Davidson,Nashville,8/21/2019 9:20:00 AM,2,0,0,36.096780,-86.708520,I 24,,,,0.00,,,,,,,54.85,N,Not at Intersection, ,,None,,,         ,Joseph,Simon,,,no,no,no,no,no,False
102483864,METROPOLITAN NASHVILLE POLICE DEPT,20190623973,Davidson,Nashville,8/21/2019 8:48:00 AM,2,2,0,36.208950,-86.777910,BRICK CHURCH PKE,,,,43.00,Feet,South,AVONDALE CIR,,,,0.00,N,Not at Intersection,N,Non-Junction,None,,,         ,James,Wray,Clear,Angle,no,no,no,no,no,False
102483875,THP District 9 - Administrative,319053624,Davidson,Nashville,8/20/2019 4:30:00 PM,2,0,0,36.166500,-86.787220,ROSA L PARKS BLVD,,,,46.00,Feet,East,JAMES ROBERTSON PKWY,,,,0.00,N,Not at Intersection, ,Non-Junction,None,,,         ,Julio,Lassalle,Clear,Angle,no,no,no,no,yes,False
102483899,METROPOLITAN NASHVILLE POLICE DEPT,20190623943,Davidson,Nashville,8/21/2019 8:37:00 AM,2,1,0,36.135990,-86.698810,BRILEY PKWYS,,,,0.00,,,ARBOR CREEK BLVD,,,,0.00,Y,Four-Way,N,Intersection-Related,None,,,         ,Terry,Denton,Clear,Front to Rear,no,no,no,no,no,False
102483913,METROPOLITAN NASHVILLE POLICE DEPT,20190624257,Davidson,Nashville,8/21/2019 10:50:00 AM,2,0,0,36.104260,-86.815150,HILLSBORO PKE,,,,254.00,Feet,South,RICHARD JONES RD,,,,0.00,N,Not at Intersection, ,Non-Junction,None,,,         ,Curtis,Rich,Clear,Front to Rear,no,no,no,no,no,False
102483917,METROPOLITAN NASHVILLE POLICE DEPT,20190624145,Davidson,Nashville,8/21/2019 10:00:00 AM,2,0,0,36.184760,-86.798170,ROSA L PARKS BLVD,,,,0.00,,,I65 S ENT RAMP,,,,0.00,Y,Four-Way,N,Intersection,None,,,         ,Kevin,Reynolds,Clear,"Sideswipe, Same Direction",no,no,no,no,no,False
102483935,METROPOLITAN NASHVILLE POLICE DEPT,20190624320,Davidson,Nashville,8/21/2019 11:24:00 AM,2,0,0,36.142290,-86.666620,I40 W ENT RAMP,,,,0.00,,,I 40,,,,0.00,Y,Four-Way, ,Intersection-Related,None,,,         ,Tien,Nguyen,Clear,Front to Rear,no,no,no,no,no,False
102483941,METROPOLITAN NASHVILLE POLICE DEPT,20190623795,Davidson,Not in City Limit,8/21/2019 7:20:00 AM,2,0,0,36.267220,-86.726120,RONNIE RD,,,,0.00,,,DIANE DR,,,,0.00,Y,T-Intersection,Y,Intersection,None,,,         ,Brandon,Bilbrey,Clear,Angle,no,no,no,no,no,False
102483943,METROPOLITAN NASHVILLE POLICE DEPT,20190624328,Davidson,Nashville,8/21/2019 11:30:00 AM,1,1,0,36.098760,-86.657010,OLD MURFREESBORO PKE,,,,1024.00,Feet,North,SMITH SPRINGS RD,,,,0.00,N,Not at Intersection,N,Non-Junction,None,,,         ,Michael,Dance,Clear,Not Collision with Motor Vehicle in Transport,no,no,no,no,no,False
102483954,METROPOLITAN NASHVILLE POLICE DEPT,20190624121,Davidson,Nashville,8/21/2019 9:43:00 AM,2,1,0,36.167010,-86.763730,SHELBY AV,,,,0.00,,,S 4TH ST,,,,0.00,Y,Four-Way,N,Intersection,None,,,         ,Dillon,Hunt,Clear,Angle,no,no,no,no,no,False
102483955,METROPOLITAN NASHVILLE POLICE DEPT,20190624329,Davidson,Nashville,8/21/2019 11:27:00 AM,2,0,0,36.105260,-86.763530,POWELL AV,,,,0.00,Feet,,ARMORY OAKS DR,,,,0.00,Y,T-Intersection, ,Non-Junction,Utility Zone,,,         ,Justin,Pinkelton,Clear,"Sideswipe, Same Direction",no,no,no,no,no,False
102483957,METROPOLITAN NASHVILLE POLICE DEPT,20190623618,Davidson,Nashville,8/21/2019 5:27:00 AM,7,1,0,36.076610,-86.651280,CLAPHAM RD,,,,343.00,Feet,West,SPLIT OAK TRL,,,,0.00,N,Not at Intersection,N,Non-Junction,None,,,         ,Jessie,Meadows,Clear,"Sideswipe, Same Direction",no,no,no,no,no,False
102483980,METROPOLITAN NASHVILLE POLICE DEPT,20190624467,Davidson,Nashville,8/21/2019 12:22:00 PM,2,0,0,36.149910,-86.871480,I 40,,,,0.00,,,,,,,203.15,N,Not at Intersection, ,Non-Junction,None,,,         ,Curtis,Rich,Clear,"Sideswipe, Same Direction",no,no,no,no,yes,False
102483994,METROPOLITAN NASHVILLE POLICE DEPT,20190624353,Davidson,Nashville,8/21/2019 11:34:00 AM,2,1,0,36.126430,-86.826320,BOWLING AV,,,,100.00,Feet,South,BELLWOOD AV,,,,0.00,N,Not at Intersection,N,Non-Junction,None,,,         ,Walter,Gray II,Clear,"Sideswipe, Opposite Direction",no,no,no,no,no,False
102483997,METROPOLITAN NASHVILLE POLICE DEPT,20190624383,Davidson,Nashville,8/21/2019 11:42:00 AM,2,0,0,36.158730,-86.818530,28TH AVN,,,,0.00,Feet,,CLIFTON AV,,,,0.00,Y,Four-Way,N,Intersection,None,,,         ,Kevin,Reynolds,Clear,Angle,no,no,no,no,no,False