master_record_number,agency,agency_tracking_number,county,city,collision_date,vehicles_involved,number_injured,number_dead,latitude,longitude,roadway_name,roadway_suffix,roadway_number,roadway_local_id,distance_from_reference,miles-feet_indicator,direction_from_reference,intersection_road_name,intersection_road_name_suffix,intersection_road_number,intersection_local_id,mile_marker,intersection_indicator,intersect_type,interchange_related_indicator,relation_to_junction,work_zone_type,construction_maintenance_zone,construction_maintenance_zone_location,fatal_case_number,officer_first_name,officer_last_name,weather_condition(s),manner_of_crash,pedestrian,bicycle,scooter,parking,hitrun,mou
102484747,METROPOLITAN NASHVILLE POLICE DEPT,20190626496,Davidson,Nashville,8/22/2019 5:45:00 AM,2,2,0,36.231070,-86.724940,GALLATIN PKE,,,,0.00,,,SOLLEY DR,,,,0.00,Y,T-Intersection,Y,Intersection-Related,None,,,         ,Joshua,Whitworth,Clear,Angle,no,no,no,no,no,False
102484753,METROPOLITAN NASHVILLE POLICE DEPT,20190626508,Davidson,Nashville,8/22/2019 5:53:00 AM,1,1,0,36.130940,-86.754290,WOODYCREST AV,,,,0.00,,,INTERSTATE BLVDS,,,,0.00,Y,T-Intersection,Y,Intersection,None,,,         ,Kevin,Breeding,Cloudy,Not Collision with Motor Vehicle in Transport,yes,no,no,yes,no,False
102484757,METROPOLITAN NASHVILLE POLICE DEPT,20190626673,Davidson,Nashville,8/22/2019 7:27:00 AM,2,0,0,36.131300,-86.801510,21ST AVS,,,,0.00,,,BERNARD AV,,,,0.00,Y,T-Intersection, ,Intersection,None,,,         ,Nathan,Kemp,Clear,Angle,no,no,no,no,no,False
102484760,METROPOLITAN NASHVILLE POLICE DEPT,20190626683,Davidson,Nashville,8/22/2019 7:35:00 AM,2,2,0,36.160910,-86.621150,I 40,,,,0.00,,,,,,,219.60,N,Not at Intersection,N,Non-Junction,None,,,         ,Michael,Dance,Clear,Front to Rear,no,no,no,no,no,False
102484762,VANDERBILT UNIVERSITY POLICE,20190624473,Davidson,Nashville,8/21/2019 12:17:00 PM,2,0,0,36.145520,-86.799640,21ST AVS,,,,203.00,Feet,South,SCARRITT PL,,,,0.00,N,Not at Intersection, ,"Driveway, Alley Access, etc",None,,,         ,Marsha,Hayes,Clear,Angle,no,no,no,no,no,Campus
102484771,METROPOLITAN NASHVILLE POLICE DEPT,20190626613,Davidson,Nashville,8/22/2019 7:02:00 AM,2,1,0,36.142250,-86.710950,I 40,,,,0.00,,,,,,,214.15,N,Not at Intersection,N,Non-Junction,None,,,         ,Tien,Nguyen,Clear,Front to Rear,no,no,no,no,no,False
102484772,METROPOLITAN NASHVILLE POLICE DEPT,20190626715,Davidson,Nashville,8/22/2019 7:53:00 AM,2,0,0,36.167660,-86.663320,LEBANON PKE,,,,0.00,,,DONELSON PKE,,,,0.00,Y,Four-Way, ,Intersection-Related,None,,,         ,Tien,Nguyen,Clear,Front to Rear,no,no,no,no,no,False
102484780,METROPOLITAN NASHVILLE POLICE DEPT,2019626601,Davidson,Nashville,8/22/2019 7:15:00 AM,2,0,0,36.160760,-86.793690,14TH AVN,,,,0.00,,,CHARLOTTE AV,,,,0.00,Y,Four-Way, ,Intersection,None,,,         ,Wesley,Young,Clear,"Sideswipe, Same Direction",no,no,no,no,no,False
102484791,METROPOLITAN NASHVILLE POLICE DEPT,20190626761,Davidson,Nashville,8/22/2019 8:00:00 AM,2,0,0,36.166200,-86.834990,39TH AVN,,,,0.00,,,DR WALTER S DAVIS BLVD,,,,0.00,Y,T-Intersection, ,Intersection,None,,,         ,Curtis,Rich,Clear,Angle,no,no,no,no,no,False
102484795,METROPOLITAN NASHVILLE POLICE DEPT,20190626711,Davidson,Nashville,8/22/2019 7:45:00 AM,2,0,0,36.160880,-86.802120,DR D B TODD JR BLVD,,,,153.00,Feet,North,JO JOHNSTON AV,,,,0.00,N,Not at Intersection, ,Non-Junction,None,,,         ,Wesley,Young,Clear,"Sideswipe, Same Direction",no,no,no,no,no,False
102484798,METROPOLITAN NASHVILLE POLICE DEPT,20190626660,Davidson,Not in City Limit,8/22/2019 7:26:00 AM,2,2,0,36.258850,-86.738450,I 65,,,,0.00,,,,,,,91.85,N,Not at Intersection,N,Non-Junction,None,,,         ,Matthew,Harris,Cloudy,Front to Rear,no,no,no,no,no,False
102484800,METROPOLITAN NASHVILLE POLICE DEPT,20190626827,Davidson,Nashville,8/22/2019 8:35:00 AM,2,0,0,36.141720,-86.714180,I 40,,,,0.00,,,,,,,214.00,N,Not at Intersection, ,Non-Junction,None,,,         ,Tien,Nguyen,Clear,Front to Rear,no,no,no,no,no,False
102484801,VANDERBILT UNIVERSITY POLICE,20190626749,Davidson,Nashville,8/21/2019 12:00:00 AM,2,0,0,36.142370,-86.810910,NATCHEZ TRC,,,,0.00,,,,,,,0.00,,, ,Non-Junction,None,,,         ,O'Darra,Beauvais,Clear,Angle,no,no,no,yes,yes,Campus
102484823,THP District 9 - Administrative,319053622,Davidson,Nashville,8/20/2019 4:15:00 PM,1,0,0,36.145780,-86.653680,MCCRORY CREEK RD,,,,794.00,Feet,South,HONEYBROOK DR,,,,0.00,N,Not at Intersection,N,Non-Junction,None,,,         ,Maurey,Williams,Rain,Not Collision with Motor Vehicle in Transport,no,no,no,no,no,False
102484826,METROPOLITAN NASHVILLE POLICE DEPT,20190626921,Davidson,Nashville,8/22/2019 9:16:00 AM,2,0,0,36.136710,-86.787390,WADE AV,,,,234.00,Feet,West,11TH AVS,,,,0.00,N,Not at Intersection, ,,None,,,         ,Nathan,Kemp,,,no,no,no,no,no,False
102484828,METROPOLITAN NASHVILLE POLICE DEPT,20190626846,Davidson,Nashville,8/22/2019 8:00:00 AM,2,0,0,36.165980,-86.765790,I24 E ENT RAMP,,,,0.00,Feet,East,I 24,,,,0.00,N,Not at Intersection, ,Non-Junction,None,,,         ,Tony,Folad,Clear,Front to Rear,no,no,no,no,no,False
102484830,METROPOLITAN NASHVILLE POLICE DEPT,20190626817,Davidson,Nashville,8/22/2019 8:15:00 AM,2,0,0,36.149810,-86.859430,CHARLOTTE PKE,,,,9.00,Feet,West,MIDLAND AV,,,,0.00,N,Not at Intersection, ,Non-Junction,None,,,         ,George,Spencer,Clear,"Sideswipe, Same Direction",no,no,no,no,no,False
102484835,METROPOLITAN NASHVILLE POLICE DEPT,20190626882,Davidson,Nashville,8/22/2019 9:00:00 AM,2,0,0,36.096970,-86.708680,I 24,,,,0.00,,,,,,,54.80,N,Not at Intersection, ,,None,,,         ,Ryan,Howard,,,no,no,no,no,no,False
102484839,METROPOLITAN NASHVILLE POLICE DEPT,20190626804,Davidson,Nashville,8/22/2019 8:20:00 AM,2,0,0,36.211740,-86.581010,GARLAND DR,,,,104.00,Feet,North,LATTING DR,,,,0.00,N,Not at Intersection, ,Non-Junction,None,,,         ,Graham,Binkley,Cloudy,"Sideswipe, Same Direction",no,no,no,no,no,False
102484840,METROPOLITAN NASHVILLE POLICE DEPT,20190626854,Davidson,Nashville,8/22/2019 8:44:00 AM,2,0,0,36.152800,-86.824800,CHARLOTTE AV,,,,182.00,Feet,West,33RD AVN,,,,0.00,N,Not at Intersection, ,Non-Junction,None,,,         ,Roger,Luther,Clear,Front to Rear,no,no,no,no,no,False
102484843,METROPOLITAN NASHVILLE POLICE DEPT,20190626760,Davidson,Nashville,8/22/2019 8:12:00 AM,3,0,0,36.141370,-86.716320,I 40,,,,0.00,,,,,,,213.85,N,Not at Intersection, ,Non-Junction,None,,,         ,Michael,Dance,Clear,Front to Rear,no,no,no,no,no,False
102484858,METROPOLITAN NASHVILLE POLICE DEPT,20190626667,Davidson,Nashville,8/22/2019 7:11:00 AM,3,0,0,36.202640,-86.776860,I 65,,,,0.00,,,,,,,87.05,N,Not at Intersection,N,Non-Junction,None,,,         ,Royce,McLester,Cloudy,Front to Rear,no,no,no,no,no,False
102484869,METROPOLITAN NASHVILLE POLICE DEPT,20190626831,Davidson,Nashville,8/22/2019 8:39:00 AM,2,1,0,36.173590,-86.602150,OLD HICKORY BLVD,,,,0.00,,,CENTRAL PKE,,,,0.00,Y,Four-Way,N,Intersection,None,,,         ,William,Mckay,Clear,Angle,no,no,no,no,yes,False
102484872,METROPOLITAN NASHVILLE POLICE DEPT,20190626774,Davidson,Nashville,8/22/2019 8:18:00 AM,2,0,0,36.132010,-86.726870,I24E,,,,625.00,Feet,North,I24 W EXT RAMP,,,,0.00,N,Not at Intersection, ,Non-Junction,None,,,         ,Jessie,Meadows,Clear,"Sideswipe, Same Direction",no,no,no,no,no,False
102484874,THP District 3 - Nashville,319053632,Davidson,Nashville,8/20/2019 4:57:00 PM,2,0,0,36.132650,-86.727160,I 24,,,,0.00,,,,,,,52.00,N,Not at Intersection, ,,None,,,         ,Aaron,Ranker,,,no,no,no,no,no,False
102484883,METROPOLITAN NASHVILLE POLICE DEPT,20190626872,Davidson,Nashville,8/22/2019 8:53:00 AM,2,0,0,36.174670,-86.771180,I 24,,,,0.00,,,,,,,48.10,N,Not at Intersection, ,Non-Junction,None,,,         ,Destiny,Zunic,Clear,Front to Rear,no,no,no,no,no,False
102484884,METROPOLITAN NASHVILLE POLICE DEPT,20190626927,Davidson,Nashville,8/22/2019 9:10:00 AM,2,0,0,36.204580,-86.748390,E TRINITY LN,,,,0.00,,,AMBROSE AV,,,,0.00,Y,T-Intersection, ,Intersection,None,,,         ,Russell,Freeman,Clear,Angle,no,no,no,no,no,False
102484885,GOODLETTSVILLE POLICE DEPT,19-31652,Davidson,Goodlettsville,8/22/2019 9:35:00 AM,2,0,0,36.304380,-86.719300,DICKERSON PKES,,,,351.00,Feet,South,MOSS TRL,,,,0.00,N,Not at Intersection,N,Non-Junction,None,,,         ,George,Forbes,Cloudy,Other,no,no,no,yes,no,False
102484891,Nashville Airport Police,2019-03509,Davidson,Nashville,8/15/2019 12:00:00 AM,2,0,0,36.128490,-86.665370,DONELSON PKE,,,,234.00,Feet,South,DONELSON PKE S ENT RAMP,,,,0.00,N,Not at Intersection, ,Non-Junction,None,,,         ,Taran,Perry,Clear,"Sideswipe, Same Direction",no,no,no,no,no,False
102484896,METROPOLITAN NASHVILLE POLICE DEPT,20190626624,Davidson,Nashville,8/22/2019 7:00:00 AM,2,0,0,36.157840,-86.760430,I 24,,,,0.00,,,,,,,49.60,N,Not at Intersection, ,,None,,,         ,John,Jones,,,no,no,no,no,no,False
102484901,METROPOLITAN NASHVILLE POLICE DEPT,20190626674,Davidson,Nashville,8/22/2019 7:25:00 AM,2,0,0,36.205890,-86.768610,E TRINITY LN,,,,0.00,Feet,,W TRINITY LN,,,,0.00,Y,Four-Way,N,Intersection-Related,None,,,         ,Nicholas,Silinsky,Clear,"Sideswipe, Same Direction",no,no,no,no,yes,False
102484907,METROPOLITAN NASHVILLE POLICE DEPT,20190626899,Davidson,Nashville,8/22/2019 9:07:00 AM,2,0,0,36.207290,-86.791030,W TRINITY LN,,,,195.00,Feet,East,WHITES CREEK PKE,,,,0.00,N,Not at Intersection,N,Non-Junction,None,,,         ,Fabjan,Llukaj,Cloudy,Angle,no,no,no,no,no,False
102484911,METROPOLITAN NASHVILLE POLICE DEPT,20190626879,Davidson,Nashville,8/22/2019 8:55:00 AM,2,0,0,36.045600,-86.710800,OLD HICKORY BLVD,,,,731.00,Feet,East,NOLENSVILLE PKE,,,,0.00,N,Not at Intersection, ,Non-Junction,None,,,         ,Jessie,Meadows,Clear,Angle,no,no,no,no,no,False
102484914,METROPOLITAN NASHVILLE POLICE DEPT,20190626939,Davidson,Nashville,8/22/2019 9:32:00 AM,2,0,0,36.184150,-86.610340,ANDREW JACKSON PKWY,,,,205.00,Feet,North,OLD HICKORY BLVD,,,,0.00,N,Not at Intersection, ,OtherLocation,None,,,         ,Tien,Nguyen,Clear,Angle,no,no,no,no,no,False
102484917,METROPOLITAN NASHVILLE POLICE DEPT,20190627156,Davidson,Nashville,8/22/2019 11:06:00 AM,2,0,0,36.179480,-86.605640,OLD HICKORY BLVD,,,,301.00,Feet,North,I40 E EXT RAMP,,,,0.00,N,Not at Intersection,N,Non-Junction,None,,,         ,Thomas,Odom,Clear,"Sideswipe, Same Direction",no,no,no,no,yes,False
102484930,METROPOLITAN NASHVILLE POLICE DEPT,20190627198,Davidson,Nashville,8/22/2019 11:33:00 AM,2,0,0,36.215120,-86.597670,LEBANON PKE,,,,0.00,,,ANDREW JACKSON PKWY,,,,0.00,Y,Four-Way, ,Non-Junction,None,,,         ,Michael,Dance,Clear,Angle,no,no,no,no,no,False
102484932,METROPOLITAN NASHVILLE POLICE DEPT,20190626932,Davidson,Nashville,8/22/2019 9:12:00 AM,2,0,0,36.047680,-86.713540,NOLENSVILLE PKE,,,,407.00,Feet,South,HICKORYVIEW DR,,,,0.00,N,Not at Intersection, ,Non-Junction,None,,,         ,Jessie,Meadows,Clear,"Sideswipe, Same Direction",no,no,no,no,no,False
102484943,METROPOLITAN NASHVILLE POLICE DEPT,20190627096,Davidson,Nashville,8/22/2019 10:42:00 AM,2,0,0,36.141890,-86.767460,HUMPHREYS ST,,,,99.00,Feet,East,BROWN ST,,,,0.00,N,Not at Intersection, ,,None,,,         ,Nathan,Kemp,,,no,no,no,no,no,False
102484944,METROPOLITAN NASHVILLE POLICE DEPT,20190627185,Davidson,Nashville,8/22/2019 11:29:00 AM,2,0,0,36.041030,-86.746270,OLD HICKORY BLVD,,,,563.00,Feet,East,BRENTWOOD MEADOWS CIR,,,,0.00,N,Not at Intersection,N,Non-Junction,None,,,         ,Nathan,Kemp,Clear,Front to Rear,no,no,no,no,no,False
102484949,METROPOLITAN NASHVILLE POLICE DEPT,20190626953,Davidson,Nashville,8/22/2019 9:40:00 AM,2,0,0,36.124370,-86.727800,I 24,,,,0.00,,,,,,,52.60,N,Not at Intersection, ,Non-Junction,None,,,         ,Jessie,Meadows,Clear,"Sideswipe, Same Direction",no,no,no,no,yes,False
102484955,METROPOLITAN NASHVILLE POLICE DEPT,20190626755,Davidson,Nashville,8/22/2019 7:50:00 AM,2,0,0,36.274580,-86.735730,I 65,,,,0.00,,,,,,,93.00,N,Not at Intersection, ,Non-Junction,None,,,         ,Brandon,Bilbrey,Clear,Front to Rear,no,no,no,no,no,False
102484962,METROPOLITAN NASHVILLE POLICE DEPT,20190627293,Davidson,Nashville,8/22/2019 11:59:00 AM,2,0,0,36.112180,-86.888400,BROWNLEE DR,,,,0.00,,,BROOK HOLLOW RD,,,,0.00,Y,Four-Way,N,Intersection,None,,,         ,Curtis,Rich,Cloudy,Angle,no,no,no,no,no,False
102484970,METROPOLITAN NASHVILLE POLICE DEPT,20190627191,Davidson,Not in City Limit,8/22/2019 10:56:00 AM,2,0,0,36.079330,-86.953050,HIGHWAY 70S,,,,162.00,Feet,East,COLEY DAVIS RD,,,,0.00,N,Not at Intersection, ,Non-Junction,None,,,         ,Jack,Crouch,Clear,Angle,no,no,no,yes,no,False
102484971,BERRY HILL POLICE DEPT,19-3424,Davidson,Berry Hill,8/21/2019 1:06:00 PM,1,0,0,36.124420,-86.776840,FRANKLIN PKE,,,,209.00,Feet,South,INVERNESS AV,,,,0.00,N,Not at Intersection, ,"Driveway, Alley Access, etc",None,,,         ,Ronnie,Hill,Clear,Not Collision with Motor Vehicle in Transport,no,no,no,yes,yes,False
102484980,METROPOLITAN NASHVILLE POLICE DEPT,20190627174,Davidson,Nashville,8/22/2019 11:20:00 AM,2,0,0,36.063270,-86.690110,PACKARD DR,,,,146.00,Feet,West,PANAMINT DR,,,,0.00,N,Not at Intersection, ,Non-Junction,None,,,         ,Jessie,Meadows,Clear,"Sideswipe, Opposite Direction",no,no,no,no,no,False
102484984,METROPOLITAN NASHVILLE POLICE DEPT,20190627188,Davidson,Nashville,8/22/2019 11:30:00 AM,2,0,0,36.136590,-86.727040,I24E,,,,129.00,Feet,West,I24 E ENT RAMP,,,,0.00,N,Not at Intersection, ,Non-Junction,None,,,         ,Charles,Wakefield,Clear,"Sideswipe, Same Direction",no,no,no,no,no,False
102484995,METROPOLITAN NASHVILLE POLICE DEPT,20190627325,Davidson,Nashville,8/22/2019 11:00:00 AM,2,0,0,36.108640,-86.721100,I 24,,,,0.00,,,,,,,53.80,N,Not at Intersection, ,,None,,,         ,Brian,Ewing,,,no,no,no,no,no,False
102485010,METROPOLITAN NASHVILLE POLICE DEPT,20190627027,Davidson,Nashville,8/22/2019 10:00:00 AM,2,0,0,36.158810,-86.798160,17TH AVN,,,,0.00,,,CHARLOTTE AV,,,,0.00,Y,Four-Way,N,Intersection,None,,,         ,Wesley,Young,Clear,Front to Rear,no,no,no,no,yes,False
102485051,METROPOLITAN NASHVILLE POLICE DEPT,20190627388,Davidson,Nashville,8/22/2019 1:10:00 PM,1,1,0,36.177350,-86.604300,OLD HICKORY BLVD,,,,66.00,Feet,West,HERMITAGE WOODS DR,,,,0.00,N,Not at Intersection,N,Non-Junction,None,,,         ,Michael,Dance,Clear,Not Collision with Motor Vehicle in Transport,no,no,no,no,no,False
102485053,METROPOLITAN NASHVILLE POLICE DEPT,20190627244,Davidson,Nashville,8/22/2019 11:45:00 AM,2,0,0,36.161200,-86.792680,CHARLOTTE AV,,,,0.00,,,GEORGE L DAVIS BLVD,,,,0.00,Y,Four-Way,N,Intersection,None,,,         ,Wesley,Young,Clear,"Sideswipe, Same Direction",no,no,no,no,yes,False
102485055,METROPOLITAN NASHVILLE POLICE DEPT,20190627434,Davidson,Nashville,8/22/2019 1:30:00 PM,2,0,0,36.078060,-86.642700,MURFREESBORO PKE,,,,132.00,Feet,East,MARTWAY DR,,,,0.00,N,Not at Intersection,N,Non-Junction,None,,,         ,Tien,Nguyen,Clear,Front to Rear,no,no,no,no,yes,False
102485057,METROPOLITAN NASHVILLE POLICE DEPT,20190627421,Davidson,Nashville,8/22/2019 1:22:00 PM,2,0,0,36.193970,-86.830930,BUENA VISTA PKE,,,,142.00,Feet,North,CLARKSVILLE PKE,,,,0.00,N,Not at Intersection, ,,None,,,         ,Fabjan,Llukaj,,,no,no,no,no,no,False
102485058,METROPOLITAN NASHVILLE POLICE DEPT,20190627238,Davidson,Nashville,8/22/2019 11:40:00 AM,2,0,0,36.154130,-86.794660,17TH AVN,,,,146.00,Feet,North,WEST END AV,,,,0.00,N,Not at Intersection,N,Non-Junction,None,,,         ,Gregory,Scott,Clear,"Sideswipe, Same Direction",no,no,no,no,yes,False
102485065,METROPOLITAN NASHVILLE POLICE DEPT,20190627142,Davidson,Nashville,8/22/2019 10:25:00 AM,2,1,0,36.228110,-86.779760,I 24,,,,0.00,,,,,,,44.35,N,Not at Intersection,N,Non-Junction,None,,,         ,John,Jones,Clear,Not Collision with Motor Vehicle in Transport,no,no,no,no,no,False
102485070,METROPOLITAN NASHVILLE POLICE DEPT,20190627471,Davidson,Nashville,8/22/2019 1:37:00 PM,2,0,0,36.122480,-86.752170,I 440,,,,0.00,,,,,,,6.25,N,Not at Intersection, ,Non-Junction,Construction Zone,,,         ,Justin,Pinkelton,Cloudy,Front to Rear,no,no,no,no,no,False
102485071,METROPOLITAN NASHVILLE POLICE DEPT,20190627222,Davidson,Antioch,8/22/2019 11:48:00 AM,2,0,0,36.016850,-86.619880,FIRESTONE PKWY,,,,0.00,,,OLD HICKORY BLVD,,,,0.00,Y,Four-Way, ,Non-Junction,None,,,         ,Steven,Williams,Clear,Angle,no,no,no,no,no,False
102485090,METROPOLITAN NASHVILLE POLICE DEPT,20190627469,Davidson,Nashville,8/22/2019 1:51:00 PM,3,1,0,36.121800,-86.754350,I 440,,,,0.00,,,,,,,6.10,N,Not at Intersection,N,Non-Junction,None,,,         ,Nathan,Kemp,Clear,Front to Rear,no,no,no,no,no,False
102485097,METROPOLITAN NASHVILLE POLICE DEPT,20190627435,Davidson,Nashville,8/22/2019 1:32:00 PM,2,0,0,36.143710,-86.764600,3RD AVS,,,,480.00,Feet,North,2ND AVS,,,,0.00,N,Not at Intersection, ,Non-Junction,None,,,         ,Jessie,Meadows,Clear,"Sideswipe, Same Direction",no,no,no,no,no,False
102485117,VANDERBILT UNIVERSITY POLICE,20190627227,Davidson,Nashville,8/22/2019 11:33:00 AM,2,0,0,36.142370,-86.806340,25TH AVS,,,,0.00,,,,,,,0.00,,Not at Intersection, ,Non-Junction,None,,,         ,Eugene,Kessler,Clear,HeadOn,no,no,no,yes,no,Campus
102485138,METROPOLITAN NASHVILLE POLICE DEPT,20190627504,Davidson,Nashville,8/22/2019 2:08:00 PM,2,1,0,36.078470,-86.767390,LAMBERT DR,,,,581.00,Feet,North,BRINDLEY DR,,,,0.00,N,Not at Intersection,N,Non-Junction,None,,,         ,Ian,Hammond,Rain,"Sideswipe, Opposite Direction",no,no,no,no,no,False
102485139,Nashville Airport Police,2019-03605,Davidson,Nashville,8/21/2019 3:00:00 PM,2,0,0,36.137020,-86.666150,I40 W ENT RAMP,,,,79.00,Feet,West,TERMINAL DR,,,,0.00,N,Not at Intersection, ,Non-Junction,None,,,         ,Lucas,Delheimer,Clear,"Sideswipe, Same Direction",yes,no,no,yes,no,False
102485172,METROPOLITAN NASHVILLE POLICE DEPT,20190627594,Davidson,Nashville,8/22/2019 2:37:00 PM,2,0,0,36.143380,-86.686830,I 40,,,,0.00,,,,,,,215.45,N,Not at Intersection, ,,None,,,         ,Jason,Milyaro Lucas,,,no,no,no,no,no,False
102485181,METROPOLITAN NASHVILLE POLICE DEPT,20190627609,Davidson,Nashville,8/22/2019 3:07:00 PM,2,0,0,36.168550,-86.813400,I40 E EXT RAMP,,,,0.00,,,JEFFERSON ST,,,,0.00,Y,T-Intersection, ,Intersection-Related,None,,,         ,Russell,Jones,Cloudy,Front to Rear,no,no,no,no,no,False
102485187,METROPOLITAN NASHVILLE POLICE DEPT,20190627694,Davidson,Not in City Limit,8/22/2019 3:41:00 PM,3,0,0,36.264130,-86.725570,OLD HICKORY BLVDW,,,,132.00,Feet,West,BEVERLY DR,,,,0.00,N,Not at Intersection,N,Non-Junction,None,,,         ,Christopher,Littles,Cloudy,Front to Rear,no,no,no,no,yes,False
102485190,METROPOLITAN NASHVILLE POLICE DEPT,20190627583,Davidson,Nashville,8/22/2019 2:36:00 PM,2,0,0,36.167090,-86.663410,DONELSON PKE,,,,209.00,Feet,South,LEBANON PKE,,,,0.00,N,Not at Intersection,N,Non-Junction,None,,,         ,Allyson,Reis,Clear,Angle,no,no,no,no,no,False
102485198,METROPOLITAN NASHVILLE POLICE DEPT,20190627724,Davidson,Nashville,8/22/2019 3:50:00 PM,2,0,0,36.165890,-86.776310,GAY ST,,,,71.00,Feet,North,DOWNTOWN GRNWY,,,,0.00,N,Not at Intersection,N,Non-Junction,None,,,         ,Michael,Dance,Clear,Angle,no,no,no,no,no,False
102485204,METROPOLITAN NASHVILLE POLICE DEPT,20190627625,Davidson,Nashville,8/22/2019 3:14:00 PM,2,0,0,36.134280,-86.780570,WEDGEWOOD AV,,,,0.00,,,BEECH AV,,,,0.00,Y,Four-Way, ,,None,,,         ,FELIKS,ABRAHAMYAN,,,no,no,no,no,no,False
102485206,METROPOLITAN NASHVILLE POLICE DEPT,20190627597,Davidson,Nashville,8/22/2019 12:00:00 PM,2,0,0,36.193660,-86.831220,CLARKSVILLE PKE,,,,0.00,Feet,West,BUENA VISTA PKE,,,,0.00,N,Not at Intersection, ,Non-Junction,None,,,         ,Justin,Vaughn,Clear,HeadOn,no,no,no,no,yes,False
102485208,METROPOLITAN NASHVILLE POLICE DEPT,20190627602,Davidson,Nashville,8/22/2019 2:44:00 PM,2,3,0,36.103580,-86.729810,SOUTHLAKE DR,,,,115.00,Feet,East,SOUTHLAKE CT,,,,0.00,N,Not at Intersection, ,Non-Junction,None,,,         ,Je-Marc,Sears,Rain,"Sideswipe, Opposite Direction",no,no,no,no,no,False
102485214,METROPOLITAN NASHVILLE POLICE DEPT,20190627465,Davidson,Nashville,8/22/2019 1:50:00 PM,2,0,0,36.160910,-86.793320,CHARLOTTE AV,,,,0.00,,,I40 E EXT RAMP,,,,0.00,Y,Four-Way, ,Intersection,None,,,         ,Jean,McCormack,Clear,"Sideswipe, Same Direction",no,no,no,no,no,False
102485216,METROPOLITAN NASHVILLE POLICE DEPT,20190625287,Davidson,Nashville,8/21/2019 6:56:00 PM,2,0,0,36.209280,-86.776160,I65 S EXT RAMP,,,,0.00,Feet,East,I 65,,,,0.00,N,Not at Intersection, ,Non-Junction,None,,,         ,Justin,Vaughn,Clear,Angle,no,no,no,no,no,False
102485221,METROPOLITAN NASHVILLE POLICE DEPT,20190627607,Davidson,Nashville,8/22/2019 2:57:00 PM,2,0,0,36.136010,-86.726720,I 24,,,,0.00,,,,,,,52.20,N,Not at Intersection,N,Non-Junction,None,,,         ,Dontaveous,Eubanks,Cloudy,Front to Rear,no,no,no,no,no,False
102485222,METROPOLITAN NASHVILLE POLICE DEPT,20190627475,Davidson,Nashville,8/22/2019 1:54:00 PM,2,0,0,36.139610,-86.727470,I 24,,,,0.00,,,,,,,51.50,N,Not at Intersection,N,Non-Junction,None,,,         ,Torry,Hill,Cloudy,"Sideswipe, Same Direction",no,no,no,no,yes,False
102485224,METROPOLITAN NASHVILLE POLICE DEPT,20190627713,Davidson,Nashville,8/22/2019 3:35:00 PM,2,0,0,36.067960,-86.631860,MURFREESBORO PKE,,,,270.00,Feet,North,FOREST VIEW DR,,,,0.00,N,Not at Intersection,N,Non-Junction,None,,,         ,Jesse,Cox,Cloudy,HeadOn,no,no,no,no,yes,False
102485232,THP District 3 - Nashville,319053633,Davidson,Nashville,8/20/2019 5:58:00 PM,2,0,0,36.029770,-86.637490,I 24,,,,0.00,,,,,,,61.05,N,Not at Intersection, ,Non-Junction,None,,,         ,Christopher,Langley,Clear,"Sideswipe, Same Direction",no,no,no,no,no,False
102485237,METROPOLITAN NASHVILLE POLICE DEPT,20190627752,Davidson,Nashville,8/22/2019 4:00:00 PM,2,1,0,36.138750,-86.778450,8TH AVS,,,,155.00,Feet,North,LYNWOOD AV,,,,0.00,N,Not at Intersection, ,Non-Junction,None,,,         ,FELIKS,ABRAHAMYAN,Clear,Front to Rear,no,no,no,no,no,False
102485246,METROPOLITAN NASHVILLE POLICE DEPT,20190625716,Davidson,Nashville,8/21/2019 10:34:00 PM,1,0,1,36.337400,-86.776820,LICKTON PKE,,,,950.00,Feet,North,UNION HILL RD,,,,0.00,N,Not at Intersection,N,Non-Junction,None,,,19-0644  ,Ryan,Allen,Clear,Not Collision with Motor Vehicle in Transport,no,no,no,no,no,False
102485274,METROPOLITAN NASHVILLE POLICE DEPT,20190627798,Davidson,Not in City Limit,8/22/2019 4:21:00 PM,2,1,0,36.076910,-86.945290,US HWY 70S,,,,0.00,Feet,,SAWYER BROWN RD,,,,0.00,Y,Four-Way,N,Intersection,None,,,         ,Edward,Starke,Rain,Angle,no,no,no,no,no,False
102485276,METROPOLITAN NASHVILLE POLICE DEPT,20190627854,Davidson,Nashville,8/22/2019 4:42:00 PM,2,1,0,36.038210,-86.800900,OLD HICKORY BLVD,,,,0.00,,,WESTPARK DR,,,,0.00,Y,T-Intersection,N,Intersection,None,,,         ,Cynthia,Quirouette,Cloudy,Angle,no,no,no,no,no,False
102485278,METROPOLITAN NASHVILLE POLICE DEPT,20190627562,Davidson,Nashville,8/22/2019 2:17:00 PM,2,1,0,36.069080,-86.689840,I24 E EXT RAMP,,,,0.00,Feet,East,I 24,,,,0.00,N,Not at Intersection, ,Entrance/Exit Ramp Related,None,,,         ,Andrew,Brazee,Cloudy,Front to Rear,no,no,no,no,no,False
102485279,METROPOLITAN NASHVILLE POLICE DEPT,20190627821,Davidson,Nashville,8/22/2019 4:30:00 PM,2,0,0,36.070320,-86.690100,I 24,,,,0.00,,,,,,,56.90,N,Not at Intersection,N,Non-Junction,None,,,         ,Andrew,Brazee,Rain,Not Collision with Motor Vehicle in Transport,no,no,no,no,yes,False