master_record_number,agency,agency_tracking_number,county,city,collision_date,vehicles_involved,number_injured,number_dead,latitude,longitude,roadway_name,roadway_suffix,roadway_number,roadway_local_id,distance_from_reference,miles-feet_indicator,direction_from_reference,intersection_road_name,intersection_road_name_suffix,intersection_road_number,intersection_local_id,mile_marker,intersection_indicator,intersect_type,interchange_related_indicator,relation_to_junction,work_zone_type,construction_maintenance_zone,construction_maintenance_zone_location,fatal_case_number,officer_first_name,officer_last_name,weather_condition(s),manner_of_crash,pedestrian,bicycle,scooter,parking,hitrun,mou
102485282,Metro Park Police,20190627701,Davidson,Nashville,8/22/2019 3:15:00 PM,1,0,0,36.056610,-86.896180,GAUCHO ROAD PVTDR,,,,1226.00,Feet,North,OLD HICKORY BLVD,,,,0.00,N,Not at Intersection,N,Non-Junction,None,,,         ,Paul,Brown,Rain,Unknown,yes,no,no,no,yes,False
102485284,METROPOLITAN NASHVILLE POLICE DEPT,20190627844,Davidson,Nashville,8/22/2019 4:39:00 PM,2,0,0,36.212000,-86.733500,HART LN,,,,0.00,,,BAXTER ST,,,,0.00,Y,T-Intersection,Y,Intersection,None,,,         ,Chase,Harriman,Cloudy,Angle,no,no,no,no,no,False
102485290,METROPOLITAN NASHVILLE POLICE DEPT,20190627984,Davidson,Nashville,8/22/2019 5:28:00 PM,2,0,0,36.205850,-86.768180,E TRINITY LN,,,,127.00,Feet,East,W TRINITY LN,,,,0.00,N,Not at Intersection, ,,None,,,         ,Cody,Jaworski,,,no,no,no,no,no,False
102485293,METROPOLITAN NASHVILLE POLICE DEPT,20190627896,Davidson,Nashville,8/22/2019 4:50:00 PM,4,0,0,36.048360,-86.663950,I 24,,,,0.00,,,,,,,59.05,N,Not at Intersection,N,Non-Junction,None,,,         ,Jesse,Cox,Rain,Front to Rear,no,no,no,no,yes,False
102485297,METROPOLITAN NASHVILLE POLICE DEPT,20190627878,Davidson,Nashville,8/22/2019 4:45:00 PM,2,0,0,36.077540,-86.658010,PICCADILLY ROW,,,,56.00,Feet,North,UNA ANTIOCH PKE,,,,0.00,N,Not at Intersection, ,Non-Junction,None,,,         ,Eric,Laury,Rain,Front to Rear,no,no,no,no,no,False
102485302,METROPOLITAN NASHVILLE POLICE DEPT,20190628024,Davidson,Nashville,8/22/2019 6:09:00 PM,2,1,0,36.152340,-86.771580,4TH AVS,,,,0.00,,,ASH ST,,,,0.00,Y,Four-Way,N,Intersection,None,,,         ,Jordan,Vrbas,Rain,Front to Rear,no,no,no,no,no,False
102485305,METROPOLITAN NASHVILLE POLICE DEPT,20190628015,Davidson,Nashville,8/22/2019 5:36:00 PM,2,0,0,36.143700,-86.816300,31ST AVN,,,,44.00,Feet,North,HEDRICK ST,,,,0.00,N,Not at Intersection, ,Non-Junction,None,,,         ,Ryan,Coll,Rain,Angle,no,no,no,no,no,Campus
102485307,METROPOLITAN NASHVILLE POLICE DEPT,20190627998,Davidson,Nashville,8/22/2019 5:45:00 PM,2,0,0,36.141910,-86.640800,ELM HILL PKE,,,,161.00,Feet,East,PATIO DR,,,,0.00,N,Not at Intersection, ,Non-Junction,None,,,         ,Brady,Reynolds,Rain,Angle,no,no,no,no,no,False
102485308,METROPOLITAN NASHVILLE POLICE DEPT,20190627894,Davidson,Nashville,8/22/2019 5:04:00 PM,2,0,0,36.171860,-86.797050,JEFFERSON ST,,,,1.00,Feet,West,11TH AVN,,,,0.00,N,Not at Intersection, ,Non-Junction,None,,,         ,Justin,Vaughn,Clear,Angle,no,no,no,no,yes,False
102485309,METROPOLITAN NASHVILLE POLICE DEPT,20190627985,Davidson,Nashville,8/22/2019 5:44:00 PM,1,1,0,36.184400,-86.798100,ROSA L PARKS BLVD,,,,8.00,Feet,West,I65 N ENT RAMP,,,,0.00,N,Not at Intersection,N,Non-Junction,None,,,         ,Justin,Vaughn,Rain,Not Collision with Motor Vehicle in Transport,no,no,no,no,no,False
102485313,METROPOLITAN NASHVILLE POLICE DEPT,20190627368,Davidson,Nashville,8/22/2019 12:45:00 PM,2,0,0,36.171850,-86.767900,JAMES ROBERTSON PKWY,,,,0.00,,,ELLINGTON PKWY N ENT RAMP,,,,0.00,Y,OTHER, ,Entrance/Exit Ramp Related,None,,,         ,Michael,Douglas,Clear,"Sideswipe, Same Direction",no,no,no,no,no,False
102485315,METROPOLITAN NASHVILLE POLICE DEPT,20190627726,Davidson,Nashville,8/22/2019 3:38:00 PM,2,0,0,36.153290,-86.749220,HERMITAGE AV,,,,54.00,Feet,East,LITTLE GREEN ST,,,,0.00,N,Not at Intersection, ,Non-Junction,None,,,         ,Kyle,Berkheiser,Cloudy,Angle,no,no,no,no,no,False
102485316,METROPOLITAN NASHVILLE POLICE DEPT,20190627983,Davidson,Not in City Limit,8/22/2019 5:51:00 PM,2,0,0,36.263660,-86.717780,OLD HICKORY BLVDW,,,,0.00,Feet,East,GIBSON DR,,,,0.00,N,Not at Intersection,N,Non-Junction,None,,,         ,Peter,Vaught,Rain,Angle,no,no,no,no,no,False
102485317,METROPOLITAN NASHVILLE POLICE DEPT,20190628006,Davidson,Nashville,8/22/2019 5:55:00 PM,2,1,0,36.124430,-86.739830,I 440,,,,0.00,,,,,,,6.85,N,Not at Intersection,N,Non-Junction,Construction Zone,Work On Shoulder Or Median,Activity Area,         ,Ciarra,Rench,Rain,Front to Rear,no,no,no,no,no,False
102485318,METROPOLITAN NASHVILLE POLICE DEPT,20190627916,Davidson,Nashville,8/22/2019 5:08:00 PM,2,0,0,36.123930,-86.781320,VAULX LN,,,,0.00,,,INVERNESS AV,,,,0.00,Y,Four-Way, ,,None,,,         ,FELIKS,ABRAHAMYAN,,,no,no,no,no,no,False
102485319,METROPOLITAN NASHVILLE POLICE DEPT,20190627712,Davidson,Nashville,8/22/2019 3:46:00 PM,2,0,0,36.158070,-86.799990,DR D B TODD JR BLVD,,,,4.00,Feet,West,CHARLOTTE AV,,,,0.00,N,Not at Intersection, ,Non-Junction,None,,,         ,Darryl,Williams,Clear,"Sideswipe, Same Direction",no,no,no,no,no,False
102485320,METROPOLITAN NASHVILLE POLICE DEPT,20190628114,Davidson,Nashville,8/22/2019 5:48:00 PM,2,0,0,36.142590,-86.815500,31ST AVS,,,,0.00,,,31ST AVN,,,,0.00,Y,Four-Way, ,Intersection-Related,None,,,         ,Randall,Ward,Clear,Angle,no,no,no,no,no,Campus
102485321,METROPOLITAN NASHVILLE POLICE DEPT,20190627977,Davidson,Not in City Limit,8/22/2019 5:36:00 PM,2,0,0,36.261310,-86.738180,I 65,,,,0.00,,,,,,,92.00,N,Not at Intersection, ,,None,,,         ,Christopher,Littles,,,no,no,no,no,no,False
102485322,METROPOLITAN NASHVILLE POLICE DEPT,20190628100,Davidson,Not in City Limit,8/22/2019 6:35:00 PM,2,0,0,36.275230,-86.735380,I 65,,,,0.00,,,,,,,93.00,N,Not at Intersection, ,Non-Junction,None,,,         ,Christopher,Littles,Rain,Front to Rear,no,no,no,no,no,False
102485323,METROPOLITAN NASHVILLE POLICE DEPT,20190627885,Davidson,Antioch,8/22/2019 4:40:00 PM,2,0,0,36.016810,-86.619500,FIRESTONE PKWY,,,,115.00,Feet,East,OLD HICKORY BLVD,,,,0.00,N,Not at Intersection,N,Non-Junction,None,,,         ,Jesse,Cox,Rain,Angle,no,no,no,no,yes,False
102485324,METROPOLITAN NASHVILLE POLICE DEPT,20190627900,Davidson,Nashville,8/22/2019 5:00:00 PM,2,0,0,36.229720,-86.771530,I 65,,,,0.00,,,,,,,89.00,N,Not at Intersection,N,Non-Junction,None,,,         ,Chad,Connors,Rain,Front to Rear,no,no,no,no,no,False
102485329,METROPOLITAN NASHVILLE POLICE DEPT,20190627577,Davidson,Nashville,8/22/2019 2:51:00 PM,1,1,0,36.154600,-86.786200,DEMONBREUN ST,,,,0.00,,,12TH AVS,,,,0.00,Y,Four-Way,N,Intersection,None,,,         ,Roy,Sain Jr.,Cloudy,Not Collision with Motor Vehicle in Transport,yes,no,no,no,no,False
102485330,METROPOLITAN NASHVILLE POLICE DEPT,20190627989,Davidson,Nashville,8/22/2019 5:49:00 PM,2,0,0,36.149410,-86.774140,I 40,,,,0.00,,,,,,,210.20,N,Not at Intersection,N,Non-Junction,None,,,         ,Brian,DeMarce,Rain,Front to Rear,no,no,no,no,no,False
102485331,METROPOLITAN NASHVILLE POLICE DEPT,20190628079,Davidson,Nashville,8/22/2019 6:10:00 PM,2,0,0,36.177870,-86.773100,I 24,,,,0.00,,,,,,,47.85,N,Not at Intersection,N,Non-Junction,None,,,         ,Chase,Harriman,Rain,"Sideswipe, Same Direction",no,no,no,no,yes,False
102485332,METROPOLITAN NASHVILLE POLICE DEPT,20190627957,Davidson,Nashville,8/22/2019 4:36:00 PM,1,0,0,36.162440,-86.779710,5TH AVN,,,,292.00,Feet,North,COMMERCE ST,,,,0.00,N,Not at Intersection,N,Non-Junction,None,,,         ,Joseph,Bingham,Cloudy,Not Collision with Motor Vehicle in Transport,no,yes,no,yes,no,False
102485334,METROPOLITAN NASHVILLE POLICE DEPT,20190627669,Davidson,Nashville,8/22/2019 3:45:00 PM,2,0,0,36.100340,-86.871110,PAGE RD,,,,0.00,,,HARDING PKE,,,,0.00,Y,Four-Way, ,,None,,,         ,Justin,Coyle,,,no,no,no,no,no,False
102485336,METROPOLITAN NASHVILLE POLICE DEPT,20190627787,Davidson,Nashville,8/22/2019 3:00:00 PM,2,0,0,36.148720,-86.781900,I 40,,,,0.00,,,,,,,209.70,N,Not at Intersection,N,Non-Junction,None,,,         ,Russell,Ward,Cloudy,Front to Rear,no,no,no,no,yes,False
102485343,METROPOLITAN NASHVILLE POLICE DEPT,20190628147,Davidson,Nashville,8/22/2019 6:50:00 PM,2,0,0,36.134310,-86.774730,I65 N ENT RAMP,,,,0.00,Feet,,I 65,,,,0.00,Y,Four-Way, ,,None,,,         ,Heather,Fox,,,no,no,no,no,no,False
102485344,VANDERBILT UNIVERSITY POLICE,20190627925,Davidson,Nashville,8/22/2019 12:00:00 AM,2,0,0,36.139700,-86.806370,25TH AVS,,,,0.00,,,,,,,0.00,,, ,Non-Junction,None,,,         ,Edwin,Melgar,Clear,Unknown,no,no,no,yes,yes,Campus
102485353,METROPOLITAN NASHVILLE POLICE DEPT,20190627564,Davidson,Nashville,8/22/2019 12:00:00 AM,3,1,0,36.149800,-86.747780,I 40,,,,0.00,,,,,,,211.75,N,Not at Intersection,N,Non-Junction,None,,,         ,Darci,Stechman,Clear,"Sideswipe, Same Direction",no,no,no,no,no,False
102485362,METROPOLITAN NASHVILLE POLICE DEPT,20190627991,Davidson,Nashville,8/22/2019 5:53:00 PM,2,1,0,36.130050,-86.795610,DELMAR AV,,,,0.00,,,BELMONT BLVD,,,,0.00,Y,T-Intersection,N,Intersection-Related,None,,,         ,FELIKS,ABRAHAMYAN,Rain,Angle,no,no,no,no,no,False
102485369,METROPOLITAN NASHVILLE POLICE DEPT,20190628131,Davidson,Nashville,8/22/2019 5:23:00 PM,2,0,0,36.136180,-86.811190,ACKLEN AV,,,,0.00,Feet,,NATCHEZ TRC,,,,0.00,Y,Four-Way, ,Intersection,None,,,         ,Thomas,Broatch,Cloudy,Angle,no,no,no,no,no,Campus
102485370,METROPOLITAN NASHVILLE POLICE DEPT,20190627936,Davidson,Nashville,8/22/2019 5:13:00 PM,2,0,0,36.127530,-86.803580,21ST AVS,,,,0.00,,,W LINDEN AV,,,,0.00,Y,T-Intersection, ,Non-Junction,None,,,         ,Darryl,Williams,Cloudy,Angle,no,no,no,no,no,False
102485376,METROPOLITAN NASHVILLE POLICE DEPT,20190627917,Davidson,Nashville,8/22/2019 5:14:00 PM,2,0,0,36.245730,-86.756480,DICKERSON PKE,,,,340.00,Feet,South,SKYLINE COMMONS PVTDR,,,,0.00,N,Not at Intersection, ,OtherLocation,None,,,         ,Justin,Vaughn,Clear,Front to Rear,no,no,no,yes,yes,False
102485377,BERRY HILL POLICE DEPT,19-3453,Davidson,Berry Hill,8/22/2019 12:00:00 AM,2,1,0,36.120590,-86.764070,MELROSE AV,,,,81.00,Feet,West,FOUR FORTY CENTER PVTDR,,,,0.00,N,Not at Intersection,N,Non-Junction,None,,,         ,John,Gleixner,Rain,Front to Rear,no,no,no,no,yes,False
102485393,METROPOLITAN NASHVILLE POLICE DEPT,20190627967,Davidson,Nashville,8/22/2019 5:44:00 PM,3,0,0,36.150790,-86.768240,LAFAYETTE ST,,,,92.00,Feet,West,2ND AVS,,,,0.00,N,Not at Intersection,N,Non-Junction,None,,,         ,Andrew,Brazee,Rain,HeadOn,no,no,no,no,yes,False
102485394,METROPOLITAN NASHVILLE POLICE DEPT,20190628061,Davidson,Nashville,8/22/2019 5:50:00 PM,2,0,0,36.113970,-86.836860,ESTES RD,,,,33.00,Feet,South,AUBURN LN,,,,0.00,N,Not at Intersection,N,Non-Junction,None,,,         ,Joel,Cottrill,Rain,Front to Rear,no,no,no,no,no,False
102485398,METROPOLITAN NASHVILLE POLICE DEPT,20190627999,Davidson,Nashville,8/22/2019 5:50:00 PM,2,0,0,36.205410,-86.737320,GALLATIN PKE,,,,165.00,Feet,North,MCGAVOCK PKE,,,,0.00,N,Not at Intersection, ,,None,,,         ,Brynn,Cellan,,,no,no,no,no,no,False
102485399,Nashville Airport Police,2019-03608,Davidson,Nashville,8/21/2019 5:45:00 PM,2,0,0,36.106210,-86.673060,MURFREESBORO PKE,,,,0.00,,,DONELSON PKE,,,,0.00,Y,Four-Way,N,Intersection,None,,,         ,Lucas,Delheimer,Clear,"Sideswipe, Same Direction",no,no,no,no,yes,False
102485400,METROPOLITAN NASHVILLE POLICE DEPT,20190627890,Davidson,Nashville,8/22/2019 4:59:00 PM,3,1,0,36.158060,-86.877010,ROBERTSON AV,,,,0.00,Feet,,JAMES AV,,,,0.00,Y,Four-Way,N,Intersection,None,,,         ,Molly,Page,Cloudy,Angle,no,no,no,no,no,False
102485401,METROPOLITAN NASHVILLE POLICE DEPT,20190628172,Davidson,Nashville,8/22/2019 7:07:00 PM,2,0,0,36.046580,-86.673940,BLUE HOLE RD,,,,330.00,Feet,North,BELL RD,,,,0.00,N,Not at Intersection, ,,None,,,         ,Jesse,Cox,,,no,no,no,no,no,False
102485402,METROPOLITAN NASHVILLE POLICE DEPT,20190628153,Davidson,Nashville,8/22/2019 6:55:00 PM,3,0,0,36.063430,-86.701460,PACKARD DR,,,,0.00,,,CREEKSIDE DR,,,,0.00,Y,Four-Way,N,Non-Junction,None,,,         ,Richard,Olive,Rain,Front to Rear,no,no,no,no,no,False
102485403,METROPOLITAN NASHVILLE POLICE DEPT,20190627971,Davidson,Nashville,8/22/2019 5:45:00 PM,2,1,0,36.168200,-86.665180,LEBANON PKE,,,,358.00,Feet,West,OLD LEBANON PKE,,,,0.00,N,Not at Intersection,N,Non-Junction,None,,,         ,Allyson,Reis,Rain,Angle,no,no,no,no,no,False
102485405,METROPOLITAN NASHVILLE POLICE DEPT,20190628188,Davidson,Nashville,8/22/2019 7:26:00 PM,2,1,0,36.222460,-86.725960,GALLATIN PKE,,,,134.00,Feet,South,GREENLAND AV,,,,0.00,N,Not at Intersection, ,Non-Junction,None,,,         ,Richard,Conger,Cloudy,Front to Rear,no,no,no,no,no,False
102485416,METROPOLITAN NASHVILLE POLICE DEPT,20190628009,Davidson,Nashville,8/22/2019 5:54:00 PM,2,0,0,36.074150,-86.768770,I 65,,,,0.00,,,,,,,77.20,N,Not at Intersection,N,Non-Junction,None,,,         ,Alberta,Auguste,Rain,Front to Rear,no,no,no,no,no,False
102485418,METROPOLITAN NASHVILLE POLICE DEPT,20190627980,Davidson,Nashville,8/22/2019 12:00:00 AM,2,0,0,36.197590,-86.776250,I 65,,,,0.00,,,,,,,86.70,N,Not at Intersection, ,Non-Junction,None,,,         ,John,Petriello,Rain,"Sideswipe, Same Direction",no,no,no,no,no,False
102485420,METROPOLITAN NASHVILLE POLICE DEPT,20190628298,Davidson,Nashville,8/22/2019 8:00:00 PM,3,0,0,36.166290,-86.751700,DEW ST,,,,100.00,Feet,West,S 11TH ST,,,,0.00,N,Not at Intersection, ,,None,,,         ,Riley,Brewer,,,no,no,no,no,no,False
102485438,METROPOLITAN NASHVILLE POLICE DEPT,20190627874,Davidson,Nashville,8/22/2019 4:52:00 PM,3,0,0,36.214610,-86.604660,LEBANON PKE,,,,0.00,,,SHUTE LN,,,,0.00,Y,T-Intersection,N,Intersection,None,,,         ,Kyle,Berkheiser,Rain,Angle,no,no,no,no,no,False
102485459,METROPOLITAN NASHVILLE POLICE DEPT,20190628204,Davidson,Nashville,8/22/2019 7:30:00 PM,4,3,0,36.071130,-86.684250,ANTIOCH PKE,,,,320.00,Feet,North,HAYWOOD LN,,,,0.00,N,Not at Intersection,N,Non-Junction,None,,,         ,Jesse,Cox,Clear,Angle,no,no,no,no,no,False
102485467,METROPOLITAN NASHVILLE POLICE DEPT,20190628033,Davidson,Nashville,8/22/2019 6:00:00 PM,3,0,0,36.226720,-86.603140,SHUTE LN,,,,147.00,Feet,North,SAUNDERSVILLE RD,,,,0.00,N,Not at Intersection, ,,None,,,         ,Marvis,Malone,,,no,no,no,no,no,False
102485485,METROPOLITAN NASHVILLE POLICE DEPT,20190628164,Davidson,Nashville,8/22/2019 7:16:00 PM,2,0,0,36.165850,-86.612720,I 40,,,,0.00,,,,,,,220.15,N,Not at Intersection,N,Non-Junction,None,,,         ,Kyle,Berkheiser,Rain,"Sideswipe, Same Direction",no,no,no,no,no,False
102485496,METROPOLITAN NASHVILLE POLICE DEPT,20190628262,Davidson,Nashville,8/22/2019 7:45:00 PM,2,0,0,36.154820,-86.626720,STEWARTS FERRY PKE,,,,134.00,Feet,East,I40 E ENT RAMP,,,,0.00,N,Not at Intersection, ,Non-Junction,None,,,         ,Brady,Reynolds,Cloudy,Front to Rear,no,no,no,no,no,False
102485514,METROPOLITAN NASHVILLE POLICE DEPT,20190628207,Davidson,Nashville,8/22/2019 6:49:00 PM,1,0,0,36.186980,-86.795600,I 65,,,,0.00,,,,,,,85.55,N,Not at Intersection, ,Non-Junction,None,,,         ,Justin,Vaughn,Rain,Not Collision with Motor Vehicle in Transport,no,no,no,no,no,False
102485518,METROPOLITAN NASHVILLE POLICE DEPT,20190628209,Davidson,Nashville,8/22/2019 7:28:00 PM,2,0,0,36.151980,-86.791380,DIVISION ST,,,,79.00,Feet,South,DEMONBREUN ST,,,,0.00,N,Not at Intersection, ,Non-Junction,None,,,         ,Darryl,Williams,Clear,Front to Rear,no,no,no,no,no,False
102485526,METROPOLITAN NASHVILLE POLICE DEPT,20190628044,Davidson,Goodlettsville,8/22/2019 6:28:00 PM,2,0,0,36.295670,-86.698180,MYATT DR,,,,69.00,Feet,North,RIVERGATE BUSINESS CENTER PVTD,,,,0.00,N,Not at Intersection, ,Non-Junction,None,,,         ,Bradley,Campbell,Rain,Front to Rear,no,no,no,no,no,False
102485527,METROPOLITAN NASHVILLE POLICE DEPT,20190628456,Davidson,Nashville,8/22/2019 9:47:00 PM,2,0,0,36.069160,-86.691100,I24 E EXT RAMP,,,,0.00,Feet,East,I 24,,,,0.00,N,Not at Intersection, ,,None,,,         ,Jesse,Cox,,,no,no,no,no,no,False
102485529,METROPOLITAN NASHVILLE POLICE DEPT,20190628023,Davidson,Not in City Limit,8/22/2019 5:56:00 PM,2,0,0,36.283390,-86.706960,GALLATIN PKEN,,,,0.00,,,EDGEMEADE BLVD,,,,0.00,Y,Four-Way, ,Intersection,None,,,         ,Joel,Callies,Rain,Front to Rear,no,no,no,no,no,False
102485630,METROPOLITAN NASHVILLE POLICE DEPT,20190628108,Davidson,Not in City Limit,8/22/2019 6:46:00 PM,3,1,0,36.104110,-86.932270,I 40,,,,0.00,,,,,,,198.55,N,Not at Intersection,N,Non-Junction,None,,,         ,Jeremy,Huffine,Clear,Angle,no,no,no,no,no,False
102485638,METROPOLITAN NASHVILLE POLICE DEPT,20190628777,Davidson,Nashville,8/23/2019 12:24:00 AM,2,0,0,36.150900,-86.770640,4TH AVS,,,,0.00,,,I40 W EXT RAMP,,,,0.00,Y,OTHER,N,Intersection,None,,,         ,Bryce,Hatten,Clear,Angle,no,no,no,no,yes,False
102485699,METROPOLITAN NASHVILLE POLICE DEPT,20190629071,Davidson,Nashville,8/23/2019 2:45:00 AM,2,1,0,36.131100,-86.727390,I 24,,,,0.00,,,,,,,51.10,N,Not at Intersection,N,Non-Junction,None,,,         ,Dylan,Bradley,Clear,Front to Rear,no,no,no,no,no,False
102485700,METROPOLITAN NASHVILLE POLICE DEPT,20190629130,Davidson,Nashville,8/23/2019 3:40:00 AM,2,0,0,36.136060,-86.725450,MURFREESBORO PKE,,,,34.00,Feet,West,MURFREESBORO PKE EXT RAMP,,,,0.00,N,Not at Intersection, ,Non-Junction,None,,,         ,Antoine,Maghamez,Clear,Front to Rear,no,no,no,no,no,False
102485720,METROPOLITAN NASHVILLE POLICE DEPT,20190629361,Davidson,Madison,8/23/2019 5:48:00 AM,1,0,0,36.295730,-86.698220,MYATT DR,,,,165.00,Feet,South,RAMP,,,,0.00,N,Not at Intersection,N,Non-Junction,None,,,         ,Reagan,Heath,Clear,Not Collision with Motor Vehicle in Transport,no,no,no,no,no,False
102485724,METROPOLITAN NASHVILLE POLICE DEPT,20190628637,Davidson,Nashville,8/22/2019 11:30:00 PM,2,1,0,36.171430,-86.769040,INTERSTATE DR,,,,0.00,,,JAMES ROBERTSON PKWY,,,,0.00,Y,Four-Way,N,Intersection,None,,,         ,Christopher,Beery,Clear,Angle,no,no,no,no,no,False
102485730,METROPOLITAN NASHVILLE POLICE DEPT,20190629238,Davidson,Nashville,8/23/2019 4:55:00 AM,2,0,0,36.153010,-86.796000,18TH AVS,,,,0.00,,,WEST END AV,,,,0.00,Y,Four-Way,Y,Intersection,None,,,         ,Dakota,Vermillion,Clear,Angle,no,no,no,no,no,False
102485750,METROPOLITAN NASHVILLE POLICE DEPT,20190629323,Davidson,Nashville,8/23/2019 5:05:00 AM,2,0,0,36.193900,-86.831600,CLARKSVILLE PKE,,,,142.00,Feet,West,BUENA VISTA PKE,,,,0.00,N,Not at Intersection,N,Non-Junction,None,,,         ,Charles,Duke,Clear,Angle,no,no,no,no,no,False
102485760,METROPOLITAN NASHVILLE POLICE DEPT,20190629377,Davidson,Nashville,8/23/2019 6:07:00 AM,3,0,0,36.201940,-86.776850,I 65,,,,0.00,,,,,,,87.00,N,Not at Intersection,N,Non-Junction,None,,,         ,Wesley,Young,Cloudy,Front to Rear,no,no,no,no,no,False
102485776,METROPOLITAN NASHVILLE POLICE DEPT,20190629419,Davidson,Nashville,8/23/2019 6:15:00 AM,2,0,0,36.178140,-86.763910,ELLINGTON PKWYS,,,,0.00,Feet,East,SPRING ST ENT RAMP,,,,0.00,N,Not at Intersection, ,Entrance/Exit Ramp Related,None,,,         ,Edward,Holden,Clear,Front to Rear,no,no,no,no,no,False
102485779,METROPOLITAN NASHVILLE POLICE DEPT,20190629421,Davidson,Nashville,8/23/2019 6:26:00 AM,1,1,0,36.142880,-86.706440,I 40,,,,0.00,,,,,,,214.40,N,Not at Intersection,N,Non-Junction,None,,,         ,Bridget,Griepentrog,Clear,Not Collision with Motor Vehicle in Transport,no,no,no,no,no,False
102485805,METROPOLITAN NASHVILLE POLICE DEPT,20190629479,Davidson,Nashville,8/23/2019 7:02:00 AM,2,0,0,36.205720,-86.778010,I65 S ENT RAMP,,,,0.00,,,I 65,,,,0.00,Y,T-Intersection, ,Intersection,None,,,         ,Ronald,Bright,Fog,Front to Rear,no,no,no,no,no,False
102485815,METROPOLITAN NASHVILLE POLICE DEPT,20190629526,Davidson,Nashville,8/23/2019 7:30:00 AM,2,0,0,36.050830,-86.935660,HIGHWAY 100,,,,1571.00,Feet,East,HARPETH RIV HARPETH BEND GRNWY,,,,0.00,N,Not at Intersection,N,Non-Junction,None,,,         ,Curtis,Rich,Cloudy,Angle,no,no,no,no,no,False
102485849,METROPOLITAN NASHVILLE POLICE DEPT,20190629527,Davidson,Nashville,8/23/2019 7:23:00 AM,2,0,0,36.043470,-86.661640,CANE RIDGE RD,,,,1.00,Feet,South,CANEWOOD DR,,,,0.00,N,Not at Intersection, ,Non-Junction,None,,,         ,Jessie,Meadows,Clear,Angle,no,no,no,no,no,False
102485852,METROPOLITAN NASHVILLE POLICE DEPT,20190629580,Davidson,Nashville,8/23/2019 7:39:00 AM,2,0,0,36.197830,-86.752240,ELLINGTON PKWYS,,,,462.00,Feet,North,ELLINGTON PKWYN,,,,0.00,N,Not at Intersection, ,Non-Junction,None,,,         ,Ethan,Usherwood,Clear,Front to Rear,no,no,no,no,no,False
102485854,METROPOLITAN NASHVILLE POLICE DEPT,2019-0629653,Davidson,Nashville,8/23/2019 7:50:00 AM,2,0,0,36.125810,-86.732340,I440 W ENT RAMP,,,,0.00,Feet,East,I 440,,,,0.00,N,Not at Intersection,Y,Entrance/Exit Ramp Related,Construction Zone,Other,Activity Area,         ,Erik,Wagner,Cloudy,Front to Rear,no,no,no,no,yes,False
102485856,METROPOLITAN NASHVILLE POLICE DEPT,20190629651,Davidson,Nashville,8/23/2019 7:58:00 AM,2,0,0,36.153880,-86.839040,I 40,,,,0.00,,,,,,,205.00,N,Not at Intersection, ,Non-Junction,None,,,         ,Roger,Luther,Clear,Front to Rear,no,no,no,no,no,False
102485859,METROPOLITAN NASHVILLE POLICE DEPT,20190629643,Davidson,Madison,8/23/2019 8:00:00 AM,2,1,0,36.268940,-86.710660,GALLATIN PKEN,,,,139.00,Feet,South,WILEY ST,,,,0.00,N,Not at Intersection,N,Non-Junction,None,,,         ,Gabriel,Centeno,Cloudy,Angle,no,no,no,no,no,False
102485862,METROPOLITAN NASHVILLE POLICE DEPT,20190629753,Davidson,Antioch,8/22/2019 5:00:00 PM,1,0,0,36.058432,-86.609305,HAMLET HILL,DR,,,25.00,Feet,West,ROSALEE,CT,,,0.00,N,Not at Intersection, ,Non-Junction,None,,,         ,Nicholas,Carter,Rain,Not Collision with Motor Vehicle in Transport,no,no,no,yes,yes,False
102485863,METROPOLITAN NASHVILLE POLICE DEPT,20190629741,Davidson,Nashville,8/23/2019 8:30:00 AM,2,0,0,36.081310,-86.759190,HARDING PL,,,,257.00,Feet,West,TROUSDALE DR,,,,0.00,N,Not at Intersection, ,,None,,,         ,Raymond,Flaherty,,,no,no,no,no,no,False
102485871,METROPOLITAN NASHVILLE POLICE DEPT,20190629791,Davidson,Nashville,8/23/2019 9:02:00 AM,2,0,0,36.142730,-86.735890,I 40,,,,0.00,,,,,,,212.75,N,Not at Intersection, ,Non-Junction,None,,,         ,Tien,Nguyen,Cloudy,Front to Rear,no,no,no,no,no,False
102485875,METROPOLITAN NASHVILLE POLICE DEPT,20190629717,Davidson,Nashville,8/23/2019 8:28:00 AM,2,0,0,36.238390,-86.780910,BRICK CHURCH PKE,,,,0.00,,,BRILEY PKWYW,,,,0.00,Y,T-Intersection,N,Intersection,None,,,         ,Cyretha,Frazier,Cloudy,Front to Rear,no,no,no,no,yes,False
102485887,METROPOLITAN NASHVILLE POLICE DEPT,20190629539,Davidson,Madison,8/23/2019 7:25:00 AM,2,0,0,36.283850,-86.706730,US HWY 31E,,,,164.00,Feet,North,EDGEMEADE BLVD,,,,0.00,N,Not at Intersection,N,Non-Junction,None,,,         ,Brandon,Bilbrey,Clear,Front to Rear,no,no,no,no,no,False
102485889,METROPOLITAN NASHVILLE POLICE DEPT,20190629694,Davidson,Antioch,8/23/2019 8:20:00 AM,2,0,0,36.026470,-86.588320,HICKORY WOODS DR,,,,17.00,Feet,North,MURFREESBORO PKE,,,,0.00,N,Not at Intersection,N,Non-Junction,None,,,         ,Jessie,Meadows,Clear,Angle,no,no,no,no,no,False