master_record_number,agency,agency_tracking_number,county,city,collision_date,vehicles_involved,number_injured,number_dead,latitude,longitude,roadway_name,roadway_suffix,roadway_number,roadway_local_id,distance_from_reference,miles-feet_indicator,direction_from_reference,intersection_road_name,intersection_road_name_suffix,intersection_road_number,intersection_local_id,mile_marker,intersection_indicator,intersect_type,interchange_related_indicator,relation_to_junction,work_zone_type,construction_maintenance_zone,construction_maintenance_zone_location,fatal_case_number,officer_first_name,officer_last_name,weather_condition(s),manner_of_crash,pedestrian,bicycle,scooter,parking,hitrun,mou
102490558,METROPOLITAN NASHVILLE POLICE DEPT,20190640747,Davidson,Nashville,8/27/2019 9:50:00 PM,2,0,0,36.202360,-86.776640,I 65,,,,0.00,,,,,,,87.00,N,Not at Intersection, ,Non-Junction,None,,,         ,Cooper,HIll,Clear,"Sideswipe, Same Direction",no,no,no,no,no,False
102490559,METROPOLITAN NASHVILLE POLICE DEPT,20190640749,Davidson,Nashville,8/27/2019 9:49:00 PM,2,2,0,36.088580,-86.717060,PARAGON MILLS RD,,,,0.00,,,BENITA DR,,,,0.00,Y,Four-Way,N,Intersection,None,,,         ,Andrew,Brazee,Clear,Front to Rear,no,no,no,no,yes,False
102490560,METROPOLITAN NASHVILLE POLICE DEPT,20190640736,Davidson,Nashville,8/27/2019 9:34:00 PM,2,0,0,36.142290,-86.666610,I40 W ENT RAMP,,,,0.00,,,I 40,,,,0.00,Y,Four-Way, ,,None,,,         ,Steven,Powers,,,no,no,no,no,no,False
102490561,METROPOLITAN NASHVILLE POLICE DEPT,20190640771,Davidson,Nashville,8/27/2019 10:06:00 PM,1,0,0,36.141330,-86.655840,I 40,,,,0.00,,,,,,,217.75,N,Not at Intersection,N,Non-Junction,None,,,         ,Steven,Powers,Cloudy,Not Collision with Motor Vehicle in Transport,no,no,no,no,no,False
102490572,METROPOLITAN NASHVILLE POLICE DEPT,20190640868,Davidson,Nashville,8/27/2019 11:03:00 PM,2,0,0,36.153090,-86.764040,UNIVERSITY CT,,,,0.00,,,CARROLL ST,,,,0.00,Y,T-Intersection,N,Intersection-Related,None,,,         ,Edward,Conrads,Clear,HeadOn,no,no,no,no,yes,False
102490586,METROPOLITAN NASHVILLE POLICE DEPT,20190640926,Davidson,Nashville,8/27/2019 11:40:00 PM,1,0,0,36.170170,-86.689180,BRILEY PKWY S EXT RAMP,,,,0.00,Feet,East,WALNUT HILL DR,,,,0.00,N,Not at Intersection, ,Non-Junction,None,,,         ,Kelby,Dumond,Clear,Not Collision with Motor Vehicle in Transport,no,no,no,no,yes,False
102490594,METROPOLITAN NASHVILLE POLICE DEPT,20190640913,Davidson,Not in City Limit,8/27/2019 11:35:00 PM,2,0,0,36.263070,-86.711920,OLD HICKORY BLVDW,,,,0.00,,,GALLATIN PKEN,,,,0.00,Y,Four-Way,N,Intersection,None,,,         ,Jeffrey,Mullins,Clear,Angle,no,no,no,no,no,False
102490603,METROPOLITAN NASHVILLE POLICE DEPT,20190640860,Davidson,Nashville,8/27/2019 11:14:00 PM,2,1,0,36.027660,-86.635530,I 24,,,,0.00,,,,,,,61.20,N,Not at Intersection,N,Non-Junction,Work Zone,Lane Shift-Crossover,Advanced Warning Area,         ,Holly,Davis,Clear,Front to Rear,no,no,no,no,no,False
102490612,METROPOLITAN NASHVILLE POLICE DEPT,20190640962,Davidson,Nashville,8/27/2019 11:50:00 PM,2,0,0,36.132400,-86.777640,BENTON AV,,,,35.00,Feet,West,GRANTLAND AV,,,,0.00,N,Not at Intersection,N,Non-Junction,None,,,         ,Brian,Warstadt,Clear,Angle,no,no,no,no,yes,False
102490613,METROPOLITAN NASHVILLE POLICE DEPT,20190641095,Davidson,Nashville,8/28/2019 12:54:00 AM,2,1,0,36.249190,-86.734460,DUE WEST AVW,,,,0.00,,,S GRAYCROFT AV,,,,0.00,Y,Four-Way,N,Intersection,None,,,         ,Jeffrey,Mullins,Clear,Angle,no,no,no,no,no,False
102490616,METROPOLITAN NASHVILLE POLICE DEPT,2019-0641154,Davidson,Nashville,8/28/2019 12:39:00 AM,2,0,0,36.151750,-86.757970,LEWIS ST,,,,0.00,,,FAIN ST,,,,0.00,Y,Four-Way,N,Intersection,None,,,         ,Joshua,McGarvey,Clear,Other,no,no,no,no,yes,False
102490621,METROPOLITAN NASHVILLE POLICE DEPT,20190641206,Davidson,Nashville,8/28/2019 1:38:00 AM,2,1,0,36.153570,-86.788410,14TH AVS,,,,0.00,,,DEMONBREUN ST,,,,0.00,Y,Four-Way,Y,Intersection,None,,,         ,Brian,Warstadt,Clear,Angle,no,no,no,no,yes,False
102490623,METROPOLITAN NASHVILLE POLICE DEPT,20190641312,Davidson,Nashville,8/28/2019 2:20:00 AM,2,0,0,36.194850,-86.779780,BAPTIST WORLD CENTER DR,,,,3.00,Feet,East,VASHTI ST,,,,0.00,N,Not at Intersection,N,Non-Junction,None,,,         ,Daniel,Kallman,Clear,Angle,no,no,no,no,yes,False
102490648,METROPOLITAN NASHVILLE POLICE DEPT,20190641326,Davidson,Nashville,8/28/2019 3:09:00 AM,1,0,0,36.189780,-86.820080,ROSA L PARKS BLVD,,,,706.00,Feet,West,26TH AVN,,,,0.00,N,Not at Intersection,Y,Non-Junction,None,,,         ,Jonathan,Watch,Clear,Not Collision with Motor Vehicle in Transport,no,no,no,no,no,False
102490673,METROPOLITAN NASHVILLE POLICE DEPT,20190641525,Davidson,Nashville,8/28/2019 5:37:00 AM,2,1,0,36.157660,-86.790110,I40 W EXT RAMP,,,,0.00,Feet,East,I 40,,,,0.00,N,Not at Intersection,N,Entrance/Exit Ramp Related,None,,,         ,Brenna,Hosey,Clear,Front to Rear,no,no,no,no,yes,False
102490674,METROPOLITAN NASHVILLE POLICE DEPT,20190641545,Davidson,Nashville,8/28/2019 5:50:00 AM,2,0,0,36.147430,-86.743940,I 40,,,,0.00,,,,,,,212.00,N,Not at Intersection,N,Non-Junction,None,,,         ,Meghan,Pope,Clear,Front to Rear,no,no,no,no,no,False
102490679,METROPOLITAN NASHVILLE POLICE DEPT,20190641527,Davidson,Nashville,8/28/2019 5:30:00 AM,1,0,0,36.229720,-86.757020,BROADMOOR DR,,,,211.00,Feet,West,HILLSIDE RD,,,,0.00,N,Not at Intersection, ,,None,,,         ,Alexander,Hartle,,,no,no,no,no,no,False
102490701,METROPOLITAN NASHVILLE POLICE DEPT,20190641570,Davidson,Nashville,8/28/2019 6:03:00 AM,2,3,0,36.110470,-86.722080,I 24,,,,0.00,,,,,,,53.65,N,Not at Intersection,Y,Entrance/Exit Ramp Related,None,,,         ,Corey,Eldridge,Clear,Front to Rear,no,no,no,no,no,False
102490702,METROPOLITAN NASHVILLE POLICE DEPT,20190641591,Davidson,Nashville,8/28/2019 6:14:00 AM,2,1,0,36.082970,-86.698030,I 24,,,,0.00,,,,,,,56.00,N,Not at Intersection, ,Non-Junction,None,,,         ,Joshua,Dodge,Clear,Front to Rear,no,no,no,no,no,False
102490714,METROPOLITAN NASHVILLE POLICE DEPT,20190641677,Davidson,Not in City Limit,8/28/2019 5:30:00 AM,1,0,0,36.085430,-86.934320,HICKS RD,,,,374.00,Feet,North,POST RIDGE APTS PVTDR,,,,0.00,N,Not at Intersection,N,Non-Junction,None,,,         ,Curtis,Rich,Cloudy,Not Collision with Motor Vehicle in Transport,no,no,no,no,no,False
102490717,METROPOLITAN NASHVILLE POLICE DEPT,20190641669,Davidson,Nashville,8/28/2019 6:59:00 AM,2,0,0,36.089620,-86.622140,RURAL HILL RD,,,,0.00,,,SMITH SPRINGS RD,,,,0.00,Y,T-Intersection, ,Intersection,None,,,         ,Daniel,Fuentes,Clear,Angle,no,no,no,no,no,False
102490730,METROPOLITAN NASHVILLE POLICE DEPT,20190641658,Davidson,Nashville,8/28/2019 6:54:00 AM,2,0,0,36.239600,-86.780700,BRICK CHURCH PIKE,,,,44.00,Feet,North,EXIT 17,,,,0.00,N,Not at Intersection,Y,Entrance/Exit Ramp Related,None,,,         ,Spencer,Pittman,Clear,Angle,no,no,no,no,no,False
102490731,METROPOLITAN NASHVILLE POLICE DEPT,20190641740,Davidson,Nashville,8/28/2019 7:30:00 AM,1,1,0,36.216190,-86.689050,PENNINGTON BEND RD,,,,109.00,Feet,North,MCGAVOCK PKE,,,,0.00,N,Not at Intersection,N,Non-Junction,None,,,         ,Zachary,Scott,Clear,Not Collision with Motor Vehicle in Transport,no,no,no,no,no,False
102490732,METROPOLITAN NASHVILLE POLICE DEPT,20190641655,Davidson,Nashville,8/28/2019 6:45:00 AM,2,0,0,36.143290,-86.704600,I 40,,,,0.00,,,,,,,214.50,N,Not at Intersection, ,Non-Junction,None,,,         ,Ralph,Harvey,Clear,"Sideswipe, Same Direction",no,no,no,no,no,False
102490733,METROPOLITAN NASHVILLE POLICE DEPT,20190641653,Davidson,Nashville,8/28/2019 6:52:00 AM,2,1,0,36.143500,-86.794410,EDGEHILL AV,,,,0.00,,West,17TH AVS,,,,0.00,N,Not at Intersection,Y,Non-Junction,None,,,         ,Devin,Mabry,Clear,Other,no,no,no,no,no,Campus
102490743,METROPOLITAN NASHVILLE POLICE DEPT,20190641802,Davidson,Nashville,8/28/2019 8:06:00 AM,2,0,0,36.168970,-86.571390,I 40,,,,0.00,,,,,,,222.45,N,Not at Intersection,N,Non-Junction,None,,,         ,Zachariah,Bush,Clear,Front to Rear,no,no,no,no,yes,False
102490754,METROPOLITAN NASHVILLE POLICE DEPT,20190641792,Davidson,Not in City Limit,8/28/2019 8:03:00 AM,2,0,0,36.079230,-86.953820,COLEY DAVIS RD,,,,153.00,Feet,South,HIGHWAY 70S,,,,0.00,N,Not at Intersection, ,Non-Junction,None,,,         ,Clayton,Smith,Clear,"Sideswipe, Opposite Direction",no,no,no,no,no,False
102490761,METROPOLITAN NASHVILLE POLICE DEPT,20190641756,Davidson,Nashville,8/28/2019 7:29:00 AM,2,0,0,36.091360,-86.828510,HARDING PL,,,,0.00,,,HILLSBORO PKE,,,,0.00,Y,Four-Way,N,Intersection,None,,,         ,Earl,Davis,Clear,Front to Rear,no,no,no,no,no,False
102490763,METROPOLITAN NASHVILLE POLICE DEPT,20190641686,Davidson,Nashville,8/28/2019 7:05:00 AM,3,0,0,36.155830,-86.619460,BELL RD,,,,1226.00,Feet,East,BELL RD PVTDR,,,,0.00,N,Not at Intersection,N,Non-Junction,None,,,         ,Eric,Jackson,Clear,Front to Rear,no,no,no,no,no,False
102490776,METROPOLITAN NASHVILLE POLICE DEPT,20190641752,Davidson,Nashville,8/28/2019 7:45:00 AM,3,1,0,36.241890,-86.780550,BRICK CHURCH PKE,,,,331.00,Feet,South,MASONWOOD DR,,,,0.00,N,Not at Intersection,N,Non-Junction,None,,,         ,Wesley,Young,Clear,Front to Rear,no,no,no,no,no,False
102490778,METROPOLITAN NASHVILLE POLICE DEPT,20190641875,Davidson,Nashville,8/28/2019 7:49:00 AM,2,0,0,36.140150,-86.722910,I 40,,,,0.00,,,,,,,213.50,N,Not at Intersection, ,,None,,,         ,Ralph,Harvey,,,no,no,no,no,no,False
102490786,METROPOLITAN NASHVILLE POLICE DEPT,20190641911,Davidson,Nashville,8/28/2019 8:48:00 AM,2,0,0,36.066060,-86.738120,EDMONDSON PKE,,,,0.00,,,BREWER DR,,,,0.00,Y,T-Intersection, ,Intersection,None,,,         ,Earl,Davis,Clear,Front to Rear,no,no,no,no,no,False
102490788,METROPOLITAN NASHVILLE POLICE DEPT,20190641919,Davidson,Nashville,8/28/2019 8:43:00 AM,2,2,0,36.230980,-86.828570,BRILEY PKWYW,,,,435.00,Feet,East,BRILEY PKWY W EXT RAMP,,,,0.00,N,Not at Intersection,N,Non-Junction,None,,,         ,Avery,Jackson,Clear,Front to Rear,no,no,no,no,no,False
102490790,METROPOLITAN NASHVILLE POLICE DEPT,20190641864,Davidson,Nashville,8/28/2019 8:10:00 AM,2,0,0,36.206480,-86.776250,W TRINITY LN,,,,822.00,Feet,West,I65 N ENT RAMP,,,,0.00,N,Not at Intersection,N,Non-Junction,None,,,         ,Wesley,Young,Clear,"Sideswipe, Same Direction",no,no,no,no,no,False
102490793,METROPOLITAN NASHVILLE POLICE DEPT,20190641872,Davidson,Nashville,8/28/2019 8:55:00 AM,2,1,0,36.155600,-86.828010,I 40,,,,0.00,,,,,,,205.60,N,Not at Intersection,N,Non-Junction,None,,,         ,Curtis,Rich,Cloudy,Front to Rear,no,no,no,no,no,False
102490799,METROPOLITAN NASHVILLE POLICE DEPT,20190642008,Davidson,Madison,8/28/2019 9:41:00 AM,2,0,0,36.260370,-86.712860,GALLATIN PKES,,,,0.00,,,HICKORY ST,,,,0.00,Y,OTHER, ,,None,,,         ,Eric,Richardson,,,no,no,no,no,no,False
102490802,METROPOLITAN NASHVILLE POLICE DEPT,20190641695,Davidson,Nashville,8/28/2019 7:14:00 AM,2,0,0,36.189300,-86.735070,GREENWOOD AVE,,,,352.00,Feet,East,MATTHEWS PL,,,,0.00,N,Not at Intersection,N,Non-Junction,None,,,         ,Michael,Agee,Clear,Angle,no,no,no,yes,yes,False
102490804,METROPOLITAN NASHVILLE POLICE DEPT,20190641766,Davidson,Nashville,8/28/2019 7:40:00 AM,2,0,0,36.180170,-86.644300,DANYACREST DR,,,,538.00,Feet,East,JENRY DR,,,,0.00,N,Not at Intersection, ,,None,,,         ,Adam,Masle,,,no,no,no,no,no,False
102490807,METROPOLITAN NASHVILLE POLICE DEPT,20190641891,Davidson,Nashville,8/28/2019 12:01:00 AM,1,0,0,36.145590,-86.780400,9TH AVS,,,,104.00,Feet,South,9TH CIRS,,,,0.00,N,Not at Intersection,N,Non-Junction,None,,,         ,David,Barras,Unknown,Not Collision with Motor Vehicle in Transport,no,no,no,no,yes,False
102490808,METROPOLITAN NASHVILLE POLICE DEPT,20190642057,Davidson,Nashville,8/28/2019 8:47:00 AM,2,0,0,36.190890,-86.615190,OLD LEBANON DIRT RD,,,,0.00,,,OLD HICKORY BLVD,,,,0.00,Y,Four-Way,N,Intersection-Related,None,,,         ,Tien,Nguyen,Clear,Front to Rear,no,no,no,no,yes,False
102490809,METROPOLITAN NASHVILLE POLICE DEPT,20190641738,Davidson,Nashville,8/28/2019 7:35:00 AM,2,0,0,36.206520,-86.776700,W TRINITY LN,,,,0.00,,,I65 S ENT RAMP,,,,0.00,Y,OTHER, ,Non-Junction,None,,,         ,Ronald,Bright,Clear,Front to Rear,no,no,no,no,no,False
102490810,METROPOLITAN NASHVILLE POLICE DEPT,20190641679,Davidson,Nashville,8/28/2019 7:10:00 AM,2,1,0,36.237400,-86.757910,I65 N EXT RAMP,,,,0.00,,,DICKERSON PKE,,,,0.00,Y,Y-Intersection,N,Entrance/Exit Ramp Related,None,,,         ,Russell,Freeman,Clear,Front to Rear,no,no,no,no,no,False
102490820,METROPOLITAN NASHVILLE POLICE DEPT,20190641910,Davidson,Nashville,8/28/2019 8:43:00 AM,2,1,0,36.082370,-86.646680,MURFREESBORO PKE,,,,124.00,Feet,South,SHUMATE LN,,,,0.00,N,Not at Intersection,N,Non-Junction,None,,,         ,Jason,Hees,Clear,Front to Rear,no,no,no,no,no,False
102490823,METROPOLITAN NASHVILLE POLICE DEPT,20190641673,Davidson,Nashville,8/28/2019 6:59:00 AM,2,0,0,36.218670,-86.837000,CLARKSVILLE PKE,,,,63.00,Feet,North,KINGS LN,,,,0.00,N,Not at Intersection, ,Non-Junction,None,,,         ,Jamel,Griffin,Clear,Front to Rear,no,no,no,no,yes,False
102490828,METROPOLITAN NASHVILLE POLICE DEPT,20190641743,Davidson,Nashville,8/28/2019 7:30:00 AM,2,0,0,36.210790,-86.719260,STRATFORD AV,,,,101.00,Feet,North,SHELTON AV,,,,0.00,N,Not at Intersection,N,Non-Junction,None,,,         ,Russell,Freeman,Clear,Front to Rear,no,no,no,no,no,False
102490829,METROPOLITAN NASHVILLE POLICE DEPT,2019 0642043,Davidson,Nashville,8/28/2019 9:16:00 AM,1,0,0,36.104650,-86.814750,HILLSBORO PKE,,,,70.00,Feet,South,RICHARD JONES RD,,,,0.00,N,Not at Intersection,N,Non-Junction,None,,,         ,Paul,Junkmann,Clear,Not Collision with Motor Vehicle in Transport,no,no,no,yes,yes,False
102490830,METROPOLITAN NASHVILLE POLICE DEPT,20190641893,Davidson,Nashville,8/28/2019 8:36:00 AM,3,1,0,36.082780,-86.628700,MOSSDALE DR,,,,0.00,,,BELL RD,,,,0.00,Y,Four-Way,Y,Intersection,None,,,         ,Eric,Jackson,Clear,Angle,no,no,no,no,no,False
102490835,METROPOLITAN NASHVILLE POLICE DEPT,20190642000,Davidson,Nashville,8/28/2019 9:35:00 AM,2,0,0,36.172420,-86.794810,10TH AVN,,,,0.00,,,JEFFERSON ST,,,,0.00,Y,Four-Way, ,Intersection,None,,,         ,Brian,Mclarty,Clear,Other,no,no,no,no,no,False
102490837,METROPOLITAN NASHVILLE POLICE DEPT,20190642048,Davidson,Not in City Limit,8/28/2019 10:00:00 AM,3,0,0,36.021450,-86.646940,BLAIRFIELD DR,,,,337.00,Feet,East,ELIJAH RYAN DR,,,,0.00,N,Not at Intersection,N,Non-Junction,None,,,         ,Nelson,Hemingway,Clear,Front to Rear,no,no,no,no,no,False
102490840,METROPOLITAN NASHVILLE POLICE DEPT,20190642024,Davidson,Nashville,8/28/2019 8:04:00 AM,2,0,0,36.141400,-86.732270,I 40,,,,0.00,,,,,,,213.00,N,Not at Intersection, ,Non-Junction,None,,,         ,Zachary,Maxa,Clear,"Sideswipe, Same Direction",no,no,no,no,no,False
102490853,METROPOLITAN NASHVILLE POLICE DEPT,2019-0641784,Davidson,Nashville,8/28/2019 7:55:00 AM,1,1,0,36.147830,-86.806410,24TH AVS,,,,38.00,Feet,South,WEST END AV,,,,0.00,N,Not at Intersection,N,Unknown,None,,,         ,Po,Cheng,Clear,Not Collision with Motor Vehicle in Transport,yes,no,no,no,no,Campus
102490856,METROPOLITAN NASHVILLE POLICE DEPT,20190642253,Davidson,Nashville,8/28/2019 11:40:00 AM,2,0,0,36.123200,-86.696480,BRILEY PKWY,,,,0.00,,,VENUS DR,,,,0.00,Y,T-Intersection, ,Intersection-Related,None,,,         ,Tien,Nguyen,Clear,Front to Rear,no,no,no,no,no,False
102490857,METROPOLITAN NASHVILLE POLICE DEPT,20190641822,Davidson,Nashville,8/28/2019 8:07:00 AM,3,1,0,36.169760,-86.587610,I 40,,,,0.00,,,,,,,221.55,N,Not at Intersection,N,Non-Junction,None,,,         ,Adam,Masle,Clear,Front to Rear,no,no,no,no,no,False
102490858,METROPOLITAN NASHVILLE POLICE DEPT,20190641815,Davidson,Nashville,8/28/2019 7:10:00 AM,2,0,0,36.049980,-86.649500,BELL RD,,,,0.00,,,MT VIEW RD,,,,0.00,Y,Four-Way, ,Non-Junction,None,,,         ,Honorio,Canchola,Clear,Front to Rear,no,no,no,no,yes,False
102490861,METROPOLITAN NASHVILLE POLICE DEPT,20190641193,Davidson,Nashville,8/28/2019 11:09:00 AM,3,0,0,36.193690,-86.776610,I 65,,,,0.00,,,,,,,86.55,N,Not at Intersection,N,Non-Junction,None,,,         ,Wesley,Young,Clear,Front to Rear,no,no,no,no,no,False
102490890,METROPOLITAN NASHVILLE POLICE DEPT,20190641831,Davidson,Nashville,8/28/2019 8:15:00 AM,3,0,0,36.141620,-86.714830,I 40,,,,0.00,,,,,,,213.95,N,Not at Intersection, ,Non-Junction,None,,,         ,Ryan,Storm,Clear,Front to Rear,no,no,no,no,yes,False
102490913,METROPOLITAN NASHVILLE POLICE DEPT,20190642283,Davidson,Nashville,8/28/2019 11:53:00 AM,2,0,0,36.124390,-86.741100,I 440,,,,0.00,,,,,,,6.80,N,Not at Intersection,N,Non-Junction,Construction Zone,Work On Shoulder Or Median,Activity Area,         ,Charles,Wakefield,Clear,Front to Rear,no,no,no,no,no,False
102490920,METROPOLITAN NASHVILLE POLICE DEPT,20190642075,Davidson,Nashville,8/28/2019 10:13:00 AM,2,0,0,36.239050,-86.754670,I65 S EXT RAMP,,,,0.00,,,I 65,,,,0.00,Y,Y-Intersection,Y,Entrance/Exit Ramp Related,None,,,         ,Matthew,Harris,Clear,"Sideswipe, Same Direction",no,no,no,no,no,False
102490925,METROPOLITAN NASHVILLE POLICE DEPT,20190642390,Davidson,Nashville,8/28/2019 12:46:00 PM,2,0,0,36.200550,-86.620930,OLD HICKORY BLVD,,,,0.00,,,PLANTATION DR,,,,0.00,Y,T-Intersection, ,Intersection-Related,None,,,         ,Tien,Nguyen,Clear,Front to Rear,no,no,no,no,no,False
102490926,METROPOLITAN NASHVILLE POLICE DEPT,20190642137,Davidson,Nashville,8/28/2019 10:55:00 AM,1,1,0,36.138800,-86.822410,I 440,,,,0.00,,,,,,,1.30,N,Not at Intersection,N,Non-Junction,Construction Zone,Work On Shoulder Or Median,Activity Area,         ,David,Barras,Clear,Not Collision with Motor Vehicle in Transport,no,no,no,no,no,False
102490946,METROPOLITAN NASHVILLE POLICE DEPT,20190642266,Davidson,Nashville,8/28/2019 11:10:00 AM,2,0,0,36.032660,-86.611920,PRESERVE BLVD,,,,0.00,,,OLD HICKORY BLVD,,,,0.00,Y,T-Intersection, ,Intersection,None,,,         ,Charles,Coe,Clear,"Sideswipe, Same Direction",no,no,no,no,no,False
102490954,METROPOLITAN NASHVILLE POLICE DEPT,20190642368,Davidson,Nashville,8/28/2019 12:30:00 PM,2,0,0,36.179620,-86.793440,HUME ST,,,,164.00,Feet,East,7TH AVN,,,,0.00,N,Not at Intersection,N,Non-Junction,None,,,         ,Wesley,Young,Clear,"Sideswipe, Same Direction",no,no,no,no,no,False
102490956,METROPOLITAN NASHVILLE POLICE DEPT,20190642458,Davidson,Nashville,8/28/2019 1:06:00 PM,2,0,0,36.198440,-86.620270,LEBANON PKE,,,,0.00,,,OLD HICKORY BLVD,,,,0.00,Y,Four-Way, ,Intersection-Related,None,,,         ,Tien,Nguyen,Clear,Front to Rear,no,no,no,no,no,False
102490978,METROPOLITAN NASHVILLE POLICE DEPT,20190641667,Davidson,Nashville,8/28/2019 6:50:00 AM,2,0,0,36.109200,-86.720100,-- UNKNOWN RAMP/ROAD --,,,,0.00,Feet,East,I 24,,,,0.00,N,Not at Intersection, ,Non-Junction,None,,,         ,Jessie,Meadows,Clear,"Sideswipe, Same Direction",no,no,no,no,no,False
102490998,BERRY HILL POLICE DEPT,19-3561,Davidson,Nashville,8/28/2019 12:00:00 AM,2,0,0,36.111670,-86.760560,THOMPSON LN,,,,0.00,,,,,,,0.00,,Not at Intersection, ,Non-Junction,None,,,         ,John,Gleixner,Clear,Unknown,no,no,no,yes,yes,False
102491022,METROPOLITAN NASHVILLE POLICE DEPT,20190642292,Davidson,Nashville,8/28/2019 11:01:00 AM,2,0,0,36.153250,-86.794010,17TH AVS,,,,0.00,Feet,West,BROADWAY,,,,0.00,N,Not at Intersection, ,Non-Junction,None,,,         ,Devin,Mabry,Clear,"Sideswipe, Same Direction",no,no,no,no,no,False
102491032,METROPOLITAN NASHVILLE POLICE DEPT,20190641747,Davidson,Nashville,8/28/2019 7:45:00 AM,4,0,0,36.101450,-86.712380,I 24,,,,0.00,,,,,,,54.50,N,Not at Intersection,N,Non-Junction,None,,,         ,Jessie,Meadows,Clear,Front to Rear,no,no,no,no,no,False
102491040,METROPOLITAN NASHVILLE POLICE DEPT,20190641931,Davidson,Nashville,8/28/2019 9:05:00 AM,2,0,0,36.049830,-86.649590,STATE HWY 254,,,,75.00,Feet,South,MOUNT VIEW RD,,,,0.00,N,Not at Intersection, ,Non-Junction,None,,,         ,Jessie,Meadows,Clear,"Sideswipe, Same Direction",no,no,no,no,no,False
102491041,METROPOLITAN NASHVILLE POLICE DEPT,20190642397,Davidson,Nashville,8/28/2019 11:12:00 AM,2,0,0,36.086910,-86.648680,MURFREESBORO PKE,,,,0.00,,,NASHBORO BLVD,,,,0.00,Y,Four-Way,N,Non-Junction,None,,,         ,Steven,Williams,Clear,Angle,no,no,no,no,no,False
102491043,METROPOLITAN NASHVILLE POLICE DEPT,20190642321,Davidson,Nashville,8/28/2019 12:05:00 PM,2,0,0,36.134240,-86.776370,I65 S ENT RAMP,,,,0.00,,,I65 S EXT RAMP,,,,0.00,Y,Four-Way, ,Entrance/Exit Ramp Related,None,,,         ,Phillip,Murphy,Clear,Front to Rear,no,no,no,no,no,False
102491048,METROPOLITAN NASHVILLE POLICE DEPT,20190642016,Davidson,Nashville,8/28/2019 10:05:00 AM,2,0,0,36.032590,-86.676590,OAK CHASE DR,,,,363.00,Feet,West,OAK SPRINGS CT,,,,0.00,N,Not at Intersection, ,,None,,,         ,Jessie,Meadows,,,no,no,no,no,no,False
102491052,BERRY HILL POLICE DEPT,19-3560,Davidson,Berry Hill,8/28/2019 12:58:00 PM,2,0,0,36.112550,-86.765320,THOMPSON LN,,,,232.00,Feet,South,BRANSFORD AV,,,,0.00,N,Not at Intersection, ,Non-Junction,None,,,         ,Ronnie,Hill,Clear,Rear to Rear,no,no,no,yes,no,False
102491093,METROPOLITAN NASHVILLE POLICE DEPT,20190642420,Davidson,Nashville,8/28/2019 12:59:00 PM,2,0,0,36.155290,-86.812060,25TH AVN,,,,0.00,,,CHARLOTTE AV,,,,0.00,Y,Four-Way, ,Intersection,None,,,         ,Phillip,Murphy,Clear,"Sideswipe, Same Direction",no,no,no,no,no,False
102491099,METROPOLITAN NASHVILLE POLICE DEPT,20190642627,Davidson,Not in City Limit,8/28/2019 2:55:00 PM,2,1,0,36.262210,-86.712210,GALLATIN PKES,,,,0.00,,,E OLD HICKORY BLVD,,,,0.00,Y,Four-Way,N,Intersection,None,,,         ,Christopher,Littles,Clear,Angle,no,no,no,no,no,False
102491102,METROPOLITAN NASHVILLE POLICE DEPT,20190642015,Davidson,Nashville,8/28/2019 3:05:00 AM,1,0,0,36.091990,-86.712110,JESSIE DR,,,,243.00,Feet,East,BREVARD CT,,,,0.00,N,Not at Intersection,N,Non-Junction,None,,,         ,Jesse,Cox,Clear,Not Collision with Motor Vehicle in Transport,no,no,no,no,yes,False
102491125,METROPOLITAN NASHVILLE POLICE DEPT,20190642226,Davidson,Nashville,8/28/2019 11:20:00 AM,2,0,0,36.156580,-86.787480,BROADWAY,,,,0.00,,,12TH AVS,,,,0.00,Y,Four-Way, ,,Construction Zone,,,         ,Michael,Douglas,,,no,no,no,no,no,False
102491143,METROPOLITAN NASHVILLE POLICE DEPT,20190642649,Davidson,Not in City Limit,8/28/2019 3:03:00 PM,2,2,0,36.262620,-86.684380,E OLD HICKORY BLVD,,,,0.00,,,LARKIN SPRINGS RD,,,,0.00,Y,Four-Way,N,Intersection,None,,,         ,Rodney,Phipps,Clear,Front to Rear,no,no,no,no,no,False
102491151,BERRY HILL POLICE DEPT,19-3562,Davidson,Berry Hill,8/28/2019 12:00:00 AM,2,0,0,36.112160,-86.763360,THOMPSON LN,,,,0.00,,,,,,,0.00,,, ,Non-Junction,None,,,         ,John,Gleixner,Clear,Rear to Rear,no,no,no,yes,no,False
102491152,BERRY HILL POLICE DEPT,19-3563,Davidson,Berry Hill,8/28/2019 12:00:00 AM,2,0,0,36.126680,-86.774670,CRAIGHEAD ST,,,,0.00,,,WHITE AV,,,,0.00,Y,T-Intersection, ,Intersection,None,,,         ,John,Gleixner,Clear,Angle,no,no,no,no,no,False
102491160,METROPOLITAN NASHVILLE POLICE DEPT,20190642655,Davidson,Nashville,8/28/2019 3:00:00 PM,2,2,0,36.123940,-86.846670,WOODMONT BLVD,,,,0.00,,,ROYAL OAKS CONDOS PVTDR,,,,0.00,Y,OTHER,N,Non-Junction,None,,,         ,Michael,Fox,Clear,Angle,no,no,no,no,no,False
102491171,THP District 3 - Nashville,319055346,Davidson,Nashville,8/27/2019 9:00:00 PM,2,0,0,36.070040,-86.698790,HAYWOOD LN,,,,0.00,,,EAST RIDGE DR,,,,0.00,Y,Four-Way,N,Intersection,None,,,         ,Nicholas,Lang,Rain,Angle,no,no,no,no,no,False