master_record_number,agency,agency_tracking_number,county,city,collision_date,vehicles_involved,number_injured,number_dead,latitude,longitude,roadway_name,roadway_suffix,roadway_number,roadway_local_id,distance_from_reference,miles-feet_indicator,direction_from_reference,intersection_road_name,intersection_road_name_suffix,intersection_road_number,intersection_local_id,mile_marker,intersection_indicator,intersect_type,interchange_related_indicator,relation_to_junction,work_zone_type,construction_maintenance_zone,construction_maintenance_zone_location,fatal_case_number,officer_first_name,officer_last_name,weather_condition(s),manner_of_crash,pedestrian,bicycle,scooter,parking,hitrun,mou
102491201,METROPOLITAN NASHVILLE POLICE DEPT,20190642767,Davidson,Nashville,8/28/2019 3:50:00 PM,2,2,0,36.176210,-86.615880,STATE HWY 265,,,,27.00,Feet,South,LAKESIDE PL,,,,0.00,N,Not at Intersection,N,Non-Junction,None,,,         ,Tony,Mingsing,Clear,Front to Rear,no,no,no,no,no,False
102491211,Nashville Airport Police,2019-03711,Davidson,Nashville,8/28/2019 3:15:00 PM,2,0,0,36.136380,-86.667340,TERMINAL DR,,,,105.00,Feet,North,I40 E EXT RAMP,,,,0.00,N,Not at Intersection, ,Non-Junction,None,,,         ,Lucas,Delheimer,Clear,"Sideswipe, Same Direction",no,no,no,yes,no,False
102491212,Nashville Airport Police,2019-03701,Davidson,Nashville,8/27/2019 12:00:00 AM,2,0,0,36.133410,-86.665080,BNA DR,,,,0.00,,,TERMINAL DR,,,,0.00,Y,Four-Way,N,Intersection,None,,,         ,Nathan,Holt,Rain,Front to Rear,no,no,no,no,no,False
102491213,METROPOLITAN NASHVILLE POLICE DEPT,20190642786,Davidson,Nashville,8/28/2019 3:30:00 PM,2,1,0,36.117060,-86.882510,BROWNLEE DR,,,,0.00,,,DAVIDSON RD,,,,0.00,Y,Four-Way,N,Intersection,None,,,         ,Jared,Dick,Clear,Angle,no,no,no,no,no,False
102491215,METROPOLITAN NASHVILLE POLICE DEPT,20190642740,Davidson,Antioch,8/28/2019 3:39:00 PM,2,0,0,36.050190,-86.607310,PIN HOOK RD,,,,345.00,Feet,West,GROVEDALE TRC,,,,0.00,N,Not at Intersection,N,Non-Junction,None,,,         ,Andrew,Brazee,Clear,Angle,no,no,no,no,yes,False
102491218,BERRY HILL POLICE DEPT,19-3565,Davidson,Nashville,8/28/2019 12:00:00 AM,2,0,0,36.111800,-86.761650,THOMPSON LN,,,,378.00,Feet,East,E IRIS DR,,,,0.00,N,Not at Intersection, ,Non-Junction,None,,,         ,John,Gleixner,Clear,Angle,no,no,no,no,no,False
102491220,METROPOLITAN NASHVILLE POLICE DEPT,20190642776,Davidson,Nashville,8/28/2019 3:57:00 PM,2,0,0,36.174400,-86.774190,OLDHAM ST,,,,0.00,,,N 1ST ST,,,,0.00,Y,Four-Way, ,,None,,,         ,Timothy,Mead,,,no,no,no,no,no,False
102491231,METROPOLITAN NASHVILLE POLICE DEPT,20190642857,Davidson,Nashville,8/28/2019 3:40:00 PM,2,0,0,36.155910,-86.773890,4TH AVS,,,,20.00,Feet,South,PEABODY ST,,,,0.00,N,Not at Intersection,N,Non-Junction,None,,,         ,Jesse,Cox,Clear,Angle,no,no,no,no,yes,False
102491242,METROPOLITAN NASHVILLE POLICE DEPT,20190642817,Davidson,Nashville,8/28/2019 4:16:00 PM,2,1,0,36.144260,-86.739890,ELM HILL PKE,,,,539.00,Feet,East,LANNIE BOSWELL AV,,,,0.00,N,Not at Intersection,N,Non-Junction,None,,,         ,Kyle,Berkheiser,Clear,Angle,no,no,no,no,no,False
102491249,METROPOLITAN NASHVILLE POLICE DEPT,20190642995,Davidson,Nashville,8/28/2019 5:45:00 PM,2,0,0,36.170830,-86.764150,S 5TH ST,,,,4.00,Feet,South,RUSSELL ST,,,,0.00,N,Not at Intersection, ,,None,,,         ,Riley,Brewer,,,no,no,no,no,no,False
102491251,METROPOLITAN NASHVILLE POLICE DEPT,20190642823,Davidson,Nashville,8/28/2019 4:17:00 PM,2,0,0,36.151070,-86.842130,46TH AVN,,,,0.00,,,PARK AV,,,,0.00,Y,Four-Way, ,Intersection-Related,None,,,         ,Torian,Cox,Clear,Angle,no,no,no,no,no,False
102491261,METROPOLITAN NASHVILLE POLICE DEPT,20190642869,Davidson,Nashville,8/28/2019 4:23:00 PM,2,0,0,36.176970,-86.811160,21ST AVE N,,,,5.00,Feet,North,OSAGE ST,,,,0.00,N,Not at Intersection, ,Non-Junction,None,,,         ,Katelin,Ehrhardt,Clear,Angle,no,no,no,no,no,False
102491262,METROPOLITAN NASHVILLE POLICE DEPT,20190642923,Davidson,Nashville,8/28/2019 5:15:00 PM,2,0,0,36.137070,-86.821440,I 440,,,,0.00,,,,,,,1.45,N,Not at Intersection, ,Non-Junction,None,,,         ,Darryl,Williams,Clear,Front to Rear,no,no,no,no,no,False
102491266,METROPOLITAN NASHVILLE POLICE DEPT,20190643012,Davidson,Not in City Limit,8/28/2019 6:04:00 PM,4,0,0,36.278590,-86.773060,OLD HICKORY BLVD,,,,349.00,Feet,West,DALEMERE DR,,,,0.00,N,Not at Intersection,N,Non-Junction,None,,,         ,Christopher,Littles,Clear,Front to Rear,no,no,no,no,yes,False
102491273,METROPOLITAN NASHVILLE POLICE DEPT,20190642931,Davidson,Nashville,8/28/2019 5:11:00 PM,2,0,0,36.147960,-86.799300,21ST AVS,,,,0.00,,,BROADWAY,,,,0.00,Y,T-Intersection,N,Intersection,None,,,         ,Thomas,Broatch,Clear,Front to Rear,no,no,no,no,yes,Campus
102491279,METROPOLITAN NASHVILLE POLICE DEPT,20190642941,Davidson,Nashville,8/28/2019 5:26:00 PM,2,1,0,36.071390,-86.733430,EDMONDSON PKE,,,,153.00,Feet,North,SUTER DR,,,,0.00,N,Not at Intersection,N,Non-Junction,None,,,         ,FELIKS,ABRAHAMYAN,Clear,"Sideswipe, Same Direction",no,no,no,no,yes,False
102491286,METROPOLITAN NASHVILLE POLICE DEPT,20190642853,Davidson,Nashville,8/28/2019 4:20:00 PM,2,0,0,36.054000,-86.898950,OLD HICKORY BLVD,,,,82.00,Feet,West,GAUCHO ROAD PVTDR,,,,0.00,N,Not at Intersection,N,Non-Junction,None,,,         ,Joel,Cottrill,Clear,Front to Rear,no,no,no,no,no,False
102491292,METROPOLITAN NASHVILLE POLICE DEPT,20190643040,Davidson,Nashville,8/28/2019 6:16:00 PM,2,1,0,36.146710,-86.799480,21ST AVS,,,,234.00,Feet,North,SCARRITT PL,,,,0.00,N,Not at Intersection,N,Non-Junction,None,,,         ,Phillip,Murphy,Clear,Front to Rear,no,no,no,no,no,Campus
102491298,METROPOLITAN NASHVILLE POLICE DEPT,20190643109,Davidson,Not in City Limit,8/28/2019 6:54:00 PM,2,1,0,36.263260,-86.713930,OLD HICKORY BLVDW,,,,251.00,Feet,West,OLD TIME VILLAGE PVTDR,,,,0.00,N,Not at Intersection,N,Non-Junction,None,,,         ,Christopher,Littles,Clear,Front to Rear,no,no,no,no,yes,False
102491302,METROPOLITAN NASHVILLE POLICE DEPT,20190643034,Davidson,Nashville,8/28/2019 5:51:00 PM,2,0,0,36.073190,-86.724370,NOLENSVILLE PKE,,,,87.00,Feet,South,PROVIDENCE HTS,,,,0.00,N,Not at Intersection,N,Non-Junction,None,,,         ,Alberta,Auguste,Clear,Angle,no,no,no,no,no,False
102491303,METROPOLITAN NASHVILLE POLICE DEPT,20190642898,Davidson,Nashville,8/28/2019 5:05:00 PM,2,1,0,36.211130,-86.691100,BRILEY PKWYN,,,,542.00,Feet,South,BRILEY PKWYS,,,,0.00,N,Not at Intersection,N,Non-Junction,None,,,         ,Kyle,Berkheiser,Clear,Front to Rear,no,no,no,no,no,False
102491324,METROPOLITAN NASHVILLE POLICE DEPT,20190642988,Davidson,Nashville,8/28/2019 5:45:00 PM,2,0,0,36.044630,-86.670480,HICKORY PARK DR,,,,86.00,Feet,South,BELL RD,,,,0.00,N,Not at Intersection,N,Non-Junction,None,,,         ,Arend,Groeneweg,Clear,Angle,no,no,no,no,yes,False
102491329,TENNESSEE STATE UNIVERSITY ,19-40194,Davidson,Nashville,8/28/2019 4:56:00 PM,1,0,0,36.169670,-86.820620,W HEIMAN ST,,,,198.00,Feet,East,ED TEMPLE BLVD,,,,0.00,N,Not at Intersection, ,,None,,,         ,Bruce,Baghai,,,no,no,no,yes,no,False
102491330,METROPOLITAN NASHVILLE POLICE DEPT,20190643082,Davidson,Nashville,8/28/2019 6:26:00 PM,2,0,0,36.137330,-86.798140,WEDGEWOOD AV,,,,0.00,Feet,East,19TH AVS,,,,0.00,N,Not at Intersection, ,Non-Junction,None,,,         ,Darryl,Williams,Clear,"Sideswipe, Opposite Direction",no,no,no,no,no,Campus
102491332,METROPOLITAN NASHVILLE POLICE DEPT,20190643201,Davidson,Nashville,8/28/2019 7:20:00 PM,2,0,0,36.131460,-86.780310,SOUTH DOUGLAS AV,,,,1.00,Feet,West,BEECH AV,,,,0.00,N,Not at Intersection,N,Non-Junction,None,,,         ,Conor,Cronin,Clear,Angle,no,no,no,no,yes,False
102491339,METROPOLITAN NASHVILLE POLICE DEPT,20190643023,Davidson,Nashville,8/28/2019 6:04:00 PM,2,1,0,36.164050,-86.793940,I 40,,,,0.00,,,,,,,208.50,N,Not at Intersection,N,Non-Junction,None,,,         ,Cressie,Prill,Clear,"Sideswipe, Same Direction",no,no,no,no,no,False
102491340,VANDERBILT UNIVERSITY POLICE,20190643207,Davidson,Nashville,8/28/2019 7:35:00 PM,2,0,0,36.141550,-86.806310,25TH AVS,,,,0.00,,,,,,,0.00,,, ,Non-Junction,None,,,         ,Christopher,Dion,Clear,"Sideswipe, Same Direction",no,no,no,yes,no,Campus
102491359,METROPOLITAN NASHVILLE POLICE DEPT,20190642797,Davidson,Nashville,8/28/2019 3:40:00 PM,3,0,0,36.153410,-86.763870,I 40,,,,0.00,,,,,,,210.75,N,Not at Intersection,N,Non-Junction,None,,,         ,Darci,Stechman,Clear,Front to Rear,no,no,no,no,no,False
102491363,METROPOLITAN NASHVILLE POLICE DEPT,20190643176,Davidson,Not in City Limit,8/28/2019 7:13:00 PM,2,0,0,36.262820,-86.680970,STATE RT 45,,,,0.00,,,RIO VISTA DR,,,,0.00,Y,Four-Way, ,Intersection-Related,None,,,         ,Christopher,Littles,Clear,Angle,no,no,no,no,no,False
102491364,METROPOLITAN NASHVILLE POLICE DEPT,20190643256,Davidson,Not in City Limit,8/28/2019 8:17:00 PM,2,0,0,36.265490,-86.739870,OLD HICKORY BLVDW,,,,0.00,,,I65 S EXT RAMP,,,,0.00,Y,T-Intersection,N,Entrance/Exit Ramp Related,None,,,         ,Christopher,Littles,Clear,Angle,no,no,no,no,yes,False
102491368,METROPOLITAN NASHVILLE POLICE DEPT,20190643282,Davidson,Antioch,8/28/2019 8:29:00 PM,2,2,0,36.012760,-86.620840,OLD HICKORY BLVD,,,,51.00,Feet,South,I24 E ENT RAMP,,,,0.00,N,Not at Intersection,Y,Non-Junction,None,,,         ,YUNUS,ADAK,Clear,Front to Rear,no,no,no,no,no,False
102491372,METROPOLITAN NASHVILLE POLICE DEPT,20190642891,Davidson,Not in City Limit,8/28/2019 4:13:00 PM,2,0,0,36.076370,-86.966840,I 40,,,,0.00,,,,,,,195.70,N,Not at Intersection, ,Non-Junction,None,,,         ,Jeremy,Huffine,Clear,Angle,no,no,no,no,no,False
102491407,METROPOLITAN NASHVILLE POLICE DEPT,20190643272,Davidson,Nashville,8/28/2019 7:45:00 PM,2,1,0,36.147780,-86.768550,4TH AVS,,,,51.00,Feet,North,CAMERON ST,,,,0.00,N,Not at Intersection,N,Non-Junction,None,,,         ,Jesse,Cox,Clear,Angle,no,no,no,no,no,False
102491408,METROPOLITAN NASHVILLE POLICE DEPT,20190643025,Davidson,Nashville,8/28/2019 6:02:00 PM,2,0,0,36.067100,-86.687450,I24 E ENT RAMP,,,,0.00,Feet,East,I 24,,,,0.00,N,Not at Intersection, ,Non-Junction,None,,,         ,Andrew,Brazee,Clear,Front to Rear,no,no,no,no,no,False
102491409,METROPOLITAN NASHVILLE POLICE DEPT,20190643136,Davidson,Antioch,8/28/2019 6:24:00 PM,2,0,0,36.013090,-86.620910,I24 E EXT RAMP,,,,0.00,Feet,East,I 24,,,,0.00,N,Not at Intersection, ,Entrance/Exit Ramp Related,None,,,         ,Andrew,Brazee,Clear,Front to Rear,no,no,no,no,no,False
102491420,METROPOLITAN NASHVILLE POLICE DEPT,20190643155,Davidson,Not in City Limit,8/28/2019 5:31:00 PM,2,0,0,36.081110,-86.955890,US HWY 70S,,,,73.00,Feet,East,-- UNKNOWN RAMP/ROAD --,,,,0.00,N,Not at Intersection,N,Non-Junction,None,,,         ,Edward,Starke,Clear,Front to Rear,no,no,no,no,no,False
102491460,METROPOLITAN NASHVILLE POLICE DEPT,20190643068,Davidson,Nashville,8/28/2019 5:30:00 PM,2,0,0,36.150140,-86.857320,ORLANDO AV,,,,58.00,Feet,South,CHARLOTTE PKE,,,,0.00,N,Not at Intersection, ,Non-Junction,None,,,         ,Torian,Cox,Clear,"Sideswipe, Same Direction",no,no,no,no,no,False
102491472,METROPOLITAN NASHVILLE POLICE DEPT,20190643390,Davidson,Nashville,8/28/2019 9:27:00 PM,2,0,0,36.152550,-86.754610,I 40,,,,0.00,,,,,,,211.30,N,Not at Intersection,N,Non-Junction,None,,,         ,Samuel,Sundra,Clear,"Sideswipe, Same Direction",no,no,no,no,no,False
102491477,METROPOLITAN NASHVILLE POLICE DEPT,20190642810,Davidson,Nashville,8/28/2019 4:15:00 PM,2,0,0,36.041390,-86.779830,FRANKLIN PIKE CIR,,,,225.00,Feet,North,OLD HICKORY BLVD,,,,0.00,N,Not at Intersection, ,"Driveway, Alley Access, etc",None,,,         ,William,King,Clear,Angle,no,no,no,no,no,False
102491504,METROPOLITAN NASHVILLE POLICE DEPT,20190643145,Davidson,Nashville,8/28/2019 7:16:00 PM,1,1,0,36.059720,-86.622910,MURFREESBORO PKE,,,,1576.00,Feet,South,HAMILTON GLEN PL,,,,0.00,N,Not at Intersection,N,Non-Junction,None,,,         ,Andrew,Brazee,Clear,Not Collision with Motor Vehicle in Transport,no,no,no,no,no,False
102491521,METROPOLITAN NASHVILLE POLICE DEPT,20190642836,Davidson,Antioch,8/28/2019 4:32:00 PM,2,1,0,36.053980,-86.599070,HOBSON PKE,,,,405.00,Feet,West,MARITIME PORT,,,,0.00,N,Not at Intersection, ,Non-Junction,None,,,         ,Nathaniel,Myers,Clear,Front to Rear,no,no,no,no,no,False
102491522,METROPOLITAN NASHVILLE POLICE DEPT,20190642947,Davidson,Nashville,8/28/2019 5:29:00 PM,4,2,0,36.045950,-86.675330,BELL RD,,,,299.00,Feet,West,BLUE HOLE RD,,,,0.00,N,Not at Intersection,N,Non-Junction,None,,,         ,Nathaniel,Myers,Clear,Angle,no,no,no,no,no,False
102491552,METROPOLITAN NASHVILLE POLICE DEPT,20190643487,Davidson,Nashville,8/28/2019 6:45:00 PM,2,0,0,36.140630,-86.732000,I 40,,,,0.00,,,,,,,213.00,N,Not at Intersection,N,Non-Junction,None,,,         ,Meghan,Pope,Clear,"Sideswipe, Same Direction",no,no,no,no,yes,False
102491558,METROPOLITAN NASHVILLE POLICE DEPT,20190643557,Davidson,Nashville,8/28/2019 11:22:00 PM,2,1,0,36.161300,-86.784520,9TH AVN,,,,0.00,,,CHURCH ST,,,,0.00,Y,Four-Way, ,Intersection,None,,,         ,Trenton,Searcy,Clear,Angle,no,no,no,no,no,False
102491580,METROPOLITAN NASHVILLE POLICE DEPT,20190643594,Davidson,Nashville,8/28/2019 11:27:00 PM,1,0,0,36.183570,-86.865480,BRILEY PKWYS,,,,884.00,Feet,West,BRILEY PKWYN,,,,0.00,N,Not at Intersection,N,Non-Junction,Construction Zone,Intermittent Moving Work,Activity Area,         ,Christian,Downen,Clear,Not Collision with Motor Vehicle in Transport,no,no,no,no,no,False
102491628,METROPOLITAN NASHVILLE POLICE DEPT,20190643938,Davidson,Nashville,8/29/2019 3:10:00 AM,1,1,0,36.058680,-86.716170,NOLENSVILLE PKE,,,,140.00,Feet,South,TUSCULUM RD,,,,0.00,N,Not at Intersection,N,Non-Junction,None,,,         ,Dylan,Bradley,Clear,Not Collision with Motor Vehicle in Transport,no,no,no,no,no,False
102491629,METROPOLITAN NASHVILLE POLICE DEPT,20190644024,Davidson,Antioch,8/29/2019 12:00:00 AM,1,0,0,36.060960,-86.595060,HOBSON,PIKE,,,0.00,,South,WINDCREST,TRL,,,0.00,N,Not at Intersection,N,Non-Junction,None,,,         ,Holly,Davis,Clear,Not Collision with Motor Vehicle in Transport,no,no,no,no,no,False
102491641,METROPOLITAN NASHVILLE POLICE DEPT,20190643866,Davidson,Not in City Limit,8/29/2019 1:29:00 AM,1,0,0,35.991750,-86.653080,BURKITT RD,,,,518.00,Feet,East,WHITTEMORE LN,,,,0.00,N,Not at Intersection,N,Non-Junction,None,,,         ,David,Moser,Clear,Not Collision with Motor Vehicle in Transport,no,no,no,no,yes,False
102491678,METROPOLITAN NASHVILLE POLICE DEPT,20190644138,Davidson,Nashville,8/29/2019 6:00:00 AM,2,0,0,36.123380,-86.750100,I 440,,,,0.00,,,,,,,6.35,N,Not at Intersection,N,Non-Junction,Work Zone,Lane Shift-Crossover,Activity Area,         ,Robert,Erickson,Clear,"Sideswipe, Same Direction",no,no,no,no,yes,False
102491688,METROPOLITAN NASHVILLE POLICE DEPT,20190644008,Davidson,Nashville,8/29/2019 4:10:00 AM,2,0,0,36.044800,-86.662140,BELL RD,,,,183.00,Feet,West,CANE RIDGE RD,,,,0.00,N,Not at Intersection, ,Non-Junction,None,,,         ,Joshua,Dodge,Clear,"Sideswipe, Same Direction",no,no,no,no,no,False
102491704,METROPOLITAN NASHVILLE POLICE DEPT,20190642510,Davidson,Nashville,8/28/2019 1:30:00 PM,2,0,0,36.243890,-86.756580,SKYLINE MEMORIAL CT,,,,0.00,,,DICKERSON PKE,,,,0.00,Y,Four-Way,N,Intersection,None,,,         ,Wesley,Young,Clear,Front to Rear,no,no,no,no,yes,False
102491715,METROPOLITAN NASHVILLE POLICE DEPT,20190644284,Davidson,Nashville,8/29/2019 7:30:00 AM,2,0,0,36.064810,-86.622110,HAMILTON CHURCH RD,,,,0.00,,,OWENDALE DR,,,,0.00,Y,T-Intersection, ,,None,,,         ,Steven,Williams,,,no,no,no,no,no,False
102491719,METROPOLITAN NASHVILLE POLICE DEPT,20190644226,Davidson,Nashville,8/29/2019 6:46:00 AM,2,0,0,36.040390,-86.752000,OLD HICKORY BLVD,,,,50.00,Feet,East,BRENTWOOD CHASE DR,,,,0.00,N,Not at Intersection, ,Non-Junction,None,,,         ,Earl,Davis,Clear,Front to Rear,no,no,no,no,no,False
102491720,METROPOLITAN NASHVILLE POLICE DEPT,20190644104,Davidson,Not in City Limit,8/29/2019 5:25:00 AM,3,1,0,36.263900,-86.690310,STATE HWY 45,,,,0.00,,,MYATT DR,,,,0.00,Y,Four-Way,N,Intersection,None,,,         ,Michael,Reid,Clear,Angle,no,no,no,no,no,False
102491727,METROPOLITAN NASHVILLE POLICE DEPT,20190644179,Davidson,Nashville,8/29/2019 6:38:00 AM,2,0,0,36.144270,-86.694560,I 40,,,,0.00,,,,,,,215.00,N,Not at Intersection,N,Non-Junction,None,,,         ,Tien,Nguyen,Clear,Front to Rear,no,no,no,no,no,False
102491733,METROPOLITAN NASHVILLE POLICE DEPT,20190644196,Davidson,Not in City Limit,8/29/2019 6:51:00 AM,2,0,0,36.319090,-86.892200,CLARKSVILLE PKE,,,,0.00,,,OLD CLARKSVILLE PKE,,,,0.00,Y,T-Intersection, ,Intersection,None,,,         ,Zachary,Goodall,Clear,Angle,no,no,no,no,no,False
102491748,METROPOLITAN NASHVILLE POLICE DEPT,20190644221,Davidson,Nashville,8/29/2019 7:06:00 AM,2,0,0,36.084000,-86.606360,NAUTILUS,DR,,,0.00,Feet,East,,,,,1.00,N,Not at Intersection, ,Non-Junction,None,,,         ,Mathew,Clement,Clear,Other,no,no,no,no,no,False
102491751,METROPOLITAN NASHVILLE POLICE DEPT,20190644336,Davidson,Nashville,8/29/2019 7:58:00 AM,2,0,0,36.163340,-86.762160,I 24,,,,0.00,,,,,,,49.20,N,Not at Intersection, ,Non-Junction,None,,,         ,Kyle,Eicholtz,Clear,"Sideswipe, Same Direction",no,no,no,no,no,False
102491753,METROPOLITAN NASHVILLE POLICE DEPT,20190644343,Davidson,Nashville,8/29/2019 7:58:00 AM,2,0,0,36.163260,-86.617360,I 40,,,,0.00,,,,,,,219.85,N,Not at Intersection, ,Non-Junction,None,,,         ,Tien,Nguyen,Clear,"Sideswipe, Same Direction",no,no,no,no,no,False
102491756,METROPOLITAN NASHVILLE POLICE DEPT,20190644298,Davidson,Nashville,8/29/2019 7:41:00 AM,2,0,0,36.122470,-86.727370,I 24,,,,0.00,,,,,,,52.75,N,Not at Intersection, ,Non-Junction,None,,,         ,Charles,Wakefield,Clear,Front to Rear,no,no,no,no,no,False
102491757,METROPOLITAN NASHVILLE POLICE DEPT,20190644267,Davidson,Nashville,8/29/2019 7:18:00 AM,2,0,0,36.157960,-86.791550,US HWY 70,,,,0.00,,,CHURCH ST,,,,0.00,Y,Four-Way, ,Entrance/Exit Ramp Related,None,,,         ,William,Caillouette,Clear,"Sideswipe, Same Direction",no,no,no,no,no,False
102491761,METROPOLITAN NASHVILLE POLICE DEPT,20190644269,Davidson,Nashville,8/29/2019 7:00:00 AM,2,1,0,36.071110,-86.648020,PEBBLE CREEK DR,,,,0.00,,,SPRINGMORE CT,,,,0.00,Y,Four-Way,N,Intersection,None,,,         ,Jason,Kedzierski,Clear,Angle,no,no,no,no,no,False
102491773,METROPOLITAN NASHVILLE POLICE DEPT,20190644357,Davidson,Nashville,8/29/2019 8:00:00 AM,2,0,0,36.167780,-86.757260,CAYCE PLACE PVTDR,,,,66.00,Feet,West,S 7TH ST,,,,0.00,N,Not at Intersection,N,Non-Junction,None,,,         ,Ky,Luu,Clear,Angle,no,no,no,no,no,False
102491774,METROPOLITAN NASHVILLE POLICE DEPT,20190644198,Davidson,Nashville,8/29/2019 6:52:00 AM,2,0,0,36.146410,-86.763200,CHESTNUT ST,,,,55.00,Feet,East,1ST AVS,,,,0.00,N,Not at Intersection, ,Non-Junction,None,,,         ,Jessie,Meadows,Clear,"Sideswipe, Same Direction",no,no,no,no,no,False
102491781,METROPOLITAN NASHVILLE POLICE DEPT,20190644476,Davidson,Nashville,8/29/2019 8:45:00 AM,2,0,0,36.142610,-86.708760,I 40,,,,0.00,,,,,,,214.30,N,Not at Intersection, ,Non-Junction,None,,,         ,Tien,Nguyen,Clear,Front to Rear,no,no,no,no,no,False
102491785,METROPOLITAN NASHVILLE POLICE DEPT,20190644297,Davidson,Nashville,8/29/2019 7:42:00 AM,2,0,0,36.143070,-86.666650,DONELSON PKE,,,,283.00,Feet,North,I40 W ENT RAMP,,,,0.00,N,Not at Intersection,N,Non-Junction,None,,,         ,Tien,Nguyen,Clear,Angle,no,no,no,no,no,False
102491799,METROPOLITAN NASHVILLE POLICE DEPT,20190644239,Davidson,Nashville,8/29/2019 7:42:00 AM,2,0,0,36.143460,-86.702740,I 40,,,,0.00,,,,,,,214.60,N,Not at Intersection, ,Non-Junction,None,,,         ,Tien,Nguyen,Clear,Front to Rear,no,no,no,no,no,False
102491800,METROPOLITAN NASHVILLE POLICE DEPT,20190644472,Davidson,Nashville,8/29/2019 9:00:00 AM,2,0,0,36.045430,-86.703610,OLD HICKORY BLVD,,,,0.00,,,EULALA DR,,,,0.00,Y,Four-Way, ,Intersection-Related,None,,,         ,Jason,Kedzierski,Clear,Front to Rear,no,no,no,no,no,False
102491802,METROPOLITAN NASHVILLE POLICE DEPT,20190644275,Davidson,Antioch,8/29/2019 7:50:00 AM,2,1,0,36.047840,-86.612050,MURFREESBORO PKE,,,,1284.00,Feet,North,MOUNTAIN SPRINGS RD,,,,0.00,N,Not at Intersection,N,Non-Junction,None,,,         ,Steven,Williams,Clear,Front to Rear,no,no,no,no,no,False
102491803,METROPOLITAN NASHVILLE POLICE DEPT,20190644356,Davidson,Madison,8/29/2019 8:07:00 AM,2,0,0,36.246480,-86.735480,FREDA VILLA,,,,0.00,,,S GRAYCROFT AV,,,,0.00,Y,Four-Way, ,Non-Junction,None,,,         ,Blake,McKay,Clear,"Sideswipe, Opposite Direction",no,no,no,no,no,False
102491804,METROPOLITAN NASHVILLE POLICE DEPT,20190644464,Davidson,Nashville,8/29/2019 8:18:00 AM,2,0,0,36.104670,-86.772720,FRANKLIN PKE,,,,288.00,Feet,South,CALDWELL LN,,,,0.00,N,Not at Intersection, ,Non-Junction,None,,,         ,Nathan,Kemp,Clear,Front to Rear,no,no,no,no,no,False
102491809,METROPOLITAN NASHVILLE POLICE DEPT,20190644331,Davidson,Nashville,8/29/2019 7:45:00 AM,3,0,0,36.195930,-86.776120,I 65,,,,0.00,,,,,,,86.60,N,Not at Intersection, ,Non-Junction,None,,,         ,Wesley,Young,Clear,Front to Rear,no,no,no,no,no,False
102491810,METROPOLITAN NASHVILLE POLICE DEPT,20190644451,Davidson,Nashville,8/29/2019 8:48:00 AM,2,2,0,36.107890,-86.743680,NOLENSVILLE PKE,,,,150.00,Feet,North,TIMMONS ST,,,,0.00,N,Not at Intersection,N,Non-Junction,None,,,         ,Earl,Davis,Clear,Angle,no,no,no,no,no,False
102491824,METROPOLITAN NASHVILLE POLICE DEPT,20190644318,Davidson,Nashville,8/29/2019 7:43:00 AM,2,0,0,36.074820,-86.759160,BLACKMAN RD,,,,0.00,,,TROUSDALE DR,,,,0.00,Y,T-Intersection,N,Intersection-Related,None,,,         ,Ian,Hammond,Clear,Front to Rear,no,no,no,no,no,False
102491826,METROPOLITAN NASHVILLE POLICE DEPT,20190644410,Davidson,Nashville,8/29/2019 8:15:00 AM,2,0,0,36.171100,-86.811270,22ND AVN,,,,77.00,Feet,North,HEIMAN ST,,,,0.00,N,Not at Intersection, ,Non-Junction,None,,,         ,Wesley,Young,Clear,"Sideswipe, Same Direction",no,no,no,no,no,False
102491832,METROPOLITAN NASHVILLE POLICE DEPT,20190644438,Davidson,Nashville,8/29/2019 7:15:00 AM,2,0,0,36.228500,-86.759430,DICKERSON PKE,,,,323.00,Feet,South,BROADMOOR DR,,,,0.00,N,Not at Intersection, ,Non-Junction,None,,,         ,Nathan,Mayo,Clear,"Sideswipe, Same Direction",no,no,no,no,no,False
102491834,METROPOLITAN NASHVILLE POLICE DEPT,20190644529,Davidson,Nashville,8/29/2019 8:47:00 AM,2,0,0,36.104490,-86.741930,NOLENSVILLE PKE,,,,147.00,Feet,North,MCIVER ST,,,,0.00,N,Not at Intersection, ,Non-Junction,None,,,         ,Charles,Wakefield,Clear,Front to Rear,no,no,no,no,no,False
102491849,METROPOLITAN NASHVILLE POLICE DEPT,20190644510,Davidson,Nashville,8/29/2019 9:00:00 AM,2,0,0,36.169680,-86.806710,DR D B TODD JR BLVD,,,,84.00,Feet,North,JEFFERSON ST,,,,0.00,N,Not at Intersection,N,Non-Junction,None,,,         ,Wesley,Young,Clear,Angle,no,no,no,no,no,False
102491854,METROPOLITAN NASHVILLE POLICE DEPT,20190644511,Davidson,Antioch,8/29/2019 7:30:00 AM,2,0,0,36.045250,-86.609100,MURFREESBORO PKE,,,,0.00,,,MOUNTAIN SPRINGS RD,,,,0.00,Y,Four-Way, ,Non-Junction,None,,,         ,Steven,Williams,Clear,Front to Rear,no,no,no,no,no,False
102491858,METROPOLITAN NASHVILLE POLICE DEPT,20190644587,Davidson,Nashville,8/29/2019 10:00:00 AM,2,0,0,36.198670,-86.843920,ASHLAND CITY HWY,,,,398.00,Feet,East,HYDES FERRY RD,,,,0.00,N,Not at Intersection, ,,Construction Zone,,,         ,Fabjan,Llukaj,,,no,no,no,no,no,False