master_record_number,agency,agency_tracking_number,county,city,collision_date,vehicles_involved,number_injured,number_dead,latitude,longitude,roadway_name,roadway_suffix,roadway_number,roadway_local_id,distance_from_reference,miles-feet_indicator,direction_from_reference,intersection_road_name,intersection_road_name_suffix,intersection_road_number,intersection_local_id,mile_marker,intersection_indicator,intersect_type,interchange_related_indicator,relation_to_junction,work_zone_type,construction_maintenance_zone,construction_maintenance_zone_location,fatal_case_number,officer_first_name,officer_last_name,weather_condition(s),manner_of_crash,pedestrian,bicycle,scooter,parking,hitrun,mou
102494993,METROPOLITAN NASHVILLE POLICE DEPT,20190651129,Davidson,Antioch,8/31/2019 10:00:00 PM,2,0,0,36.050060,-86.606150,PIN HOOK RD,,,,0.00,,,PIN HOOK RD,,,,0.00,Y,Four-Way,N,Intersection,None,,,         ,Nathaniel,Myers,Clear,Angle,no,no,no,no,yes,False
102494997,METROPOLITAN NASHVILLE POLICE DEPT,20190651252,Davidson,Nashville,8/31/2019 10:50:00 PM,1,0,0,36.068420,-86.689040,I24 E EXT RAMP,,,,0.00,Feet,East,I 24,,,,0.00,N,Not at Intersection,N,Non-Junction,None,,,         ,Teresah,Pinho,Clear,Not Collision with Motor Vehicle in Transport,no,no,no,no,no,False
102494998,METROPOLITAN NASHVILLE POLICE DEPT,20190651264,Davidson,Nashville,8/31/2019 10:57:00 PM,2,0,0,36.141620,-86.664780,-- UNKNOWN RAMP/ROAD --,,,,0.00,,,I 40,,,,0.00,Y,Four-Way, ,Non-Junction,None,,,         ,Tyler,Manivong,Clear,Front to Rear,no,no,no,no,no,False
102495000,METROPOLITAN NASHVILLE POLICE DEPT,20190651261,Davidson,Nashville,8/31/2019 9:43:00 PM,2,0,0,36.176940,-86.775030,SPRING ST,,,,133.00,Feet,West,N 1ST ST,,,,0.00,N,Not at Intersection, ,Non-Junction,None,,,         ,Brenna,Hosey,Clear,Front to Rear,no,no,no,no,no,False
102495002,METROPOLITAN NASHVILLE POLICE DEPT,20190651334,Davidson,Goodlettsville,8/31/2019 11:18:00 PM,2,0,0,36.297600,-86.702080,GLEAVES ST,,,,0.00,,,,,,,0.00,,, ,Non-Junction,None,,,         ,Patrick,McGinnis,Clear,HeadOn,no,no,no,yes,yes,False
102495030,METROPOLITAN NASHVILLE POLICE DEPT,20190651426,Davidson,Nashville,8/31/2019 11:40:00 PM,2,0,0,36.176940,-86.775030,SPRING ST,,,,133.00,Feet,West,N 1ST ST,,,,0.00,N,Not at Intersection,N,Non-Junction,None,,,         ,Brenna,Hosey,Clear,Front to Rear,no,no,no,no,yes,False
102495051,VANDERBILT UNIVERSITY POLICE,20190651325,Davidson,Nashville,8/31/2019 11:15:00 PM,2,0,0,36.147960,-86.799300,21ST AVS,,,,0.00,,,BROADWAY,,,,0.00,Y,T-Intersection, ,Intersection,None,,,         ,Michael,Knupp,Clear,Front to Rear,no,no,no,no,no,Campus
102495060,METROPOLITAN NASHVILLE POLICE DEPT,20190651227,Davidson,Nashville,8/31/2019 10:41:00 PM,2,0,0,36.194400,-86.772350,DOUGLAS AV,,,,0.00,,,DICKERSON PKE,,,,0.00,Y,Four-Way,Y,Intersection-Related,None,,,         ,Lindsey,Anderson,Clear,"Sideswipe, Same Direction",no,no,no,no,no,False
102495072,METROPOLITAN NASHVILLE POLICE DEPT,20190651568,Davidson,Nashville,9/1/2019 12:45:00 AM,2,0,0,36.161540,-86.775970,3RD AVS,,,,0.00,,,BROADWAY,,,,0.00,Y,Four-Way,N,Non-Junction,None,,,         ,Joseph,Patricio,Clear,"Sideswipe, Same Direction",no,no,no,no,yes,False
102495080,BELLE MEADE POLICE DEPT,19-0248,Davidson,Belle Meade,8/31/2019 6:00:00 PM,2,0,0,36.093050,-86.848750,HARDING PL,,,,0.00,,,LYNNWOOD BLVD,,,,0.00,Y,Four-Way, ,Intersection-Related,None,,,         ,Tyler,Parrish,Clear,Front to Rear,no,no,no,no,no,False
102495088,METROPOLITAN NASHVILLE POLICE DEPT,20190651636,Davidson,Nashville,9/1/2019 1:21:00 AM,2,0,0,36.024480,-86.699910,SUNNYWOOD DR,,,,43.00,Feet,North,BURNT PINE CT,,,,0.00,N,Not at Intersection,N,Non-Junction,None,,,         ,Kevin,Breeding,Clear,HeadOn,no,no,no,no,no,False
102495137,METROPOLITAN NASHVILLE POLICE DEPT,20190651681,Davidson,Nashville,9/1/2019 12:00:00 AM,2,0,0,36.062770,-86.626270,MURFREESBORO PKE,,,,984.00,Feet,South,HAMILTON CHURCH RD,,,,0.00,N,Not at Intersection,N,Non-Junction,None,,,         ,Maccio,Hightower,Clear,Front to Rear,no,no,no,yes,yes,False
102495142,METROPOLITAN NASHVILLE POLICE DEPT,20190651471,Davidson,Not in City Limit,8/31/2019 11:22:00 PM,1,0,0,35.990540,-86.639750,BURKITT RD,,,,0.76,Miles,West,BATTLE RD,,,,0.00,N,Not at Intersection, ,Non-Junction,None,,,         ,David,Moser,Clear,Not Collision with Motor Vehicle in Transport,no,no,no,no,no,False
102495150,METROPOLITAN NASHVILLE POLICE DEPT,20190651222,Davidson,Nashville,8/31/2019 10:34:00 PM,2,0,0,36.155970,-86.777050,KOREAN VETERANS BLVD,,,,81.00,Feet,East,6TH AVS,,,,0.00,N,Not at Intersection, ,Non-Junction,None,,,         ,William,Erickson,Clear,Front to Rear,no,no,no,no,no,False
102495151,METROPOLITAN NASHVILLE POLICE DEPT,20190651283,Davidson,Nashville,8/31/2019 10:30:00 PM,2,0,0,36.160200,-86.779070,BROADWAY,,,,200.00,Feet,West,5TH AVS,,,,0.00,N,Not at Intersection, ,Non-Junction,None,,,         ,William,Erickson,Clear,"Sideswipe, Same Direction",no,no,no,no,no,False
102495160,METROPOLITAN NASHVILLE POLICE DEPT,20190651811,Davidson,Nashville,9/1/2019 3:45:00 AM,2,0,0,36.155650,-86.789720,14TH AVS,,,,0.00,,,BROADWAY,,,,0.00,Y,Four-Way, ,Intersection,None,,,         ,Eric,Schaefer,Clear,"Sideswipe, Same Direction",no,no,no,no,no,False
102495163,METROPOLITAN NASHVILLE POLICE DEPT,20190651687,Davidson,Nashville,9/1/2019 2:04:00 AM,1,0,0,36.072750,-86.646010,RICE RD,,,,287.00,Feet,East,EDGE O LAKE DR,,,,0.00,N,Not at Intersection,N,Non-Junction,None,,,         ,Teresah,Pinho,Clear,Not Collision with Motor Vehicle in Transport,no,no,no,no,no,False
102495164,METROPOLITAN NASHVILLE POLICE DEPT,20190651740,Davidson,Nashville,9/1/2019 3:33:00 AM,1,0,0,36.152790,-86.690650,-- UNKNOWN RAMP/ROAD --,,,,0.00,Feet,East,STATE HWY 155,,,,0.00,N,Not at Intersection,N,Non-Junction,None,,,         ,Tyler,Manivong,Clear,Not Collision with Motor Vehicle in Transport,no,no,no,no,no,False
102495170,METROPOLITAN NASHVILLE POLICE DEPT,20190651624,Davidson,Nashville,9/1/2019 1:35:00 AM,2,0,0,36.079370,-86.632570,EDGE O LAKE DR,,,,0.00,,,BELL RD,,,,0.00,Y,Four-Way,N,Intersection,None,,,         ,Michael,Griggs,Clear,Angle,no,no,no,no,yes,False
102495175,METROPOLITAN NASHVILLE POLICE DEPT,20190651946,Davidson,Nashville,9/1/2019 5:55:00 AM,1,0,0,36.169500,-86.601640,I40 E EXT RAMP,,,,68.00,Feet,East,I 40,,,,0.00,N,Not at Intersection,N,Non-Junction,None,,,         ,Jacob,West,Clear,Not Collision with Motor Vehicle in Transport,no,no,no,no,no,False
102495176,METROPOLITAN NASHVILLE POLICE DEPT,20190651882,Davidson,Nashville,9/1/2019 5:11:00 AM,2,0,0,36.154510,-86.784690,11TH AVS,,,,175.00,Feet,North,LAUREL ST,,,,0.00,N,Not at Intersection,N,Non-Junction,None,,,         ,Daniel,Caruth,Clear,"Sideswipe, Same Direction",no,no,no,no,no,False
102495178,METROPOLITAN NASHVILLE POLICE DEPT,20190651701,Davidson,Nashville,9/1/2019 2:10:00 AM,2,0,0,36.161540,-86.775970,3RD AVS,,,,0.00,,,BROADWAY,,,,0.00,Y,Four-Way,N,Intersection,None,,,         ,Damon,Hutcheson,Clear,Front to Rear,no,no,no,no,yes,False
102495188,METROPOLITAN NASHVILLE POLICE DEPT,20190651950,Davidson,Nashville,9/1/2019 12:00:00 AM,1,0,0,36.102410,-86.759240,ARMORY DR,,,,0.00,,,ARMORY OAKS DR,,,,0.00,Y,T-Intersection,N,Non-Junction,None,,,         ,Jeremy,Spears,Clear,Not Collision with Motor Vehicle in Transport,no,no,no,no,yes,False
102495191,METROPOLITAN NASHVILLE POLICE DEPT,20190650363,Davidson,Nashville,8/31/2019 2:05:00 PM,2,2,0,36.097900,-86.709710,I 24,,,,0.00,,,,,,,54.75,N,Not at Intersection, ,Non-Junction,None,,,         ,Ian,Wilson,Clear,Front to Rear,no,no,no,no,no,False
102495204,BERRY HILL POLICE DEPT,19-3541,Davidson,Berry Hill,8/27/2019 1:15:00 PM,1,0,0,36.122860,-86.774530,BILOXI AV,,,,0.00,,,WESTWOOD DR,,,,0.00,Y,T-Intersection, ,Intersection,None,,,         ,Ronnie,Hill,Clear,Not Collision with Motor Vehicle in Transport,no,no,no,no,no,False
102495215,METROPOLITAN NASHVILLE POLICE DEPT,20190651900,Davidson,Nashville,9/1/2019 5:28:00 AM,1,0,0,36.154740,-86.761300,I 40,,,,0.00,,,,,,,210.90,N,Not at Intersection,Y,Non-Junction,None,,,         ,Ralph,Gault,Clear,Not Collision with Motor Vehicle in Transport,no,no,no,no,no,False
102495233,METROPOLITAN NASHVILLE POLICE DEPT,20190651971,Davidson,Nashville,9/1/2019 4:49:00 AM,2,0,0,36.177980,-86.605000,I40 E EXT RAMP,,,,0.00,,,OLD HICKORY BLVD,,,,0.00,Y,OTHER,Y,Unknown,None,,,         ,Michael,Brooks,Clear,Angle,no,no,no,no,no,False
102495244,METROPOLITAN NASHVILLE POLICE DEPT,20190651870,Davidson,Nashville,9/1/2019 3:30:00 AM,3,0,0,36.049950,-86.692290,OCALA DR,,,,198.00,Feet,West,BESS CTS,,,,0.00,N,Not at Intersection,N,Non-Junction,None,,,         ,Kevin,Breeding,Clear,Angle,no,no,no,no,no,False
102495245,METROPOLITAN NASHVILLE POLICE DEPT,20190652036,Davidson,Nashville,9/1/2019 7:29:00 AM,2,0,0,36.207030,-86.791610,WHITES CREEK PKE,,,,3.00,Feet,North,W TRINITY LN,,,,0.00,N,Not at Intersection,N,Non-Junction,None,,,         ,Fabjan,Llukaj,Clear,Angle,no,no,no,no,no,False
102495253,METROPOLITAN NASHVILLE POLICE DEPT,20190650319,Davidson,Nashville,8/31/2019 12:50:00 PM,2,0,0,36.047070,-86.647990,MT VIEW RD,,,,0.00,,,BELL FORGE LNE,,,,0.00,Y,T-Intersection, ,,None,,,         ,Nicholas,Carter,,,no,no,no,no,no,False
102495258,METROPOLITAN NASHVILLE POLICE DEPT,20190651871,Davidson,Nashville,8/31/2019 11:55:00 PM,2,0,0,36.024650,-86.712960,NOLENSVILLE PKE,,,,300.00,Feet,South,LENOX VILLAGE DR,,,,0.00,N,Not at Intersection, ,Non-Junction,None,,,         ,Kevin,Breeding,Clear,Rear to Rear,no,no,no,yes,no,False
102495287,METROPOLITAN NASHVILLE POLICE DEPT,20190652293,Davidson,Not in City Limit,9/1/2019 12:00:00 AM,1,0,0,36.264470,-86.724090,HERITAGE DR,,,,28.00,Feet,South,CONNECTING ROAD,,,,0.00,N,Not at Intersection,N,Unknown,None,,,         ,Spencer,Pittman,Unknown,Unknown,no,no,no,yes,yes,False
102495299,METROPOLITAN NASHVILLE POLICE DEPT,20190652132,Davidson,Nashville,9/1/2019 12:00:00 AM,3,0,0,36.226210,-86.744690,LEMONT DR,,,,286.00,Feet,North,WHITE OAK CT,,,,0.00,N,Not at Intersection,N,"Driveway, Alley Access, etc",None,,,         ,Nicholas,Silinsky,Unknown,Angle,no,no,no,no,yes,False
102495337,METROPOLITAN NASHVILLE POLICE DEPT,20190652355,Davidson,Nashville,9/1/2019 11:00:00 AM,2,0,0,36.152270,-86.689600,MARRIOTT DR,,,,229.00,Feet,South,ELM HILL PKE,,,,0.00,N,Not at Intersection, ,,None,,,         ,Samuel,Fredericks,,,no,no,no,no,no,False
102495342,METROPOLITAN NASHVILLE POLICE DEPT,2019-0652396,Davidson,Nashville,9/1/2019 1:30:00 AM,2,0,0,36.222570,-86.626270,BRACKENWOOD DR,,,,322.00,Feet,West,BRANDIWOOD CT,,,,0.00,N,Not at Intersection, ,Non-Junction,None,,,         ,Calvin,Graham,Clear,"Sideswipe, Same Direction",no,no,no,no,yes,False
102495414,METROPOLITAN NASHVILLE POLICE DEPT,20190652346,Davidson,Goodlettsville,9/1/2019 11:04:00 AM,2,0,0,36.302840,-86.691940,CONFERENCE DR,,,,41.00,Feet,North,GALLATIN PKEN,,,,0.00,N,Not at Intersection, ,Non-Junction,None,,,         ,Gabriel,Centeno,Clear,"Sideswipe, Same Direction",no,no,no,no,no,False
102495441,METROPOLITAN NASHVILLE POLICE DEPT,20190652493,Davidson,Nashville,9/1/2019 12:59:00 PM,2,0,0,36.140450,-86.628160,BELL RD,,,,251.00,Feet,South,ELM HILL PKE,,,,0.00,N,Not at Intersection, ,Non-Junction,None,,,         ,MIchael,Mihajlov,Clear,Front to Rear,no,no,no,no,no,False
102495473,METROPOLITAN NASHVILLE POLICE DEPT,20190652514,Davidson,Not in City Limit,9/1/2019 1:34:00 PM,2,0,0,36.263100,-86.690490,MYATT DR,,,,3.00,Feet,North,E OLD HICKORY BLVD,,,,0.00,N,Not at Intersection, ,,None,,,         ,Blake,McKay,,,no,no,no,no,no,False
102495530,METROPOLITAN NASHVILLE POLICE DEPT,20190652455,Davidson,Nashville,9/1/2019 12:00:00 PM,2,0,0,36.182520,-86.797680,ROSA L PARKS BLVD,,,,0.00,,,I65 N EXT RAMP,,,,0.00,Y,OTHER, ,,None,,,         ,Gardiner,Bradley,,,no,no,no,no,no,False
102495552,METROPOLITAN NASHVILLE POLICE DEPT,20190652583,Davidson,Nashville,9/1/2019 2:36:00 PM,2,3,0,36.130680,-86.716220,MURFREESBORO PKE,,,,267.00,Feet,East,FOOTHILL DR,,,,0.00,N,Not at Intersection,N,Crossover-Related,None,,,         ,Charles,Wakefield,Clear,Angle,no,no,no,no,no,False
102495577,VANDERBILT UNIVERSITY POLICE,20190650651,Davidson,Nashville,8/31/2019 5:37:00 PM,2,0,0,36.147410,-86.799390,21ST AVS,,,,9.00,Feet,South,GRAND AV,,,,0.00,N,Not at Intersection, ,,None,,,         ,Christopher,Dion,,,no,no,no,no,no,Campus
102495578,VANDERBILT UNIVERSITY POLICE,20190651070,Davidson,Nashville,8/31/2019 8:35:00 PM,2,0,0,36.151340,-86.799310,20TH AVS,,,,12.00,Feet,South,20TH AVN,,,,0.00,N,Not at Intersection, ,Non-Junction,Construction Zone,,,         ,Christopher,Dion,Clear,Front to Rear,no,no,no,no,no,Campus
102495600,GOODLETTSVILLE POLICE DEPT,19-32884,Davidson,Goodlettsville,9/1/2019 5:57:00 AM,1,0,1,36.295110,-86.717020,I 65,,,,0.00,,,,,,,94.70,N,Not at Intersection,N,Non-Junction,None,,,19-0684  ,Brian,Hajdu,Clear,Not Collision with Motor Vehicle in Transport,yes,no,no,no,no,False
102495601,GOODLETTSVILLE POLICE DEPT,19-32896,Davidson,Goodlettsville,9/1/2019 5:57:00 AM,1,1,0,36.295320,-86.716760,I 65,,,,0.00,,,,,,,94.70,N,Not at Intersection,N,Non-Junction,None,,,         ,Brian,Hajdu,Clear,Not Collision with Motor Vehicle in Transport,yes,no,no,no,yes,False
102495624,METROPOLITAN NASHVILLE POLICE DEPT,20190652716,Davidson,Nashville,9/1/2019 12:00:00 AM,2,0,0,36.054870,-86.642480,BELL RD,,,,56.00,Feet,South,THE OVERLOOK PVTDR,,,,0.00,N,Not at Intersection, ,,None,,,         ,Amanda,Topping,,,no,no,no,no,no,False
102495627,METROPOLITAN NASHVILLE POLICE DEPT,20190652712,Davidson,Nashville,9/1/2019 3:56:00 PM,2,0,0,36.117350,-86.803090,STOKES LN,,,,0.00,,,STOKESBORO CT,,,,0.00,Y,T-Intersection, ,Intersection,None,,,         ,Randy,Puckett,Clear,Angle,no,no,no,no,no,False
102495631,METROPOLITAN NASHVILLE POLICE DEPT,20190652614,Davidson,Nashville,9/1/2019 2:15:00 PM,2,1,0,36.055010,-86.642410,ZELIDA AV,,,,0.00,,,BELL RD,,,,0.00,Y,Four-Way,N,Intersection,None,,,         ,Sean,Weaver,Clear,Angle,no,no,no,no,yes,False
102495652,METROPOLITAN NASHVILLE POLICE DEPT,20190652710,Davidson,Nashville,9/1/2019 2:15:00 PM,2,1,0,36.070080,-86.636770,BELL RD,,,,674.00,Feet,South,MURFREESBORO PKE,,,,0.00,N,Not at Intersection,N,Non-Junction,None,,,         ,Sean,Weaver,Clear,"Sideswipe, Same Direction",no,no,no,no,yes,False
102495653,METROPOLITAN NASHVILLE POLICE DEPT,20190652738,Davidson,Antioch,9/1/2019 3:46:00 PM,1,1,0,36.070430,-86.598950,FORRESTAL WAY,,,,121.00,Feet,South,SEASONS DR,,,,0.00,N,Not at Intersection,N,Non-Junction,None,,,         ,Laura,Williams,Rain,Not Collision with Motor Vehicle in Transport,no,no,no,no,no,False
102495654,METROPOLITAN NASHVILLE POLICE DEPT,20190652603,Davidson,Nashville,9/1/2019 2:35:00 PM,3,0,0,36.151970,-86.848570,51ST AVN,,,,0.00,,,CHARLOTTE AV,,,,0.00,Y,Four-Way,N,Intersection,None,,,         ,Robert,Crow,Clear,Angle,no,no,no,no,no,False
102495689,METROPOLITAN NASHVILLE POLICE DEPT,20190652802,Davidson,Not in City Limit,9/1/2019 5:12:00 PM,2,0,0,36.076700,-86.944590,HIGHWAY 70S,,,,198.00,Feet,East,SAWYER BROWN RD,,,,0.00,N,Not at Intersection, ,"Driveway, Alley Access, etc",None,,,         ,Katelyn,Argeroplos,Clear,Angle,no,no,no,no,no,False
102495692,METROPOLITAN NASHVILLE POLICE DEPT,20190652724,Davidson,Not in City Limit,9/1/2019 4:09:00 PM,2,0,0,36.296920,-86.888180,BEAR HOLLOW RD,,,,0.00,,,BERNARD RD,,,,0.00,Y,Four-Way, ,Intersection,None,,,         ,Cressie,Prill,Clear,Front to Rear,no,no,no,no,no,False
102495693,METROPOLITAN NASHVILLE POLICE DEPT,20190652756,Davidson,Not in City Limit,9/1/2019 4:32:00 PM,2,1,0,36.321610,-86.856560,I 24,,,,0.00,,,,,,,35.60,N,Not at Intersection,N,Crossover-Related,None,,,         ,Cressie,Prill,Clear,Angle,no,no,no,no,no,False
102495713,METROPOLITAN NASHVILLE POLICE DEPT,20190652692,Davidson,Not in City Limit,9/1/2019 2:20:00 PM,2,0,0,36.270650,-86.710420,GALLATIN PKEN,,,,161.00,Feet,North,GARNER AV,,,,0.00,N,Not at Intersection,N,Non-Junction,None,,,         ,Andrew,Ramirez,Clear,"Sideswipe, Same Direction",no,no,no,no,no,False
102495714,METROPOLITAN NASHVILLE POLICE DEPT,2019-0652727,Davidson,Not in City Limit,9/1/2019 4:05:00 PM,2,2,0,36.283730,-86.706810,GALLATIN PKEN,,,,132.00,Feet,North,EDGEMEADE BLVD,,,,0.00,N,Not at Intersection,N,Non-Junction,None,,,         ,Andrew,Ramirez,Clear,"Sideswipe, Opposite Direction",no,no,no,no,no,False
102495741,METROPOLITAN NASHVILLE POLICE DEPT,20190652679,Davidson,Nashville,9/1/2019 3:37:00 PM,2,2,0,36.078030,-86.730860,HARDING PL,,,,232.00,Feet,East,MILNER DR,,,,0.00,N,Not at Intersection,N,Non-Junction,None,,,         ,Alberta,Auguste,Clear,Angle,no,no,no,no,no,False
102495802,METROPOLITAN NASHVILLE POLICE DEPT,20190652964,Davidson,Nashville,9/1/2019 5:50:00 PM,2,0,0,36.213600,-86.764510,DICKERSON PKE,,,,11.00,Feet,North,DELLWAY VILLA RD,,,,0.00,N,Not at Intersection,N,Non-Junction,None,,,         ,Chad,Connors,Clear,"Sideswipe, Same Direction",no,no,no,no,no,False
102495806,METROPOLITAN NASHVILLE POLICE DEPT,20190653020,Davidson,Nashville,9/1/2019 12:00:00 AM,2,1,0,36.063840,-86.694730,PACKARD DR,,,,141.00,Feet,West,CREEKSIDE DR,,,,0.00,N,Not at Intersection,N,Non-Junction,None,,,         ,Ryan,Sherry,Clear,HeadOn,no,no,no,no,no,False
102495876,METROPOLITAN NASHVILLE POLICE DEPT,20190653113,Davidson,Nashville,9/1/2019 6:12:00 PM,1,0,0,36.035420,-86.676280,BLUE HOLE RD,,,,0.00,,,,,,,0.00,,,N,Non-Junction,None,,,         ,YUNUS,ADAK,Clear,Not Collision with Motor Vehicle in Transport,no,no,no,yes,yes,False
102495914,METROPOLITAN NASHVILLE POLICE DEPT,20190653103,Davidson,Nashville,9/1/2019 12:00:00 AM,3,1,0,36.158290,-86.771890,HERMITAGE AV,,,,0.00,,,KOREAN VETERANS BLVD,,,,0.00,Y,Four-Way,Y,Intersection,None,,,         ,Trevor,Taylor,Clear,Angle,no,no,no,no,no,False
102495947,METROPOLITAN NASHVILLE POLICE DEPT,20190653302,Davidson,Nashville,9/1/2019 7:45:00 PM,1,0,0,36.179740,-86.758330,N 9TH ST,,,,152.00,Feet,North,SMILEY ST,,,,0.00,N,Not at Intersection,N,Non-Junction,None,,,         ,Chase,Harriman,Clear,Not Collision with Motor Vehicle in Transport,no,no,no,no,yes,False
102495953,METROPOLITAN NASHVILLE POLICE DEPT,20190653328,Davidson,Nashville,9/1/2019 9:20:00 PM,2,2,0,36.147760,-86.744440,I 40,,,,0.00,,,,,,,212.00,N,Not at Intersection,N,Non-Junction,None,,,         ,Torry,Hill,Clear,"Sideswipe, Same Direction",no,no,no,no,no,False
102495955,METROPOLITAN NASHVILLE POLICE DEPT,20190653170,Davidson,Nashville,9/1/2019 7:42:00 PM,2,0,0,36.163070,-86.776460,COMMERCE ST,,,,134.00,Feet,East,3RD AVN,,,,0.00,N,Not at Intersection, ,Non-Junction,None,,,         ,David,Snowden,Clear,Angle,no,no,no,no,no,False
102496011,METROPOLITAN NASHVILLE POLICE DEPT,20190653373,Davidson,Not in City Limit,9/1/2019 9:51:00 PM,3,1,0,36.264470,-86.730160,N MARTHONA RD,,,,6.00,Feet,North,STATE HWY 45,,,,0.00,N,Not at Intersection,N,Non-Junction,None,,,         ,Mary,Robinson,Clear,Angle,no,no,no,no,yes,False
102496016,METROPOLITAN NASHVILLE POLICE DEPT,20190653414,Davidson,Nashville,9/1/2019 10:13:00 PM,2,0,0,36.168530,-86.687990,BRILEY PKWY N ENT RAMP,,,,0.00,Feet,East,LEBANON PKE,,,,0.00,N,Not at Intersection,N,Non-Junction,None,,,         ,Joseph,Patricio,Clear,Angle,no,no,no,no,no,False
102496032,METROPOLITAN NASHVILLE POLICE DEPT,20190653426,Davidson,Nashville,9/1/2019 10:20:00 PM,2,1,0,36.187960,-86.755240,ELLINGTON PKWYN,,,,129.00,Feet,North,ELLINGTON PKWYS,,,,0.00,N,Not at Intersection,N,Non-Junction,None,,,         ,Landon,Bagwell,Cloudy,"Sideswipe, Same Direction",no,no,no,no,no,False
102496038,METROPOLITAN NASHVILLE POLICE DEPT,20190653530,Davidson,Nashville,9/1/2019 9:50:00 PM,2,0,0,36.149620,-86.798020,BROADWAY,,,,0.00,Feet,East,20TH AVS,,,,0.00,N,Not at Intersection,N,Non-Junction,None,,,         ,Brian,Warstadt,Clear,HeadOn,no,no,no,no,no,Campus
102496039,METROPOLITAN NASHVILLE POLICE DEPT,20190653386,Davidson,Nashville,9/1/2019 10:04:00 PM,2,1,0,36.078610,-86.745220,HARDING PL,,,,0.00,,,DANBY DR,,,,0.00,Y,Four-Way,Y,Intersection,None,,,         ,Brandon,Hughes,Clear,Angle,no,no,no,no,yes,False
102496042,METROPOLITAN NASHVILLE POLICE DEPT,20190653555,Davidson,Nashville,9/1/2019 12:00:00 AM,2,0,0,36.159450,-86.819960,29TH AVN,,,,224.00,Feet,North,CLIFTON AV,,,,0.00,N,Not at Intersection,N,Non-Junction,None,,,         ,Bobby,Samuels,Clear,Angle,no,no,no,no,yes,False
102496043,METROPOLITAN NASHVILLE POLICE DEPT,20190653544,Davidson,Nashville,9/1/2019 11:26:00 PM,2,0,0,36.153740,-86.838120,I40 E ENT RAMP,,,,0.00,Feet,East,I 40,,,,0.00,N,Not at Intersection,N,Entrance/Exit Ramp Related,None,,,         ,Joshua,Green,Clear,"Sideswipe, Same Direction",no,no,no,no,yes,False
102496052,METROPOLITAN NASHVILLE POLICE DEPT,20190653514,Davidson,Nashville,9/1/2019 12:00:00 AM,2,0,0,36.133370,-86.721700,US HWY 41,,,,52.00,Feet,South,CONNECTING ROAD,,,,0.00,N,Not at Intersection,N,Non-Junction,None,,,         ,Antoine,Maghamez,Clear,Angle,no,no,no,no,yes,False
102496077,METROPOLITAN NASHVILLE POLICE DEPT,20190653824,Davidson,Nashville,9/2/2019 1:25:00 AM,2,1,0,36.152780,-86.787220,I 40,,,,0.00,,,,,,,209.40,N,Not at Intersection,N,Non-Junction,None,,,         ,William,Erickson,Clear,Angle,no,no,no,no,no,False
102496119,METROPOLITAN NASHVILLE POLICE DEPT,20190653832,Davidson,Nashville,9/2/2019 1:30:00 AM,2,1,0,36.036140,-86.644620,I 24,,,,0.00,,,,,,,60.40,N,Not at Intersection,N,Non-Junction,Construction Zone,Work On Shoulder Or Median,Transition Area,         ,David,Moser,Clear,Front to Rear,no,no,no,no,yes,False
102496120,GOODLETTSVILLE POLICE DEPT,19-32949,Davidson,Goodlettsville,9/2/2019 3:40:00 AM,2,0,0,36.322370,-86.711650,TWO MILE PKE,,,,0.00,Feet,,LONG HOLLOW PKE,,,,0.00,Y,T-Intersection,N,Intersection,None,,,         ,Brittany,Swift,Clear,Angle,no,no,no,no,no,False
102496122,METROPOLITAN NASHVILLE POLICE DEPT,20190654057,Davidson,Nashville,9/2/2019 3:29:00 AM,2,1,0,36.070750,-86.598820,SEASONS DR,,,,1.00,Feet,East,FORRESTAL WAY,,,,0.00,N,Not at Intersection,N,Non-Junction,None,,,         ,Daryn,Yentes,Clear,Angle,no,no,no,no,yes,False
102496200,BERRY HILL POLICE DEPT,19-3635,Davidson,Berry Hill,9/1/2019 8:46:00 AM,2,0,0,36.125390,-86.776810,FRANKLIN PKE,,,,70.00,Feet,North,INVERNESS AV,,,,0.00,N,Not at Intersection, ,Non-Junction,None,,,         ,Ronnie,Hill,Clear,Angle,no,no,no,no,no,False
102496262,METROPOLITAN NASHVILLE POLICE DEPT,20190654375,Davidson,Nashville,9/2/2019 8:30:00 AM,1,1,0,36.192880,-86.623830,JUAREZ DR,,,,0.00,,,LEBANON PKE,,,,0.00,Y,OTHER,N,Non-Junction,None,,,         ,Tien,Nguyen,Clear,Not Collision with Motor Vehicle in Transport,no,yes,no,no,no,False
102496268,METROPOLITAN NASHVILLE POLICE DEPT,20190654314,Davidson,Nashville,9/2/2019 12:00:00 AM,2,0,0,36.189440,-86.716310,PAFFORD DR,,,,409.00,Feet,East,PRESTON DR,,,,0.00,N,Not at Intersection, ,Non-Junction,None,,,         ,Michael,Agee,Unknown,Unknown,no,no,no,no,yes,False
102496271,METROPOLITAN NASHVILLE POLICE DEPT,20190654397,Davidson,Nashville,9/2/2019 8:45:00 AM,2,0,0,36.142310,-86.747850,PARRIS AV,,,,573.00,Feet,South,MURFREESBORO PKE,,,,0.00,N,Not at Intersection, ,Non-Junction,None,,,         ,Todd,Watson,Clear,"Sideswipe, Same Direction",no,no,no,no,yes,False