master_record_number,agency,agency_tracking_number,county,city,collision_date,vehicles_involved,number_injured,number_dead,latitude,longitude,roadway_name,roadway_suffix,roadway_number,roadway_local_id,distance_from_reference,miles-feet_indicator,direction_from_reference,intersection_road_name,intersection_road_name_suffix,intersection_road_number,intersection_local_id,mile_marker,intersection_indicator,intersect_type,interchange_related_indicator,relation_to_junction,work_zone_type,construction_maintenance_zone,construction_maintenance_zone_location,fatal_case_number,officer_first_name,officer_last_name,weather_condition(s),manner_of_crash,pedestrian,bicycle,scooter,parking,hitrun,mou
102499483,METROPOLITAN NASHVILLE POLICE DEPT,20190661470,Davidson,Nashville,9/5/2019 7:56:00 AM,2,0,0,36.044030,-86.656550,I 24,,,,0.00,,,,,,,59.55,N,Not at Intersection, ,Non-Junction,None,,,         ,Jason,Kedzierski,Clear,"Sideswipe, Same Direction",no,no,no,no,no,False
102499489,METROPOLITAN NASHVILLE POLICE DEPT,20190661549,Davidson,Nashville,9/5/2019 8:36:00 AM,2,0,0,36.039380,-86.781950,OLD HICKORY BLVD,,,,64.00,Feet,West,I65 N EXT RAMP,,,,0.00,N,Not at Intersection, ,Non-Junction,None,,,         ,Ian,Hammond,Clear,"Sideswipe, Same Direction",no,no,no,no,no,False
102499490,METROPOLITAN NASHVILLE POLICE DEPT,20190661352,Davidson,Nashville,9/5/2019 6:49:00 AM,1,1,0,36.097670,-86.740420,VERITAS ST,,,,575.00,Feet,West,NOLENSVILLE PKE,,,,0.00,N,Not at Intersection,N,Non-Junction,None,,,         ,Earl,Davis,Clear,Not Collision with Motor Vehicle in Transport,no,no,no,no,no,False
102499491,METROPOLITAN NASHVILLE POLICE DEPT,20190661401,Davidson,Not in City Limit,9/5/2019 7:25:00 AM,2,0,0,36.273560,-86.817330,OLD HICKORY BLVD,,,,0.00,,,LICKTON PKE,,,,0.00,Y,T-Intersection, ,Intersection,None,,,         ,Wesley,Young,Clear,Angle,no,no,no,no,no,False
102499494,METROPOLITAN NASHVILLE POLICE DEPT,20190661550,Davidson,Nashville,9/5/2019 8:37:00 AM,2,1,0,36.152340,-86.690400,ELM HILL PKE,,,,0.00,,,ELM HILL PKE EB EXT RAMP,,,,0.00,Y,Four-Way, ,Entrance/Exit Ramp Related,None,,,         ,Tien,Nguyen,Clear,Front to Rear,no,no,no,no,no,False
102499495,METROPOLITAN NASHVILLE POLICE DEPT,20190661423,Davidson,Nashville,9/5/2019 7:31:00 AM,2,0,0,36.242540,-86.736580,WORTH ST,,,,0.00,,,BRIARVILLE RD,,,,0.00,Y,Four-Way, ,,None,,,         ,Blake,McKay,,,no,no,no,no,no,False
102499501,METROPOLITAN NASHVILLE POLICE DEPT,20190661546,Davidson,Nashville,9/5/2019 8:34:00 AM,2,0,0,36.111180,-86.792650,GRANNY WHITE PKE,,,,161.00,Feet,South,WOODMONT BLVD,,,,0.00,N,Not at Intersection, ,Non-Junction,None,,,         ,Justin,Pinkelton,Clear,Front to Rear,no,no,no,no,no,False
102499507,THP District 8 - Jackson,319055766,Davidson,Nashville,8/29/2019 3:58:00 PM,2,0,0,36.147460,-86.744290,I 40,,,,0.00,,,,,,,212.00,N,Not at Intersection, ,Non-Junction,None,,,         ,Cameron,Jones,Clear,Front to Rear,no,no,no,no,no,False
102499534,METROPOLITAN NASHVILLE POLICE DEPT,20190661556,Davidson,Nashville,9/5/2019 8:40:00 AM,2,0,0,36.106210,-86.673060,MURFREESBORO PKE,,,,0.00,Feet,,DONELSON PKE,,,,0.00,Y,Four-Way,Y,Intersection-Related,None,,,         ,Graham,Binkley,Clear,Front to Rear,no,no,no,no,no,False
102499549,METROPOLITAN NASHVILLE POLICE DEPT,20190661581,Davidson,Nashville,9/5/2019 8:36:00 AM,1,0,0,36.194060,-86.776190,I 24,,,,0.00,,,,,,,46.60,N,Not at Intersection,Y,Non-Junction,None,,,         ,Ruben,Mariano,Clear,Not Collision with Motor Vehicle in Transport,no,no,no,no,no,False
102499552,METROPOLITAN NASHVILLE POLICE DEPT,20190661683,Davidson,Nashville,9/5/2019 9:57:00 AM,2,0,0,36.195260,-86.621910,LEBANON PKE,,,,130.00,Feet,South,BONNASPRING DR,,,,0.00,N,Not at Intersection, ,Non-Junction,None,,,         ,Michael,Dance,Clear,"Sideswipe, Same Direction",no,no,no,no,no,False
102499560,VANDERBILT UNIVERSITY POLICE,20190661627,Davidson,Nashville,9/5/2019 9:00:00 AM,2,0,0,36.155580,-86.788930,I40 W EXT RAMP,,,,93.00,Feet,North,I 40,,,,0.00,N,Not at Intersection,N,Entrance/Exit Ramp Related,None,,,         ,Alan,Reed,Clear,Front to Rear,no,no,no,no,yes,False
102499565,METROPOLITAN NASHVILLE POLICE DEPT,20190661491,Davidson,Nashville,9/5/2019 7:55:00 AM,2,0,0,36.140080,-86.826860,MURPHY RD,,,,0.00,,,BOWLING AVE,,,,0.00,Y,T-Intersection,N,Intersection,None,,,         ,Roger,Luther,Clear,Front to Rear,no,no,no,no,no,False
102499567,METROPOLITAN NASHVILLE POLICE DEPT,20190661536,Davidson,Antioch,9/5/2019 8:30:00 AM,2,1,0,36.072330,-86.598340,DOVE CREEK RD,,,,0.00,,,QUAISE MOORW,,,,0.00,Y,Four-Way,N,Intersection,None,,,         ,Nelson,Hemingway,Clear,Angle,no,no,no,no,no,False
102499568,METROPOLITAN NASHVILLE POLICE DEPT,20190661724,Davidson,Nashville,9/5/2019 10:03:00 AM,2,1,0,36.153400,-86.800840,20TH AVN,,,,0.00,,,CHURCH ST,,,,0.00,Y,Four-Way,N,Intersection,None,,,         ,Earl,Davis,Clear,Angle,no,no,no,no,no,Campus
102499574,METROPOLITAN NASHVILLE POLICE DEPT,2019 0659104,Davidson,Nashville,9/5/2019 7:55:00 AM,2,1,0,36.061740,-86.906440,HIGHWAY 100,,,,574.00,Feet,West,OLD HICKORY BLVD,,,,0.00,N,Not at Intersection,N,Non-Junction,None,,,         ,Paul,Junkmann,Cloudy,Angle,no,no,no,no,no,False
102499575,METROPOLITAN NASHVILLE POLICE DEPT,20190661517,Davidson,Nashville,9/5/2019 8:15:00 AM,2,0,0,36.209040,-86.865360,ASHLAND CITY HWY,,,,0.00,,,CATO RD,,,,0.00,Y,Four-Way, ,Intersection,None,,,         ,Wesley,Young,Clear,Angle,no,no,no,no,no,False
102499578,METROPOLITAN NASHVILLE POLICE DEPT,20190661392,Davidson,Nashville,9/5/2019 7:11:00 AM,2,0,0,36.202680,-86.776860,I 65,,,,0.00,,,,,,,87.05,N,Not at Intersection, ,,None,,,         ,Kiana,Perry,,,no,no,no,no,no,False
102499593,METROPOLITAN NASHVILLE POLICE DEPT,20190661564,Davidson,Nashville,9/5/2019 8:45:00 AM,2,0,0,36.110260,-86.719910,BRILEY PKWYS,,,,98.00,Feet,West,BRILEY PKWYN,,,,0.00,N,Not at Intersection,N,Non-Junction,None,,,         ,Jessie,Meadows,Clear,Front to Rear,no,no,no,no,no,False
102499596,METROPOLITAN NASHVILLE POLICE DEPT,20190661783,Davidson,Nashville,9/5/2019 10:22:00 AM,2,0,0,36.136200,-86.876820,HILLWOOD BLVD,,,,0.00,,,FLEETWOOD DR,,,,0.00,Y,Four-Way, ,Intersection,None,,,         ,Curtis,Rich,Clear,Angle,no,no,no,no,no,False
102499610,METROPOLITAN NASHVILLE POLICE DEPT,20190661606,Davidson,Nashville,9/4/2019 12:00:00 AM,2,0,0,36.219810,-86.799750,HIGHLAND TRACE DR,,,,0.00,,,,,,,0.00,,,N,Non-Junction,None,,,         ,Wesley,Young,Clear,Rear to Rear,no,no,no,yes,yes,False
102499627,VANDERBILT UNIVERSITY POLICE,20190661617,Davidson,Nashville,9/5/2019 8:30:00 AM,2,0,0,36.151440,-86.801990,21ST AVN,,,,0.00,,,HAYES ST,,,,0.00,Y,Four-Way,N,Non-Junction,None,,,         ,Mark,Clear,Clear,Other,no,no,no,no,no,Campus
102499632,METROPOLITAN NASHVILLE POLICE DEPT,20190661680,Davidson,Nashville,9/5/2019 9:55:00 AM,2,0,0,36.198820,-86.776450,I 65,,,,0.00,,,,,,,86.80,N,Not at Intersection, ,Non-Junction,None,,,         ,Wesley,Young,Clear,Front to Rear,no,no,no,no,no,False
102499638,METROPOLITAN NASHVILLE POLICE DEPT,20190661633,Davidson,Joelton,9/5/2019 9:15:00 AM,2,0,0,36.311960,-86.860180,WHITES CREEK PKE,,,,1441.00,Feet,East,OLD CLARKSVILLE PKE,,,,0.00,N,Not at Intersection, ,Non-Junction,None,,,         ,Kiana,Perry,Clear,"Sideswipe, Opposite Direction",no,no,no,no,no,False
102499650,METROPOLITAN NASHVILLE POLICE DEPT,20190661757,Davidson,Nashville,9/5/2019 10:30:00 AM,2,2,0,36.096810,-86.677510,DONELSON PKE,,,,586.00,Feet,South,OLD EZELL RD,,,,0.00,N,Not at Intersection,N,Non-Junction,None,,,         ,Jessie,Meadows,Clear,Angle,no,no,no,no,no,False
102499656,METROPOLITAN NASHVILLE POLICE DEPT,20190661878,Davidson,Nashville,9/5/2019 11:10:00 AM,2,0,0,36.121190,-86.776740,KIRKWOOD AV,,,,490.00,Feet,West,FRANKLIN PKE,,,,0.00,N,Not at Intersection, ,Non-Junction,None,,,         ,Earl,Davis,Clear,Rear to Rear,no,no,no,yes,yes,False
102499657,METROPOLITAN NASHVILLE POLICE DEPT,20190661586,Davidson,Nashville,9/5/2019 8:57:00 AM,4,0,0,36.124140,-86.742690,I 440,,,,0.00,,,,,,,6.70,N,Not at Intersection,N,Non-Junction,Construction Zone,Other,Activity Area,         ,Donald,Davidson,Clear,Front to Rear,no,no,no,no,yes,False
102499658,METROPOLITAN NASHVILLE POLICE DEPT,20190661982,Davidson,Nashville,9/5/2019 12:15:00 PM,2,0,0,36.136170,-86.724830,SPENCE LN,,,,148.00,Feet,North,MURFREESBORO PKE,,,,0.00,N,Not at Intersection, ,"Driveway, Alley Access, etc",None,,,         ,Michael,Dance,Clear,Angle,no,no,no,no,no,False
102499667,METROPOLITAN NASHVILLE POLICE DEPT,20190661861,Davidson,Nashville,9/5/2019 11:10:00 AM,1,0,0,36.200020,-86.615370,TYLER DR,,,,0.00,,,GORDON LN,,,,0.00,Y,Four-Way,N,Intersection-Related,None,,,         ,Tien,Nguyen,Clear,Not Collision with Motor Vehicle in Transport,no,no,no,no,yes,False
102499679,METROPOLITAN NASHVILLE POLICE DEPT,20190661808,Davidson,Nashville,9/5/2019 10:50:00 AM,2,0,0,36.175100,-86.738110,HOLLY ST,,,,60.00,Feet,East,S 18TH ST,,,,0.00,N,Not at Intersection,N,Non-Junction,None,,,         ,Russell,Freeman,Clear,"Sideswipe, Opposite Direction",no,no,no,no,no,False
102499691,METROPOLITAN NASHVILLE POLICE DEPT,20190661727,Davidson,Nashville,9/5/2019 10:15:00 AM,2,0,0,36.229590,-86.781280,I 24,,,,0.00,,,,,,,44.20,N,Not at Intersection, ,Non-Junction,None,,,         ,Caleb,Jernigan,Clear,Angle,no,no,no,no,no,False
102499698,METROPOLITAN NASHVILLE POLICE DEPT,20190660710,Davidson,Nashville,9/4/2019 9:00:00 PM,1,0,0,36.151030,-86.783990,DIVISION ST,,,,150.00,Feet,East,12TH AVS,,,,0.00,N,Not at Intersection,N,Non-Junction,None,,,         ,Bianca,Crawford,Clear,Not Collision with Motor Vehicle in Transport,no,no,no,no,yes,False
102499706,METROPOLITAN NASHVILLE POLICE DEPT,20190661971,Davidson,Nashville,9/5/2019 11:51:00 AM,3,0,0,36.111440,-86.758000,THOMPSON LN,,,,0.00,,,KRAFT DR,,,,0.00,Y,T-Intersection,N,Intersection,None,,,         ,Earl,Davis,Clear,Angle,no,no,no,no,no,False
102499707,METROPOLITAN NASHVILLE POLICE DEPT,20190662013,Davidson,Nashville,9/5/2019 12:30:00 PM,2,0,0,36.229180,-86.759310,DICKERSON PKE,,,,70.00,Feet,South,BROADMOOR DR,,,,0.00,N,Not at Intersection,N,Non-Junction,None,,,         ,Russell,Freeman,Clear,Unknown,no,no,no,no,yes,False
102499716,METROPOLITAN NASHVILLE POLICE DEPT,20190661911,Davidson,Nashville,9/5/2019 11:45:00 AM,2,2,0,36.142230,-86.742640,MURFREESBORO PKE,,,,60.00,Feet,East,POLK AV,,,,0.00,N,Not at Intersection,N,Non-Junction,None,,,         ,Jessie,Meadows,Clear,Angle,no,no,no,no,no,False
102499720,METROPOLITAN NASHVILLE POLICE DEPT,2019-0661530,Davidson,Nashville,9/5/2019 7:45:00 AM,2,0,0,36.122810,-86.751080,NOLENSVILLE PKE,,,,0.00,,,I440 W ENT RAMP,,,,0.00,Y,OTHER, ,Entrance/Exit Ramp Related,None,,,         ,Erik,Wagner,Clear,Front to Rear,no,no,no,no,no,False
102499728,METROPOLITAN NASHVILLE POLICE DEPT,20190656395,Davidson,Nashville,9/3/2019 7:30:00 AM,2,0,0,36.163450,-86.779540,CHURCH ST,,,,15.00,Feet,East,ARCADE ALY,,,,0.00,N,Not at Intersection, ,Non-Junction,None,,,         ,Gregory,Julia,Clear,"Sideswipe, Same Direction",no,no,no,no,no,False
102499736,METROPOLITAN NASHVILLE POLICE DEPT,20190661879,Davidson,Nashville,9/5/2019 11:22:00 AM,2,0,0,36.119560,-86.701930,JUPITER DR,,,,0.00,,,MURFREESBORO PKE,,,,0.00,Y,T-Intersection,N,Intersection,None,,,         ,Terry,Denton,Clear,Angle,no,no,no,no,yes,False
102499775,METROPOLITAN NASHVILLE POLICE DEPT,20190661979,Davidson,Nashville,9/5/2019 11:01:00 AM,2,0,0,36.145980,-86.753910,MURFREESBORO PKE,,,,0.00,,,EXPRESSWAY PARK DR,,,,0.00,Y,T-Intersection,N,Intersection-Related,None,,,         ,Alex,Moore,Clear,"Sideswipe, Same Direction",no,no,no,no,yes,False
102499798,METROPOLITAN NASHVILLE POLICE DEPT,20190662151,Davidson,Nashville,9/5/2019 12:09:00 PM,2,0,0,36.151350,-86.789580,MUSIC CIRE,,,,100.00,Feet,South,DIVISION ST,,,,0.00,N,Not at Intersection, ,Non-Junction,None,,,         ,Earl,Davis,Clear,Angle,no,no,no,no,no,False
102499802,METROPOLITAN NASHVILLE POLICE DEPT,20190662038,Davidson,Nashville,9/5/2019 12:40:00 PM,3,3,0,36.115250,-86.791990,BATTLEFIELD DR,,,,0.00,Feet,,GRANNY WHITE PKE,,,,0.00,Y,Four-Way,Y,Intersection,None,,,         ,Steven,Begley,Clear,Angle,no,no,no,no,no,False
102499816,METROPOLITAN NASHVILLE POLICE DEPT,20190662192,Davidson,Nashville,9/5/2019 1:57:00 PM,2,0,0,36.131880,-86.795500,BERNARD AV,,,,0.00,,,BELMONT BLVD,,,,0.00,Y,T-Intersection, ,Intersection,Construction Zone,,,         ,Nathan,Kemp,Clear,Rear to Side,no,no,no,no,no,False
102499832,METROPOLITAN NASHVILLE POLICE DEPT,20190662205,Davidson,Nashville,9/5/2019 2:15:00 PM,2,0,0,36.100340,-86.718380,ANTIOCH PKE,,,,0.00,,,BRIDGEWAY DR,,,,0.00,Y,T-Intersection,N,Intersection,None,,,         ,Nelson,Hemingway,Clear,Angle,no,no,no,no,no,False
102499861,METROPOLITAN NASHVILLE POLICE DEPT,20190662261,Davidson,Goodlettsville,9/5/2019 2:28:00 PM,2,0,0,36.296380,-86.698760,MYATT DR,,,,227.00,Feet,South,GALLATIN PKEN,,,,0.00,N,Not at Intersection,N,Non-Junction,None,,,         ,Christopher,Littles,Clear,"Sideswipe, Same Direction",no,no,no,no,yes,False
102499875,VANDERBILT UNIVERSITY POLICE,20190661990,Davidson,Nashville,9/5/2019 12:05:00 PM,2,0,0,36.108420,-86.763070,POWELL AV,,,,811.00,Feet,North,POWELL PL,,,,0.00,N,Not at Intersection, ,Non-Junction,None,,,         ,Devon,Ross,Clear,"Sideswipe, Opposite Direction",no,no,no,yes,no,OHO
102499897,METROPOLITAN NASHVILLE POLICE DEPT,20190662278,Davidson,Nashville,9/5/2019 2:48:00 PM,2,0,0,36.154930,-86.788810,I 40,,,,0.00,,,,,,,209.20,N,Not at Intersection, ,,None,,,         ,Randall,Ward,,,no,no,no,no,no,False
102499904,METROPOLITAN NASHVILLE POLICE DEPT,20190662113,Davidson,Nashville,9/5/2019 1:19:00 PM,2,1,0,36.072270,-86.636040,BELL RD,,,,151.00,Feet,North,MURFREESBORO PKE,,,,0.00,N,Not at Intersection,N,Non-Junction,None,,,         ,Terry,Denton,Clear,Front to Rear,no,no,no,no,no,False
102499909,METROPOLITAN NASHVILLE POLICE DEPT,20190662297,Davidson,Nashville,9/5/2019 2:42:00 PM,2,3,0,36.147500,-86.693660,BRILEY PKWY S EXT RAMP,,,,24.00,Feet,West,BRILEY PKWYS,,,,0.00,N,Not at Intersection, ,Non-Junction,None,,,         ,Torry,Hill,Clear,"Sideswipe, Same Direction",no,no,no,no,no,False
102499918,METROPOLITAN NASHVILLE POLICE DEPT,20190661662,Davidson,Nashville,9/5/2019 9:43:00 AM,3,1,0,36.229640,-86.781340,I 24,,,,0.00,,,,,,,44.20,N,Not at Intersection, ,Non-Junction,None,,,         ,Caleb,Jernigan,Clear,Front to Rear,no,no,no,no,no,False
102499930,METROPOLITAN NASHVILLE POLICE DEPT,20190662161,Davidson,Antioch,9/5/2019 12:29:00 PM,2,0,0,36.028970,-86.591180,MURFREESBORO PKE,,,,308.00,Feet,North,LAVERGNE COUCHVILLE PKE,,,,0.00,N,Not at Intersection,N,Non-Junction,None,,,         ,Jessie,Meadows,Clear,Front to Rear,no,no,no,no,no,False
102499952,METROPOLITAN NASHVILLE POLICE DEPT,20190662267,Davidson,Nashville,9/5/2019 2:52:00 PM,2,2,0,36.090250,-86.812680,HARDING PL,,,,0.00,,,COMPTON TRC,,,,0.00,Y,Four-Way,N,Intersection-Related,None,,,         ,FELIKS,ABRAHAMYAN,Clear,HeadOn,no,no,no,no,no,False
102499966,METROPOLITAN NASHVILLE POLICE DEPT,20190662447,Davidson,Nashville,9/5/2019 3:18:00 PM,1,0,0,36.152120,-86.851460,53RD AVN,,,,123.00,Feet,North,CHARLOTTE AV,,,,0.00,N,Not at Intersection,N,Non-Junction,None,,,         ,Molly,Page,Clear,Not Collision with Motor Vehicle in Transport,no,no,no,yes,yes,False
102499971,METROPOLITAN NASHVILLE POLICE DEPT,20190662370,Davidson,Nashville,9/5/2019 2:10:00 PM,2,0,0,36.084400,-86.705140,HARDING PL,,,,236.00,Feet,East,LINBAR DR,,,,0.00,N,Not at Intersection, ,,None,,,         ,Jesse,Cox,,,no,no,no,no,no,False
102499975,METROPOLITAN NASHVILLE POLICE DEPT,20190662276,Davidson,Nashville,9/5/2019 2:00:00 PM,2,0,0,36.181600,-86.773700,DICKERSON PKE,,,,19.00,Feet,North,DICKERSON PKE NB ENT RAMP,,,,0.00,N,Not at Intersection, ,Entrance/Exit Ramp Related,None,,,         ,Chase,Harriman,Clear,"Sideswipe, Same Direction",no,no,no,no,no,False
102499980,METROPOLITAN NASHVILLE POLICE DEPT,20190662325,Davidson,Nashville,9/5/2019 2:51:00 PM,2,1,0,36.108640,-86.788260,LEALAND LN,,,,28.00,Feet,North,GRAYBAR LN,,,,0.00,N,Not at Intersection, ,Non-Junction,None,,,         ,Darryl,Williams,Clear,Angle,no,no,no,no,no,False
102499981,METROPOLITAN NASHVILLE POLICE DEPT,20190662202,Davidson,Nashville,9/5/2019 1:39:00 PM,2,0,0,36.169130,-86.681850,LEBANON PKE,,,,192.00,Feet,East,FAIRWAY DR,,,,0.00,N,Not at Intersection,N,Non-Junction,None,,,         ,Thomas,Odom,Clear,Other,no,no,no,yes,yes,False
102499986,METROPOLITAN NASHVILLE POLICE DEPT,2019-0662128,Davidson,Nashville,9/5/2019 12:08:00 PM,2,0,0,36.133420,-86.801220,MAGNOLIA BLVD,,,,73.00,Feet,North,PORTLAND AV,,,,0.00,N,Not at Intersection,N,OtherLocation,None,,,         ,Po,Cheng,Clear,Angle,no,no,no,no,no,False
102499987,GOODLETTSVILLE POLICE DEPT,19-33423,Davidson,Goodlettsville,9/5/2019 4:13:00 PM,2,1,0,36.300180,-86.711390,I 65,,,,0.00,,,,,,,95.20,N,Not at Intersection,N,Non-Junction,None,,,         ,George,Forbes,Clear,Front to Rear,no,no,no,no,no,False
102499989,METROPOLITAN NASHVILLE POLICE DEPT,20190662385,Davidson,Nashville,9/5/2019 3:40:00 PM,2,0,0,36.160760,-86.793690,14TH AVN,,,,0.00,,,CHARLOTTE AV,,,,0.00,Y,Four-Way, ,Intersection,None,,,         ,Thomas,Broatch,Clear,"Sideswipe, Same Direction",no,no,no,no,no,False
102499990,METROPOLITAN NASHVILLE POLICE DEPT,20190662330,Davidson,Nashville,9/5/2019 12:00:00 AM,2,1,0,36.164680,-86.802180,HERMAN ST,,,,0.00,Feet,,17TH AVN,,,,0.00,Y,Four-Way,N,Non-Junction,None,,,         ,Melvin,Taylor,Clear,Angle,no,no,no,no,no,False
102499994,METROPOLITAN NASHVILLE POLICE DEPT,20190662408,Davidson,Nashville,9/5/2019 3:45:00 PM,4,0,0,36.082420,-86.711270,HARDING PL,,,,245.00,Feet,West,TAMPA DR,,,,0.00,N,Not at Intersection, ,Non-Junction,None,,,         ,Jesse,Cox,Clear,Front to Rear,no,no,no,no,no,False
102499997,METROPOLITAN NASHVILLE POLICE DEPT,20190662448,Davidson,Nashville,9/5/2019 2:42:00 PM,2,0,0,36.169550,-86.772470,S 1ST ST,,,,176.00,Feet,South,MAIN ST,,,,0.00,N,Not at Intersection,N,Non-Junction,None,,,         ,Brandon,O'Guin,Clear,"Sideswipe, Opposite Direction",no,no,no,no,yes,False
102500000,METROPOLITAN NASHVILLE POLICE DEPT,20190662543,Davidson,Nashville,9/5/2019 3:05:00 PM,2,0,0,36.120030,-86.784700,KIRKWOOD AV,,,,0.00,,,CRAIG AV,,,,0.00,Y,T-Intersection, ,Intersection,None,,,         ,Heather,Fox,Clear,Front to Rear,no,no,no,no,no,False
102500019,METROPOLITAN NASHVILLE POLICE DEPT,20190662476,Davidson,Nashville,9/5/2019 4:30:00 PM,2,1,0,36.141940,-86.781060,EDGEHILL AV,,,,0.00,,,9TH AVS,,,,0.00,Y,Four-Way,N,Intersection,None,,,         ,FELIKS,ABRAHAMYAN,Clear,Angle,no,no,no,no,no,False
102500027,METROPOLITAN NASHVILLE POLICE DEPT,20190662479,Davidson,Nashville,9/5/2019 4:01:00 PM,2,0,0,36.176860,-86.776410,SPRING ST,,,,67.00,Feet,West,COWAN ST,,,,0.00,N,Not at Intersection, ,Non-Junction,None,,,         ,Brandon,O'Guin,Clear,Front to Rear,no,no,no,no,no,False
102500029,METROPOLITAN NASHVILLE POLICE DEPT,20190662578,Davidson,Nashville,9/5/2019 3:15:00 PM,2,0,0,36.204180,-86.840640,CLARKSVILLE PKE,,,,362.00,Feet,North,ABERNATHY RD,,,,0.00,N,Not at Intersection, ,Non-Junction,None,,,         ,Bryan,Musgrave,Clear,Front to Rear,no,no,no,no,yes,False
102500033,METROPOLITAN NASHVILLE POLICE DEPT,20190662571,Davidson,Nashville,9/5/2019 5:10:00 PM,2,0,0,36.150470,-86.770370,I40 E EXT RAMP,,,,0.00,,,I 40,,,,0.00,Y,Four-Way, ,,None,,,         ,Conor,Cronin,,,no,no,no,no,no,False
102500059,METROPOLITAN NASHVILLE POLICE DEPT,20190662540,Davidson,Nashville,9/5/2019 4:29:00 PM,2,0,0,36.151850,-86.772780,DIVISION ST,,,,0.00,,,5TH AVS,,,,0.00,Y,T-Intersection, ,,None,,,         ,Timothy,Mead,,,no,no,no,no,no,False
102500067,METROPOLITAN NASHVILLE POLICE DEPT,20190662579,Davidson,Nashville,9/5/2019 2:47:00 PM,2,0,0,36.109430,-86.727980,BRILEY PKWYN,,,,21.00,Feet,North,BRILEY PKWYS,,,,0.00,N,Not at Intersection, ,,None,,,         ,Jesse,Cox,,,no,no,no,no,no,False
102500068,METROPOLITAN NASHVILLE POLICE DEPT,20190662686,Davidson,Nashville,9/5/2019 5:21:00 PM,2,0,0,36.086310,-86.699140,HARDING PL,,,,144.00,Feet,West,I24 W ENT RAMP,,,,0.00,N,Not at Intersection,N,Non-Junction,None,,,         ,Jarret,Sonnenberg,Clear,Front to Rear,no,no,no,no,no,False
102500074,METROPOLITAN NASHVILLE POLICE DEPT,20190662318,Davidson,Nashville,9/4/2019 11:30:00 AM,2,0,0,36.178360,-86.817900,DELK AV,,,,342.00,Feet,West,25TH AVN,,,,0.00,N,Not at Intersection, ,Non-Junction,None,,,         ,Katelin,Ehrhardt,Clear,"Sideswipe, Same Direction",no,no,no,no,yes,False
102500075,METROPOLITAN NASHVILLE POLICE DEPT,20190662513,Davidson,Nashville,9/5/2019 4:50:00 PM,2,0,0,36.179960,-86.811810,21ST AVN,,,,53.00,Feet,South,BUCHANAN ST,,,,0.00,N,Not at Intersection, ,Non-Junction,None,,,         ,Katelin,Ehrhardt,Clear,HeadOn,no,no,no,no,yes,False
102500079,METROPOLITAN NASHVILLE POLICE DEPT,20190662661,Davidson,Nashville,9/5/2019 6:10:00 PM,2,0,0,36.158220,-86.790940,I40 W ENT RAMP,,,,0.00,Feet,East,I 40,,,,0.00,N,Not at Intersection, ,,None,,,         ,Brandon,O'Guin,,,no,no,no,no,no,False
102500080,METROPOLITAN NASHVILLE POLICE DEPT,20190662422,Davidson,Nashville,9/5/2019 3:36:00 PM,2,0,0,36.169510,-86.811800,I 40,,,,0.00,,,,,,,207.00,N,Not at Intersection, ,Non-Junction,None,,,         ,Katelin,Ehrhardt,Clear,Front to Rear,no,no,no,no,yes,False
102500081,METROPOLITAN NASHVILLE POLICE DEPT,20190662648,Davidson,Nashville,9/5/2019 5:57:00 PM,2,0,0,36.249250,-86.741820,I 65,,,,0.00,,,,,,,91.15,N,Not at Intersection, ,Non-Junction,None,,,         ,Peter,Vaught,Clear,"Sideswipe, Same Direction",no,no,no,no,no,False
102500090,METROPOLITAN NASHVILLE POLICE DEPT,20190662698,Davidson,Nashville,9/5/2019 4:00:00 PM,2,0,0,36.157180,-86.803310,CHARLOTTE AV,,,,92.00,Feet,East,20TH AVN,,,,0.00,N,Not at Intersection, ,,None,,,         ,Khalid,Abbady,,,no,no,no,no,no,False
102500094,METROPOLITAN NASHVILLE POLICE DEPT,20190662630,Davidson,Nashville,9/5/2019 5:39:00 PM,2,0,0,36.137970,-86.775900,I 65,,,,0.00,,,,,,,81.65,N,Not at Intersection, ,,None,,,         ,FELIKS,ABRAHAMYAN,,,no,no,no,no,no,False
102500097,METROPOLITAN NASHVILLE POLICE DEPT,20190662550,Davidson,Not in City Limit,9/5/2019 5:11:00 PM,4,2,0,36.263420,-86.715390,OLD HICKORY BLVDW,,,,1031.00,Feet,West,STATE RT 45,,,,0.00,N,Not at Intersection,N,Non-Junction,None,,,         ,Christopher,Littles,Clear,Front to Rear,no,no,no,no,yes,False
102500098,METROPOLITAN NASHVILLE POLICE DEPT,20190662537,Davidson,Goodlettsville,9/5/2019 5:04:00 PM,1,0,0,36.357140,-86.737970,BAKER RD,,,,1441.00,Feet,West,OLD SPRINGFIELD PKE,,,,0.00,N,Not at Intersection, ,Non-Junction,None,,,         ,Christopher,Littles,Clear,Not Collision with Motor Vehicle in Transport,no,no,no,yes,no,False
102500099,METROPOLITAN NASHVILLE POLICE DEPT,20190662725,Davidson,Not in City Limit,9/5/2019 6:32:00 PM,2,1,0,36.264100,-86.724180,OLD HICKORY BLVDW,,,,0.00,,,HERITAGE DR,,,,0.00,Y,T-Intersection, ,Intersection,None,,,         ,Christopher,Littles,Clear,Angle,no,no,no,no,no,False
102500110,METROPOLITAN NASHVILLE POLICE DEPT,20190662703,Davidson,Nashville,9/5/2019 6:20:00 PM,2,1,0,36.187990,-86.821560,CLARKSVILLE PKE,,,,0.00,,,ROSA L PARKS BLVD,,,,0.00,Y,Four-Way,Y,Intersection,None,,,         ,Luke,Steigerwalt,Clear,Angle,no,no,no,no,no,False
102500112,METROPOLITAN NASHVILLE POLICE DEPT,20190662812,Davidson,Nashville,9/5/2019 7:07:00 PM,2,2,0,36.143830,-86.700490,I 40,,,,0.00,,,,,,,214.70,N,Not at Intersection, ,Non-Junction,None,,,         ,Samuel,Sundra,Clear,Front to Rear,no,no,no,no,no,False