master_record_number,agency,agency_tracking_number,county,city,collision_date,vehicles_involved,number_injured,number_dead,latitude,longitude,roadway_name,roadway_suffix,roadway_number,roadway_local_id,distance_from_reference,miles-feet_indicator,direction_from_reference,intersection_road_name,intersection_road_name_suffix,intersection_road_number,intersection_local_id,mile_marker,intersection_indicator,intersect_type,interchange_related_indicator,relation_to_junction,work_zone_type,construction_maintenance_zone,construction_maintenance_zone_location,fatal_case_number,officer_first_name,officer_last_name,weather_condition(s),manner_of_crash,pedestrian,bicycle,scooter,parking,hitrun,mou
102501983,METROPOLITAN NASHVILLE POLICE DEPT,20190666521,Davidson,Nashville,9/7/2019 7:50:00 AM,2,0,0,36.061250,-86.911280,HIGHWAY 100,,,,101.00,Feet,West,WARNER NATURE CTR PVTDR,,,,0.00,N,Not at Intersection, ,Non-Junction,None,,,         ,Brian,Myatt,Clear,Front to Rear,no,no,no,no,no,False
102501987,METROPOLITAN NASHVILLE POLICE DEPT,20190666507,Davidson,Nashville,9/7/2019 8:30:00 AM,2,0,0,36.131880,-86.895530,CHARLOTTE PKE,,,,0.00,,,I40 E ENT RAMP,,,,0.00,Y,Four-Way, ,Intersection,None,,,         ,Douglas,Atwood,Clear,Angle,no,no,no,no,yes,False
102501991,METROPOLITAN NASHVILLE POLICE DEPT,20190666459,Davidson,Nashville,9/7/2019 12:00:00 AM,1,0,0,36.146530,-86.877000,PREMIER DR,,,,190.00,Feet,West,MERCOMATIC DR,,,,0.00,N,Not at Intersection,N,Non-Junction,None,,,         ,Terrence,Bradley,Unknown,Not Collision with Motor Vehicle in Transport,no,no,no,no,yes,False
102501994,METROPOLITAN NASHVILLE POLICE DEPT,20190664710,Davidson,Nashville,9/6/2019 2:10:00 PM,2,1,0,36.043110,-86.654940,I 24,,,,0.00,,,,,,,59.65,N,Not at Intersection,N,Non-Junction,Construction Zone,Other,Termination Area,         ,Gerald,Gomes,Clear,Front to Rear,no,no,no,no,no,False
102501997,METROPOLITAN NASHVILLE POLICE DEPT,20190666552,Davidson,Nashville,9/7/2019 12:00:00 AM,1,0,0,36.145380,-86.873420,AMERICAN RD,,,,46.00,Feet,South,MERCOMATIC DR,,,,0.00,N,Not at Intersection,N,Non-Junction,None,,,         ,Roger,Luther,Clear,Not Collision with Motor Vehicle in Transport,no,no,no,yes,yes,False
102502001,METROPOLITAN NASHVILLE POLICE DEPT,20190666486,Davidson,Nashville,9/7/2019 7:58:00 AM,2,0,0,36.117880,-86.699790,MURFREESBORO PKE,,,,181.00,Feet,East,BRILEY PKWY N EXT RAMP,,,,0.00,N,Not at Intersection,N,Non-Junction,None,,,         ,MIchael,Mihajlov,Clear,Front to Rear,no,no,no,no,no,False
102502015,METROPOLITAN NASHVILLE POLICE DEPT,20190666555,Davidson,Nashville,9/7/2019 9:15:00 AM,2,0,0,36.178600,-86.611700,MAGNUM DR,,,,117.00,Feet,West,ALBEE DR,,,,0.00,N,Not at Intersection, ,Non-Junction,None,,,         ,Graham,Binkley,Clear,"Sideswipe, Opposite Direction",no,no,no,no,no,False
102502016,METROPOLITAN NASHVILLE POLICE DEPT,20190666579,Davidson,Nashville,9/7/2019 9:55:00 AM,2,0,0,36.139970,-86.825400,MURPHY RD,,,,0.00,Feet,,GREENWAY AV,,,,0.00,Y,T-Intersection, ,Intersection,None,,,         ,Brian,Myatt,Clear,Other,no,no,no,no,no,False
102502035,METROPOLITAN NASHVILLE POLICE DEPT,20190666610,Davidson,Not in City Limit,9/7/2019 10:12:00 AM,2,0,0,35.991260,-86.682000,BURKITT RD,,,,146.00,Feet,West,OLD BURKITT RD,,,,0.00,N,Not at Intersection, ,Non-Junction,None,,,         ,Amy,Hirschmann,Clear,Angle,no,no,no,no,no,False
102502043,METROPOLITAN NASHVILLE POLICE DEPT,20190666589,Davidson,Nashville,9/7/2019 9:44:00 AM,2,0,0,36.090740,-86.703890,I 24,,,,0.00,,,,,,,55.30,N,Not at Intersection, ,Non-Junction,None,,,         ,Ian,Wilson,Clear,"Sideswipe, Same Direction",no,no,no,no,no,False
102502044,METROPOLITAN NASHVILLE POLICE DEPT,20190666693,Davidson,Nashville,9/7/2019 11:33:00 AM,1,1,0,36.039760,-86.754410,OLD HICKORY BLVD,,,,75.00,Feet,West,BARRINGTON PLACE DR,,,,0.00,N,Not at Intersection,N,Non-Junction,None,,,         ,Earl,Davis,Clear,Not Collision with Motor Vehicle in Transport,no,no,no,no,no,False
102502057,METROPOLITAN NASHVILLE POLICE DEPT,20190666694,Davidson,Nashville,9/7/2019 11:29:00 AM,2,0,0,36.246600,-86.719310,BERKLEY DR,,,,0.00,,,CORELAND DR,,,,0.00,Y,Four-Way, ,Intersection-Related,None,,,         ,Samuel,Kersten,Clear,Angle,no,no,no,no,no,False
102502063,METROPOLITAN NASHVILLE POLICE DEPT,20190666707,Davidson,Nashville,9/7/2019 11:35:00 AM,2,0,0,36.153340,-86.857440,I40 W EXT RAMP,,,,0.00,Feet,East,BRILEY PKWY S EXT RAMP,,,,0.00,N,Not at Intersection, ,Entrance/Exit Ramp Related,None,,,         ,Brian,Myatt,Clear,Front to Rear,no,no,no,no,no,False
102502068,METROPOLITAN NASHVILLE POLICE DEPT,20190666673,Davidson,Nashville,9/7/2019 11:15:00 AM,2,1,0,36.067510,-86.718530,NOLENSVILLE PKE,,,,306.00,Feet,South,HAYWOOD LN,,,,0.00,N,Not at Intersection,N,Non-Junction,None,,,         ,Ian,Wilson,Clear,Angle,no,no,no,no,no,False
102502094,METROPOLITAN NASHVILLE POLICE DEPT,20190666748,Davidson,Nashville,9/7/2019 12:24:00 PM,2,3,0,36.216780,-86.623510,OLD HICKORY BLVD,,,,0.00,,,2ND ST,,,,0.00,Y,Four-Way,N,Intersection,None,,,         ,Richard,Luellen,Clear,Front to Rear,no,no,no,no,no,False
102502096,METROPOLITAN NASHVILLE POLICE DEPT,20190666739,Davidson,Nashville,9/7/2019 11:50:00 AM,2,0,0,36.048130,-86.713590,NOLENSVILLE PKE,,,,244.00,Feet,South,HICKORYVIEW DR,,,,0.00,N,Not at Intersection,Y,"Driveway, Alley Access, etc",None,,,         ,Samuel,Fredericks,Clear,Angle,no,no,no,no,no,False
102502144,METROPOLITAN NASHVILLE POLICE DEPT,20190666680,Davidson,Nashville,9/7/2019 11:20:00 AM,2,2,0,36.161200,-86.792680,CHARLOTTE AV,,,,0.00,,,GEORGE L DAVIS BLVD,,,,0.00,Y,Four-Way,Y,Intersection,None,,,         ,John,Jones,Clear,Angle,no,no,no,no,no,False
102502145,METROPOLITAN NASHVILLE POLICE DEPT,20190666663,Davidson,Nashville,9/7/2019 10:30:00 AM,2,0,0,36.134120,-86.773130,WEDGEWOOD AV,,,,266.00,Feet,East,LINDELL AV,,,,0.00,N,Not at Intersection, ,Non-Junction,None,,,         ,David,Barras,Clear,"Sideswipe, Same Direction",no,no,no,no,no,False
102502172,METROPOLITAN NASHVILLE POLICE DEPT,20190666784,Davidson,Nashville,9/7/2019 12:49:00 PM,4,0,0,36.162510,-86.761330,I 24,,,,0.00,,,,,,,49.30,N,Not at Intersection,N,Non-Junction,None,,,         ,Kyle,Eicholtz,Clear,Front to Rear,no,no,no,no,no,False
102502180,METROPOLITAN NASHVILLE POLICE DEPT,20190666628,Davidson,Nashville,9/7/2019 12:00:00 AM,2,0,0,36.058450,-86.741610,EDMONDSON PKE,,,,1259.00,Feet,North,MCMURRAY DR,,,,0.00,N,Not at Intersection,N,Non-Junction,None,,,         ,Raymond,Flaherty,Clear,Angle,no,no,no,yes,yes,False
102502183,GOODLETTSVILLE POLICE DEPT,19-33585,Davidson,Goodlettsville,9/6/2019 5:45:00 PM,3,0,0,36.294240,-86.718120,I 65,,,,0.00,,,,,,,94.60,N,Not at Intersection, ,Non-Junction,None,,,         ,Charles,Hauskin,Clear,Not Collision with Motor Vehicle in Transport,no,no,no,no,no,False
102502184,METROPOLITAN NASHVILLE POLICE DEPT,20190666807,Davidson,Nashville,9/7/2019 1:08:00 PM,2,0,0,36.155790,-86.789360,BROADWAY,,,,31.00,Feet,East,I40 E ENT RAMP,,,,0.00,N,Not at Intersection, ,,None,,,         ,Brent,Bauer,,,no,no,no,no,no,False
102502186,METROPOLITAN NASHVILLE POLICE DEPT,20190666697,Davidson,Nashville,9/7/2019 11:20:00 AM,2,0,0,36.132800,-86.762790,WALSH RD,,,,187.00,Feet,East,SMITH AV,,,,0.00,N,Not at Intersection, ,OtherLocation,None,,,         ,David,Barras,Clear,Angle,no,no,no,yes,no,False
102502231,METROPOLITAN NASHVILLE POLICE DEPT,20190666828,Davidson,Nashville,9/7/2019 1:00:00 PM,2,0,0,36.218160,-86.837140,CLARKSVILLE PKE,,,,127.00,Feet,South,KINGS LN,,,,0.00,N,Not at Intersection, ,Non-Junction,None,,,         ,Denarius,Lawson,Clear,Angle,no,no,no,no,no,False
102502238,METROPOLITAN NASHVILLE POLICE DEPT,20190666835,Davidson,Nashville,9/7/2019 1:44:00 PM,1,1,0,36.187830,-86.821290,CLARKSVILLE PKE,,,,100.00,Feet,East,ROSA L PARKS BLVD,,,,0.00,N,Not at Intersection,N,Non-Junction,None,,,         ,Caleb,Jernigan,Clear,Not Collision with Motor Vehicle in Transport,yes,no,no,no,no,False
102502256,METROPOLITAN NASHVILLE POLICE DEPT,20190666900,Davidson,Nashville,9/7/2019 12:00:00 AM,2,0,0,36.180430,-86.747870,ORDWAY PL,,,,39.00,Feet,East,N 12TH ST,,,,0.00,N,Not at Intersection,N,Non-Junction,None,,,         ,Gordon,Stovall,Unknown,Angle,no,no,no,no,yes,False
102502262,VANDERBILT UNIVERSITY POLICE,20190665670,Davidson,Nashville,9/6/2019 12:00:00 AM,2,0,0,36.139540,-86.810770,NATCHEZ TRC,,,,400.00,Feet,North,BLAKEMORE AV,,,,0.00,N,Not at Intersection, ,Non-Junction,None,,,         ,Alan,Reed,Clear,Rear to Rear,no,no,no,yes,no,Campus
102502311,METROPOLITAN NASHVILLE POLICE DEPT,20190666879,Davidson,Nashville,9/7/2019 2:11:00 PM,2,0,0,36.205090,-86.757240,E TRINITY LN,,,,119.00,Feet,East,JONES AV,,,,0.00,N,Not at Intersection, ,Non-Junction,None,,,         ,Wade,Johnson,Clear,"Sideswipe, Same Direction",no,no,no,no,no,False
102502319,METROPOLITAN NASHVILLE POLICE DEPT,20190666927,Davidson,Not in City Limit,9/7/2019 3:10:00 PM,1,0,0,36.282690,-86.870510,OLD HICKORY BLVD,,,,1472.00,Feet,North,SIMPKINS RD,,,,0.00,N,Not at Intersection,N,Non-Junction,None,,,         ,Cressie,Prill,Clear,Not Collision with Motor Vehicle in Transport,no,no,no,no,no,False
102502324,METROPOLITAN NASHVILLE POLICE DEPT,20190666953,Davidson,Nashville,9/7/2019 3:13:00 PM,2,0,0,36.045290,-86.723750,OLD HICKORY BLVD,,,,374.00,Feet,East,ENCLAVE CIR,,,,0.00,N,Not at Intersection,N,Non-Junction,None,,,         ,David,Lang,Clear,Front to Rear,no,no,no,no,no,False
102502333,METROPOLITAN NASHVILLE POLICE DEPT,20190666959,Davidson,Antioch,9/7/2019 3:37:00 PM,2,1,0,36.047840,-86.612050,MURFREESBORO PKE,,,,1284.00,Feet,North,MOUNTAIN SPRINGS RD,,,,0.00,N,Not at Intersection,N,Non-Junction,None,,,         ,Nathaniel,Myers,Clear,"Sideswipe, Same Direction",no,no,no,no,no,False
102502362,METROPOLITAN NASHVILLE POLICE DEPT,20190667074,Davidson,Nashville,9/7/2019 2:24:00 PM,2,0,0,36.126410,-86.710740,MURFREESBORO PKE,,,,144.00,Feet,North,THOMPSON PL,,,,0.00,N,Not at Intersection, ,Non-Junction,None,,,         ,Laura,Williams,Clear,Angle,no,no,no,yes,yes,False
102502364,METROPOLITAN NASHVILLE POLICE DEPT,20190667080,Davidson,Nashville,9/7/2019 4:30:00 PM,1,0,0,36.249280,-86.719480,US HWY 31E,,,,46.00,Feet,South,E PALESTINE AVE,,,,0.00,N,Not at Intersection, ,Non-Junction,None,,,         ,Evan,Grace,Clear,Not Collision with Motor Vehicle in Transport,no,no,no,yes,no,False
102502377,METROPOLITAN NASHVILLE POLICE DEPT,20190667089,Davidson,Nashville,9/7/2019 3:42:00 PM,2,0,0,36.042430,-86.653760,I 24,,,,0.00,,,,,,,59.75,N,Not at Intersection, ,Non-Junction,None,,,         ,YUNUS,ADAK,Clear,Front to Rear,no,no,no,no,no,False
102502397,METROPOLITAN NASHVILLE POLICE DEPT,20190667127,Davidson,Nashville,9/7/2019 5:15:00 PM,2,2,0,36.169970,-86.591750,I 40,,,,0.00,,,,,,,221.35,N,Not at Intersection,N,Non-Junction,None,,,         ,Ricki,Armstrong,Clear,Front to Rear,no,no,no,no,no,False
102502414,METROPOLITAN NASHVILLE POLICE DEPT,20190667235,Davidson,Nashville,9/7/2019 5:30:00 PM,2,0,0,36.177130,-86.807120,WHELESS ST,,,,0.00,,,16TH AVN,,,,0.00,Y,Four-Way, ,Intersection,None,,,         ,Eric,McCoy,Clear,Angle,no,no,no,no,yes,False
102502418,METROPOLITAN NASHVILLE POLICE DEPT,20190667164,Davidson,Goodlettsville,9/7/2019 4:24:00 PM,2,0,0,36.294360,-86.697000,MYATT DR,,,,30.00,Feet,South,MYATT DR PVTDR,,,,0.00,N,Not at Intersection,N,Non-Junction,None,,,         ,Peter,Vaught,Clear,"Sideswipe, Same Direction",no,no,no,no,yes,False
102502421,METROPOLITAN NASHVILLE POLICE DEPT,20190667032,Davidson,Nashville,9/7/2019 4:20:00 PM,2,0,0,36.249390,-86.719410,E PALESTINE AV,,,,0.00,,,GALLATIN PKES,,,,0.00,Y,Four-Way, ,,None,,,         ,Derek,Sibley,,,no,no,no,no,no,False
102502422,METROPOLITAN NASHVILLE POLICE DEPT,20190667227,Davidson,Nashville,9/7/2019 5:58:00 PM,2,0,0,36.075720,-86.728780,EDMONDSON PKE,,,,1075.00,Feet,West,WALLACE RD,,,,0.00,N,Not at Intersection,N,"Driveway, Alley Access, etc",None,,,         ,David,Lang,Clear,"Sideswipe, Same Direction",no,no,no,no,yes,False
102502423,METROPOLITAN NASHVILLE POLICE DEPT,20190667263,Davidson,Nashville,9/7/2019 6:48:00 PM,2,0,0,36.158990,-86.775890,DEMONBREUN ST,,,,0.00,,,4TH AVS,,,,0.00,Y,Four-Way, ,,None,,,         ,Michael,Dance,,,no,no,no,no,no,False
102502431,METROPOLITAN NASHVILLE POLICE DEPT,20190667153,Davidson,Nashville,9/7/2019 5:32:00 PM,2,0,0,36.153810,-86.857500,BRILEY PKWY,,,,50.00,Feet,South,BRILEY PKWYN,,,,0.00,N,Not at Intersection, ,Non-Junction,None,,,         ,Justin,Coyle,Clear,Front to Rear,no,no,no,no,no,False
102502442,METROPOLITAN NASHVILLE POLICE DEPT,20190667130,Davidson,Nashville,9/7/2019 10:45:00 AM,2,0,0,36.164040,-86.806030,HERMOSA ST,,,,252.00,Feet,West,19TH AVN,,,,0.00,N,Not at Intersection, ,Non-Junction,None,,,         ,Khalid,Abbady,Clear,HeadOn,no,no,no,no,yes,False
102502457,METROPOLITAN NASHVILLE POLICE DEPT,20190667224,Davidson,Nashville,9/7/2019 6:12:00 PM,2,0,0,36.146930,-86.661860,ELM HILL PKE,,,,105.00,Feet,East,AIRPORT CENTER DR,,,,0.00,N,Not at Intersection, ,Non-Junction,None,,,         ,Jason,Milyaro Lucas,Clear,"Sideswipe, Same Direction",no,no,no,no,yes,False
102502511,METROPOLITAN NASHVILLE POLICE DEPT,20190667473,Davidson,Nashville,9/7/2019 8:42:00 PM,2,0,0,36.134280,-86.774730,WEDGEWOOD AV,,,,0.00,,,I65 N ENT RAMP,,,,0.00,Y,OTHER, ,Entrance/Exit Ramp Related,None,,,         ,Douglas,Sykes,Clear,Front to Rear,no,no,no,no,no,False
102502534,METROPOLITAN NASHVILLE POLICE DEPT,20190667260,Davidson,Nashville,9/7/2019 6:46:00 PM,2,1,0,36.127310,-86.629590,BELL RD,,,,56.00,Feet,South,PRIEST WOODS DR,,,,0.00,N,Not at Intersection,N,Non-Junction,None,,,         ,Brady,Reynolds,Clear,Angle,no,no,no,no,no,False
102502535,METROPOLITAN NASHVILLE POLICE DEPT,20190667443,Davidson,Nashville,9/7/2019 8:25:00 PM,2,0,0,36.172660,-86.601910,PRINCETON PL,,,,0.00,Feet,East,OLD HICKORY BLVD,,,,0.00,N,Not at Intersection,N,Non-Junction,None,,,         ,Brady,Reynolds,Clear,HeadOn,no,no,no,no,no,False
102502567,METROPOLITAN NASHVILLE POLICE DEPT,20190667482,Davidson,Nashville,9/7/2019 8:46:00 PM,2,2,0,36.169360,-86.679890,LEBANON PKE,,,,0.00,,,MCGAVOCK PKE,,,,0.00,Y,Four-Way,N,Intersection,None,,,         ,Gregory,Cenicola,Clear,Angle,no,no,no,no,no,False
102502635,METROPOLITAN NASHVILLE POLICE DEPT,20190667513,Davidson,Nashville,9/7/2019 9:01:00 PM,2,2,0,36.049980,-86.649500,BELL RD,,,,0.00,,,MT VIEW RD,,,,0.00,Y,Four-Way,N,Intersection,None,,,         ,Andrew,Brazee,Clear,"Sideswipe, Opposite Direction",no,no,no,no,no,False
102502644,METROPOLITAN NASHVILLE POLICE DEPT,20190667548,Davidson,Nashville,9/7/2019 9:22:00 PM,2,0,0,36.108000,-86.812540,HILLSBORO PKE,,,,75.00,Feet,North,GREEN HILLS VILLAGE DR,,,,0.00,N,Not at Intersection, ,Non-Junction,None,,,         ,Justin,Coyle,Clear,Front to Rear,no,no,no,no,no,False
102502648,METROPOLITAN NASHVILLE POLICE DEPT,20190667576,Davidson,Nashville,9/7/2019 7:48:00 PM,2,0,0,36.172380,-86.773820,N 1ST ST,,,,743.00,Feet,South,MAIN ST,,,,0.00,N,Not at Intersection,N,Non-Junction,None,,,         ,Jordan,Vrbas,Clear,Other,no,no,no,yes,yes,False
102502651,METROPOLITAN NASHVILLE POLICE DEPT,20190667041,Davidson,Nashville,9/7/2019 4:26:00 PM,2,2,0,36.179380,-86.644270,LEBANON PKE,,,,228.00,Feet,South,DANYACREST DR,,,,0.00,N,Not at Intersection,N,Non-Junction,None,,,         ,Torry,Hill,Clear,Front to Rear,no,no,no,no,no,False
102502652,METROPOLITAN NASHVILLE POLICE DEPT,20190667570,Davidson,Nashville,9/7/2019 9:33:00 PM,2,1,0,36.149470,-86.798200,US HWY 431,,,,76.00,Feet,South,20TH AVE S,,,,0.00,N,Not at Intersection,N,Non-Junction,None,,,         ,Thomas,Broatch,Clear,Front to Rear,no,no,no,no,no,Campus
102502699,METROPOLITAN NASHVILLE POLICE DEPT,20190667651,Davidson,Nashville,9/7/2019 10:30:00 PM,3,1,0,36.053660,-86.715020,NOLENSVILLE PKE,,,,0.00,,,BREWER DR,,,,0.00,Y,Four-Way,N,Intersection-Related,None,,,         ,Eric,Wegener,Clear,Front to Rear,no,no,no,no,no,False
102502718,METROPOLITAN NASHVILLE POLICE DEPT,20190667771,Davidson,Not in City Limit,9/7/2019 11:35:00 PM,2,0,0,36.264190,-86.735700,-- UNKNOWN RAMP/ROAD --,,,,0.00,,East,STATE HWY 45,,,,0.00,N,Not at Intersection, ,Entrance/Exit Ramp Related,None,,,         ,Reagan,Heath,Clear,Front to Rear,no,no,no,no,no,False
102502731,METROPOLITAN NASHVILLE POLICE DEPT,20190667782,Davidson,Nashville,9/7/2019 11:59:00 PM,2,0,0,36.155650,-86.789720,14TH AVS,,,,0.00,Feet,,BROADWAY,,,,0.00,Y,Four-Way, ,Intersection,None,,,         ,Dakota,Vermillion,Clear,Angle,no,no,no,no,no,False
102502737,METROPOLITAN NASHVILLE POLICE DEPT,20190667753,Davidson,Nashville,9/7/2019 11:43:00 PM,2,0,0,36.153070,-86.848610,51ST AVN,,,,0.00,,,ALABAMA AV,,,,0.00,Y,Four-Way, ,Intersection-Related,None,,,         ,Sekou,Samassi,Clear,Angle,no,no,no,no,no,False
102502742,METROPOLITAN NASHVILLE POLICE DEPT,20190667744,Davidson,Nashville,9/7/2019 11:25:00 PM,2,0,0,36.121870,-86.750640,NOLENSVILLE PKE,,,,48.00,Feet,North,I440 E EXT RAMP,,,,0.00,N,Not at Intersection,Y,Entrance/Exit Ramp Related,None,,,         ,Teresah,Pinho,Clear,Front to Rear,no,no,no,no,yes,False
102502745,METROPOLITAN NASHVILLE POLICE DEPT,20190667859,Davidson,Nashville,9/8/2019 12:20:00 AM,2,0,0,36.044550,-86.658530,I24 E ENT RAMP,,,,0.00,,,I 24,,,,0.00,Y,OTHER,N,Entrance/Exit Ramp Related,None,,,         ,Holly,Davis,Clear,Front to Rear,no,no,no,no,yes,False
102502753,METROPOLITAN NASHVILLE POLICE DEPT,20190667648,Davidson,Nashville,9/7/2019 10:20:00 PM,2,1,0,36.048800,-86.713670,NOLENSVILLE PKE,,,,0.00,,,HICKORYVIEW DR,,,,0.00,Y,T-Intersection,Y,Intersection,None,,,         ,Justan,Vance,Clear,Angle,no,no,no,no,no,False
102502756,METROPOLITAN NASHVILLE POLICE DEPT,20190667907,Davidson,Antioch,9/7/2019 10:29:00 PM,2,0,0,36.050150,-86.606910,PIN HOOK RD,,,,227.00,Feet,West,GROVEDALE TRC,,,,0.00,N,Not at Intersection,N,"Driveway, Alley Access, etc",None,,,         ,Holly,Davis,Clear,Front to Rear,no,no,no,no,yes,False
102502757,METROPOLITAN NASHVILLE POLICE DEPT,20190668040,Davidson,Nashville,9/8/2019 2:00:00 AM,2,0,0,36.149330,-86.797730,DIVISION ST,,,,135.00,Feet,South,BROADWAY,,,,0.00,N,Not at Intersection, ,Non-Junction,None,,,         ,Dakota,Vermillion,Clear,"Sideswipe, Same Direction",no,no,no,no,no,False
102502766,METROPOLITAN NASHVILLE POLICE DEPT,20190667867,Davidson,Nashville,9/8/2019 12:50:00 AM,1,0,0,36.239360,-86.751540,I65 N EXT RAMP,,,,0.00,Feet,East,I 65,,,,0.00,N,Not at Intersection,Y,Entrance/Exit Ramp Related,None,,,         ,Landon,Bagwell,Clear,Unknown,no,no,no,no,no,False
102502768,METROPOLITAN NASHVILLE POLICE DEPT,20190668038,Davidson,Not in City Limit,9/7/2019 12:43:00 AM,2,0,0,36.259400,-86.684900,WARRIOR RD,,,,0.00,Feet,,LARKIN SPRINGS RD,,,,0.00,Y,Four-Way,Y,Intersection-Related,None,,,         ,Reuben,Hewit,Clear,Angle,no,no,no,no,yes,False
102502772,METROPOLITAN NASHVILLE POLICE DEPT,20190667650,Davidson,Nashville,9/7/2019 10:10:00 PM,2,1,0,36.052210,-86.644910,EAGLE VIEW BLVD,,,,0.00,Feet,,BELL RD,,,,0.00,Y,T-Intersection,N,Intersection-Related,None,,,         ,David,Moser,Clear,Front to Rear,no,no,no,no,no,False
102502774,METROPOLITAN NASHVILLE POLICE DEPT,20190668041,Davidson,Nashville,9/8/2019 2:00:00 AM,2,1,0,36.142830,-86.683140,I 40,,,,0.00,,,,,,,215.70,N,Not at Intersection,N,Non-Junction,None,,,         ,Carey,Steel,Clear,Front to Rear,no,no,no,no,yes,False
102502789,METROPOLITAN NASHVILLE POLICE DEPT,20190668123,Davidson,Nashville,9/8/2019 3:20:00 AM,2,0,0,36.185680,-86.691370,BRILEY PKWYS,,,,336.00,Feet,South,BRILEY PKWYN,,,,0.00,N,Not at Intersection,N,Non-Junction,None,,,         ,Joshua,Dale,Clear,Front to Rear,no,no,no,no,no,False
102502791,METROPOLITAN NASHVILLE POLICE DEPT,20190668136,Davidson,Nashville,9/8/2019 3:35:00 AM,2,1,0,36.071940,-86.691560,I24 E EXT RAMP,,,,0.00,Feet,East,I 24,,,,0.00,N,Not at Intersection,Y,Entrance/Exit Ramp Related,None,,,         ,Holly,Davis,Clear,"Sideswipe, Same Direction",no,no,no,no,yes,False
102502792,METROPOLITAN NASHVILLE POLICE DEPT,20190667854,Davidson,Nashville,9/8/2019 12:00:00 AM,2,0,0,36.192670,-86.744370,GALLATIN AVE,,,,0.00,,,DOUGLAS AVE,,,,0.00,Y,Four-Way,N,Intersection,None,,,         ,James,Wells Jr.,Clear,Angle,no,no,no,no,yes,False
102502820,METROPOLITAN NASHVILLE POLICE DEPT,20190668215,Davidson,Nashville,9/8/2019 4:30:00 AM,1,0,0,36.195610,-86.711800,PORTER RD,,,,36.00,Feet,East,DUGGER DR,,,,0.00,N,Not at Intersection,N,OtherLocation,None,,,         ,Douglas,Smith,Clear,Not Collision with Motor Vehicle in Transport,no,no,no,no,no,False
102502822,METROPOLITAN NASHVILLE POLICE DEPT,20190668166,Davidson,Nashville,9/8/2019 4:00:00 AM,2,0,0,36.187050,-86.769250,CLEVELAND ST,,,,58.00,Feet,East,STOCKELL ST,,,,0.00,N,Not at Intersection, ,Non-Junction,None,,,         ,Joshua,Whitworth,Clear,"Sideswipe, Opposite Direction",no,no,no,no,yes,False
102502825,METROPOLITAN NASHVILLE POLICE DEPT,20190667952,Davidson,Nashville,9/8/2019 12:00:00 AM,2,0,0,36.045180,-86.699940,BELL RD,,,,514.00,Feet,East,BENZING RD,,,,0.00,N,Not at Intersection,N,Non-Junction,None,,,         ,Carey,Steel,Clear,"Sideswipe, Opposite Direction",no,no,no,yes,yes,False
102502826,METROPOLITAN NASHVILLE POLICE DEPT,20190668058,Davidson,Nashville,9/8/2019 1:05:00 AM,2,1,0,36.129850,-86.714270,MILLWOOD DR,,,,182.00,Feet,North,MURFREESBORO PKE,,,,0.00,N,Not at Intersection,N,Non-Junction,None,,,         ,Carey,Steel,Cloudy,Rear to Side,no,no,no,no,yes,False
102502832,METROPOLITAN NASHVILLE POLICE DEPT,2019-0668232,Davidson,Nashville,9/8/2019 12:00:00 AM,1,0,0,36.231670,-86.695400,PENNINGTON BEND RD,,,,57.00,Feet,East,BARTON LN,,,,0.00,N,Not at Intersection,N,Non-Junction,None,,,         ,Joshua,McGarvey,Clear,Unknown,no,no,no,no,yes,False
102502844,BERRY HILL POLICE DEPT,19-3744,Davidson,Berry Hill,9/7/2019 12:48:00 PM,3,0,0,36.125700,-86.776910,FRANKLIN PKE,,,,186.00,Feet,South,CRAIGHEAD ST,,,,0.00,N,Not at Intersection, ,Non-Junction,None,,,         ,Rick,Willliams,Clear,Front to Rear,no,no,no,no,no,False
102502846,METROPOLITAN NASHVILLE POLICE DEPT,20190668206,Davidson,Nashville,9/8/2019 12:00:00 AM,2,0,0,36.045190,-86.713240,NOLENSVILLE PKE,,,,64.00,Feet,South,OLD HICKORY BLVD,,,,0.00,N,Not at Intersection,N,Non-Junction,None,,,         ,Carey,Steel,Clear,Front to Rear,no,no,no,no,yes,False
102502847,METROPOLITAN NASHVILLE POLICE DEPT,20190666667,Davidson,Goodlettsville,9/7/2019 10:45:00 AM,2,0,0,36.300010,-86.696240,GALLATIN PKEN,,,,134.00,Feet,East,CUDE LN,,,,0.00,N,Not at Intersection, ,"Driveway, Alley Access, etc",None,,,         ,Brandon,Bilbrey,Clear,Angle,no,no,no,no,no,False
102502855,METROPOLITAN NASHVILLE POLICE DEPT,20190666759,Davidson,Nashville,9/7/2019 12:00:00 AM,2,1,0,36.158410,-86.790610,GEORGE L DAVIS BLVD,,,,0.00,Feet,,CHURCH ST,,,,0.00,Y,Four-Way,N,Intersection-Related,None,,,         ,Jacob,Robbins,Clear,Angle,no,no,no,no,no,False
102502865,METROPOLITAN NASHVILLE POLICE DEPT,20190668398,Davidson,Nashville,9/8/2019 12:00:00 AM,1,0,0,36.098360,-86.720420,MCCALL ST,,,,8.00,Feet,West,GLENCLIFF RD,,,,0.00,N,Not at Intersection,N,Non-Junction,Unknown,,,         ,Nopel,Stella,Unknown,Not Collision with Motor Vehicle in Transport,no,no,no,no,yes,False
102502892,METROPOLITAN NASHVILLE POLICE DEPT,20190668350,Davidson,Antioch,9/8/2019 6:54:00 AM,2,2,0,36.004920,-86.621820,OLD HICKORY BLVD,,,,0.00,,,BURKITT RD,,,,0.00,Y,T-Intersection,N,Intersection,None,,,         ,Brandon,Evans,Clear,Angle,no,no,no,no,no,False