master_record_number,agency,agency_tracking_number,county,city,collision_date,vehicles_involved,number_injured,number_dead,latitude,longitude,roadway_name,roadway_suffix,roadway_number,roadway_local_id,distance_from_reference,miles-feet_indicator,direction_from_reference,intersection_road_name,intersection_road_name_suffix,intersection_road_number,intersection_local_id,mile_marker,intersection_indicator,intersect_type,interchange_related_indicator,relation_to_junction,work_zone_type,construction_maintenance_zone,construction_maintenance_zone_location,fatal_case_number,officer_first_name,officer_last_name,weather_condition(s),manner_of_crash,pedestrian,bicycle,scooter,parking,hitrun,mou
102503844,METROPOLITAN NASHVILLE POLICE DEPT,20190670170,Davidson,Nashville,9/9/2019 7:28:00 AM,2,1,0,36.037340,-86.787150,OLD HICKORY BLVD,,,,174.00,Feet,West,FRANKLIN PKE,,,,0.00,N,Not at Intersection,N,Non-Junction,None,,,         ,David,Barras,Clear,Front to Rear,no,no,no,no,no,False
102503853,METROPOLITAN NASHVILLE POLICE DEPT,20190670436,Davidson,Nashville,9/9/2019 9:55:00 AM,1,3,0,36.054900,-86.637680,ZELIDA AV,,,,331.00,Feet,West,HAMILTON CHURCH RD,,,,0.00,N,Not at Intersection,N,Non-Junction,None,,,         ,Adam,Warren,Clear,Not Collision with Motor Vehicle in Transport,no,no,no,no,no,False
102503858,METROPOLITAN NASHVILLE POLICE DEPT,20190670304,Davidson,Nashville,9/9/2019 8:40:00 AM,1,1,0,36.146100,-86.870730,CHARLOTTE PKE,,,,0.00,,,WESTBORO DR,,,,0.00,Y,T-Intersection,N,Intersection,None,,,         ,Curtis,Rich,Clear,Not Collision with Motor Vehicle in Transport,yes,no,no,no,no,False
102503859,METROPOLITAN NASHVILLE POLICE DEPT,20190670332,Davidson,Nashville,9/9/2019 8:34:00 AM,2,0,0,36.113950,-86.810880,WOODMONT BLVD,,,,0.00,,,HILLSBORO PKE,,,,0.00,Y,Four-Way,N,Intersection,None,,,         ,Justin,Pinkelton,Clear,Front to Rear,no,no,no,no,no,False
102503875,METROPOLITAN NASHVILLE POLICE DEPT,20190670143,Davidson,Nashville,9/9/2019 7:33:00 AM,2,0,0,36.081100,-86.715450,HARDING PL,,,,100.00,Feet,West,HUMBER DR,,,,0.00,N,Not at Intersection, ,Non-Junction,None,,,         ,Stanley,Collins,Clear,Front to Rear,no,no,no,no,no,False
102503882,METROPOLITAN NASHVILLE POLICE DEPT,20190670508,Davidson,Not in City Limit,9/9/2019 10:40:00 AM,2,0,0,36.260820,-86.712690,GALLATIN PKES,,,,159.00,Feet,South,MAPLE ST,,,,0.00,N,Not at Intersection,N,OtherLocation,None,,,         ,Brian,Otto,Clear,Angle,no,no,no,no,yes,False
102503895,METROPOLITAN NASHVILLE POLICE DEPT,20190670538,Davidson,Nashville,9/9/2019 10:47:00 AM,3,0,0,36.195300,-86.743000,GALLATIN AV,,,,117.00,Feet,North,CHESTER AV,,,,0.00,N,Not at Intersection,N,Non-Junction,None,,,         ,Michael,Agee,Clear,Front to Rear,no,no,no,no,no,False
102503931,METROPOLITAN NASHVILLE POLICE DEPT,20190670606,Davidson,Nashville,9/9/2019 11:38:00 AM,2,0,0,36.182270,-86.607960,ANDREW JACKSON WAY,,,,0.00,,,OLD HICKORY BLVD,,,,0.00,Y,Four-Way,N,Intersection-Related,None,,,         ,Tien,Nguyen,Clear,"Sideswipe, Same Direction",no,no,no,no,yes,False
102503932,METROPOLITAN NASHVILLE POLICE DEPT,20190670517,Davidson,Nashville,9/9/2019 10:35:00 AM,2,0,0,36.118690,-86.801450,I 440,,,,0.00,,,,,,,3.10,N,Not at Intersection,N,Non-Junction,Construction Zone,Work On Shoulder Or Median,Activity Area,         ,Steven,Begley,Clear,"Sideswipe, Same Direction",no,no,no,no,yes,False
102503937,METROPOLITAN NASHVILLE POLICE DEPT,20190670443,Davidson,Nashville,9/9/2019 9:55:00 AM,2,0,0,36.158360,-86.774710,ALMOND ST,,,,46.00,Feet,South,MOLLOY ST,,,,0.00,N,Not at Intersection, ,Non-Junction,Construction Zone,,,         ,Cody,O'Quinn,Clear,"Sideswipe, Opposite Direction",no,no,no,no,no,False
102503939,METROPOLITAN NASHVILLE POLICE DEPT,20190670514,Davidson,Nashville,9/9/2019 10:45:00 AM,2,0,0,36.179630,-86.810860,DR D B TODD JR BLVD,,,,169.00,Feet,South,BUCHANAN ST,,,,0.00,N,Not at Intersection, ,Non-Junction,None,,,         ,Wesley,Young,Clear,Angle,no,no,no,no,no,False
102503942,METROPOLITAN NASHVILLE POLICE DEPT,20190670662,Davidson,Madison,9/9/2019 11:50:00 AM,2,0,0,36.263070,-86.711920,STATE RT 45,,,,0.00,Feet,East,GALLATIN PKEN,,,,0.00,N,Not at Intersection, ,,None,,,         ,Ryan,Russell,,,no,no,no,no,no,False
102503943,METROPOLITAN NASHVILLE POLICE DEPT,20190670705,Davidson,Nashville,9/9/2019 12:25:00 PM,2,1,0,36.106530,-86.755800,SIDCO DR,,,,600.00,Feet,South,FONTANA AV,,,,0.00,N,Not at Intersection,N,Non-Junction,None,,,         ,Justin,Pinkelton,Clear,Angle,no,no,no,no,no,False
102503976,METROPOLITAN NASHVILLE POLICE DEPT,20190670557,Davidson,Nashville,9/9/2019 11:04:00 AM,2,0,0,36.151340,-86.796120,BROADWAY,,,,164.00,Feet,North,19TH AVS,,,,0.00,N,Not at Intersection, ,Non-Junction,None,,,         ,Devin,Mabry,Clear,"Sideswipe, Opposite Direction",no,no,no,no,no,False
102503980,METROPOLITAN NASHVILLE POLICE DEPT,2019-0670545,Davidson,Nashville,9/9/2019 10:50:00 AM,2,0,0,36.154410,-86.816090,CHARLOTTE AV,,,,138.00,Feet,West,26TH AVN,,,,0.00,N,Not at Intersection, ,Non-Junction,None,,,         ,Po,Cheng,Clear,Front to Rear,no,no,no,no,no,False
102503981,TENNESSEE STATE UNIVERSITY ,19-TSU-42011,Davidson,Nashville,9/9/2019 11:30:00 AM,2,0,0,36.169940,-86.818470,W HEIMAN ST,,,,839.00,Feet,East,ED TEMPLE BLVD,,,,0.00,N,Not at Intersection,N,OtherLocation,None,,,         ,Ashley,Boleyjack,Clear,Unknown,no,no,no,no,yes,False
102503982,METROPOLITAN NASHVILLE POLICE DEPT,20190665755,Davidson,Nashville,9/6/2019 10:00:00 PM,2,0,0,36.160530,-86.778300,BROADWAY,,,,46.00,Feet,East,5TH AVS,,,,0.00,N,Not at Intersection, ,Non-Junction,None,,,         ,Cody,O'Quinn,Clear,Front to Rear,no,no,no,no,no,False
102503990,METROPOLITAN NASHVILLE POLICE DEPT,20190670766,Davidson,Nashville,9/9/2019 12:34:00 PM,2,0,0,36.196280,-86.742460,GALLATIN AV,,,,116.00,Feet,North,CAHAL AV,,,,0.00,N,Not at Intersection,N,Non-Junction,None,,,         ,Dillon,Hunt,Clear,"Sideswipe, Same Direction",no,no,no,no,no,False
102504003,METROPOLITAN NASHVILLE POLICE DEPT,20190670825,Davidson,Nashville,9/9/2019 12:07:00 PM,2,0,0,36.234240,-86.718850,BRILEY PKWYE,,,,420.00,Feet,East,BRILEY PKWYW,,,,0.00,N,Not at Intersection, ,,None,,,         ,Ethan,Usherwood,,,no,no,no,no,no,False
102504012,METROPOLITAN NASHVILLE POLICE DEPT,20190670862,Davidson,Antioch,9/9/2019 12:30:00 PM,2,1,0,36.042760,-86.606990,RAMP,,,,0.00,Feet,East,STATE HWY 171,,,,0.00,N,Not at Intersection,N,Non-Junction,None,,,         ,Jessie,Meadows,Clear,Front to Rear,no,no,no,no,yes,False
102504013,METROPOLITAN NASHVILLE POLICE DEPT,20190670830,Davidson,Nashville,9/9/2019 11:46:00 AM,2,0,0,36.203550,-86.738530,GALLATIN PKE,,,,0.00,Feet,West,E TRINITY LN,,,,0.00,N,Not at Intersection, ,Non-Junction,None,,,         ,Faye,Denson,Clear,Angle,no,no,no,no,no,False
102504016,METROPOLITAN NASHVILLE POLICE DEPT,20190670808,Davidson,Nashville,9/9/2019 12:00:00 AM,2,0,0,36.125760,-86.789010,CARUTHERS AV,,,,89.00,Feet,East,12TH AVS,,,,0.00,N,Not at Intersection,N,Non-Junction,None,,,         ,Steven,Begley,Clear,Rear to Side,no,no,no,yes,yes,False
102504019,METROPOLITAN NASHVILLE POLICE DEPT,20190670914,Davidson,Nashville,9/9/2019 2:10:00 PM,1,1,0,36.143750,-86.730450,ELM HILL PKE,,,,0.00,,,ARLINGTON AV,,,,0.00,Y,T-Intersection,N,Intersection-Related,None,,,         ,Tien,Nguyen,Clear,Not Collision with Motor Vehicle in Transport,no,no,no,no,no,False
102504024,METROPOLITAN NASHVILLE POLICE DEPT,20190670800,Davidson,Nashville,9/9/2019 12:50:00 PM,2,4,0,36.128760,-86.760370,SEMINOLE AV,,,,0.00,,,CRAIGHEAD ST,,,,0.00,Y,T-Intersection,N,Intersection,None,,,         ,David,Barras,Clear,Front to Rear,no,no,no,no,no,False
102504031,VANDERBILT UNIVERSITY POLICE,20190670798,Davidson,Nashville,9/9/2019 12:35:00 PM,3,0,0,36.143560,-86.794910,EDGEHILL AV,,,,0.00,,,,,,,0.00,,Not at Intersection, ,Non-Junction,None,,,         ,O'Darra,Beauvais,Clear,Front to Rear,no,no,no,no,yes,Campus
102504032,METROPOLITAN NASHVILLE POLICE DEPT,20190670065,Davidson,Nashville,9/9/2019 6:58:00 AM,2,1,0,36.191930,-86.782280,I 65,,,,0.00,,,,,,,86.20,N,Not at Intersection,N,Non-Junction,None,,,         ,Fabjan,Llukaj,Clear,Front to Rear,no,no,no,no,no,False
102504033,METROPOLITAN NASHVILLE POLICE DEPT,20190670284,Davidson,Not in City Limit,9/9/2019 8:31:00 AM,1,1,0,36.272720,-86.832150,WHITES CREEK PKE,,,,2586.00,Feet,North,OLD HICKORY BLVD,,,,0.00,N,Not at Intersection,N,Non-Junction,None,,,         ,Fabjan,Llukaj,Clear,Not Collision with Motor Vehicle in Transport,no,no,no,no,no,False
102504091,METROPOLITAN NASHVILLE POLICE DEPT,20190670974,Davidson,Nashville,9/9/2019 2:31:00 PM,2,0,0,36.049270,-86.658080,HICKORY HOLLOW MALL PVTDR PL,,,,0.00,Feet,East,HICKORY HOLLOW PKWY,,,,0.00,N,Not at Intersection,N,Non-Junction,None,,,         ,Nathaniel,Myers,Clear,Angle,no,no,no,yes,yes,False
102504092,METROPOLITAN NASHVILLE POLICE DEPT,20190671036,Davidson,Nashville,9/9/2019 3:05:00 PM,2,0,0,36.045860,-86.674900,BELL RD,,,,169.00,Feet,West,BLUE HOLE RD,,,,0.00,N,Not at Intersection, ,Non-Junction,None,,,         ,Nathaniel,Myers,Clear,"Sideswipe, Same Direction",no,no,no,no,no,False
102504097,METROPOLITAN NASHVILLE POLICE DEPT,20190671001,Davidson,Nashville,9/9/2019 1:53:00 PM,2,0,0,36.127030,-86.804010,BEECHWOOD AV,,,,0.00,,,21ST AVS,,,,0.00,Y,T-Intersection, ,,None,,,         ,FELIKS,ABRAHAMYAN,,,no,no,no,no,no,False
102504103,METROPOLITAN NASHVILLE POLICE DEPT,20190670925,Davidson,Nashville,9/9/2019 2:24:00 PM,2,0,0,36.193660,-86.831220,CLARKSVILLE PKE,,,,0.00,Feet,West,BUENA VISTA PKE,,,,0.00,N,Not at Intersection, ,Non-Junction,None,,,         ,Justin,Vaughn,Clear,"Sideswipe, Opposite Direction",no,no,no,yes,no,False
102504109,METROPOLITAN NASHVILLE POLICE DEPT,2019-0670823,Davidson,Nashville,9/9/2019 1:15:00 PM,2,0,0,36.147110,-86.808100,WEST END AV,,,,93.00,Feet,East,25TH AVS,,,,0.00,N,Not at Intersection,N,Non-Junction,None,,,         ,Po,Cheng,Clear,Other,no,no,no,no,yes,Campus
102504112,METROPOLITAN NASHVILLE POLICE DEPT,20190671077,Davidson,Nashville,9/9/2019 3:37:00 PM,2,0,0,36.143140,-86.666650,DONELSON PKE,,,,310.00,Feet,North,I40 W ENT RAMP,,,,0.00,N,Not at Intersection, ,Non-Junction,None,,,         ,Thomas,Odom,Clear,Angle,no,no,no,no,no,False
102504115,METROPOLITAN NASHVILLE POLICE DEPT,20190671147,Davidson,Nashville,9/9/2019 2:37:00 PM,2,0,0,36.153840,-86.788570,14TH AVS,,,,106.00,Feet,North,DEMONBREUN ST,,,,0.00,N,Not at Intersection,N,Non-Junction,None,,,         ,Randall,Ward,Clear,Other,no,no,no,yes,yes,False
102504116,METROPOLITAN NASHVILLE POLICE DEPT,20190671108,Davidson,Not in City Limit,9/9/2019 1:55:00 PM,2,0,0,36.307000,-86.685400,GALLATIN PKEN,,,,195.00,Feet,West,NORTHSIDE MARKETPLACE PVTDR,,,,0.00,N,Not at Intersection,N,Non-Junction,None,,,         ,Christopher,Littles,Clear,Rear to Side,no,no,no,yes,yes,False
102504119,GOODLETTSVILLE POLICE DEPT,19-33913,Davidson,Goodlettsville,9/9/2019 3:30:00 PM,2,1,0,36.295810,-86.715920,I 65,,,,0.00,,,,,,,94.80,N,Not at Intersection,N,Non-Junction,None,,,         ,Daniel,Knalls,Clear,Front to Rear,no,no,no,no,no,False
102504143,METROPOLITAN NASHVILLE POLICE DEPT,20190671082,Davidson,Nashville,9/9/2019 2:22:00 PM,2,0,0,36.148300,-86.760870,LAFAYETTE ST,,,,101.00,Feet,East,CLAIBORNE ST,,,,0.00,N,Not at Intersection,N,Non-Junction,None,,,         ,Jesse,Cox,Clear,Angle,no,no,no,no,yes,False
102504152,METROPOLITAN NASHVILLE POLICE DEPT,20190671109,Davidson,Not in City Limit,9/9/2019 3:52:00 PM,1,0,0,36.299040,-86.811570,I 24,,,,0.00,,,,,,,38.85,N,Not at Intersection, ,Non-Junction,None,,,         ,Brian,Woodard,Clear,Not Collision with Motor Vehicle in Transport,no,no,no,no,no,False
102504168,METROPOLITAN NASHVILLE POLICE DEPT,20190671044,Davidson,Nashville,9/9/2019 3:09:00 PM,2,0,0,36.123950,-86.810470,I440 W ENT RAMP,,,,0.00,,,I 440,,,,0.00,Y,OTHER, ,Entrance/Exit Ramp Related,None,,,         ,Douglas,Sykes,Clear,"Sideswipe, Same Direction",no,no,no,no,no,False
102504176,METROPOLITAN NASHVILLE POLICE DEPT,20190671261,Davidson,Nashville,9/9/2019 5:06:00 PM,2,0,0,36.155940,-86.789010,BROADWAY,,,,52.00,Feet,West,I40 W ENT RAMP,,,,0.00,N,Not at Intersection, ,,None,,,         ,Timothy,Mead,,,no,no,no,no,no,False
102504177,METROPOLITAN NASHVILLE POLICE DEPT,20190660398,Davidson,Nashville,9/4/2019 7:15:00 PM,2,0,0,36.167860,-86.820760,ED TEMPLE BLVD,,,,24.00,Feet,North,JEFFERSON ST,,,,0.00,N,Not at Intersection, ,Non-Junction,None,,,         ,Justin,Vaughn,Clear,Angle,no,no,no,no,no,False
102504178,METROPOLITAN NASHVILLE POLICE DEPT,20190671178,Davidson,Nashville,9/9/2019 3:29:00 PM,2,2,0,36.200580,-86.824510,BUENA VISTA PKE,,,,551.00,Feet,East,EAST LN,,,,0.00,N,Not at Intersection, ,Non-Junction,None,,,         ,Justin,Vaughn,Clear,Angle,no,no,no,no,no,False
102504180,METROPOLITAN NASHVILLE POLICE DEPT,20190671258,Davidson,Nashville,9/9/2019 4:45:00 PM,2,0,0,36.110020,-86.720840,BRILEY PKWYS,,,,80.00,Feet,West,I24 W EXT RAMP,,,,0.00,N,Not at Intersection, ,,None,,,         ,Jesse,Cox,,,no,no,no,no,no,False
102504193,GOODLETTSVILLE POLICE DEPT,19-33916,Davidson,Goodlettsville,9/9/2019 4:45:00 PM,2,1,0,36.309420,-86.695530,VIETNAM VETERANS BLVD SB EXT R,,,,0.00,Feet,,CONFERENCE DR,,,,0.00,Y,T-Intersection,N,Entrance/Exit Ramp Related,None,,,         ,Marcus,Zugelder,Clear,Front to Rear,no,no,no,no,no,False
102504213,METROPOLITAN NASHVILLE POLICE DEPT,20190671370,Davidson,Nashville,9/9/2019 5:26:00 PM,2,0,0,36.107980,-86.812560,HILLSBORO PKE,,,,70.00,Feet,North,GREEN HILLS VILLAGE DR,,,,0.00,N,Not at Intersection, ,Non-Junction,None,,,         ,Randy,Puckett,Clear,Front to Rear,no,no,no,no,no,False
102504215,METROPOLITAN NASHVILLE POLICE DEPT,20190671285,Davidson,Nashville,9/9/2019 5:01:00 PM,2,0,0,36.109760,-86.732830,THOMPSON LN,,,,199.00,Feet,West,SELENA DR,,,,0.00,N,Not at Intersection, ,,None,,,         ,Jesse,Cox,,,no,no,no,no,no,False
102504217,METROPOLITAN NASHVILLE POLICE DEPT,20190671349,Davidson,Nashville,9/9/2019 3:40:00 PM,3,0,0,36.125640,-86.752490,NOLENSVILLE PKE,,,,85.00,Feet,South,GLENROSE AV,,,,0.00,N,Not at Intersection,N,Non-Junction,None,,,         ,Conor,Cronin,Clear,Front to Rear,no,no,no,no,yes,False
102504222,METROPOLITAN NASHVILLE POLICE DEPT,20190671321,Davidson,Nashville,9/9/2019 5:35:00 PM,2,0,0,36.086780,-86.771940,FRANKLIN PKE,,,,75.00,Feet,North,HARDING PL,,,,0.00,N,Not at Intersection, ,,None,,,         ,FELIKS,ABRAHAMYAN,,,no,no,no,no,no,False
102504226,VANDERBILT UNIVERSITY POLICE,20190671187,Davidson,Nashville,9/9/2019 4:14:00 PM,2,0,0,36.141240,-86.814470,31ST AVS,,,,0.00,,,VANDERBILT PL,,,,0.00,Y,Four-Way, ,Intersection,None,,,         ,O'Darra,Beauvais,Clear,Front to Rear,no,no,no,no,no,Campus
102504228,METROPOLITAN NASHVILLE POLICE DEPT,20190671272,Davidson,Goodlettsville,9/9/2019 4:46:00 PM,2,0,0,36.300210,-86.695910,GALLATIN PKEN,,,,254.00,Feet,East,CUDE LN,,,,0.00,N,Not at Intersection, ,Non-Junction,None,,,         ,Christopher,Littles,Clear,Angle,no,no,no,no,no,False
102504229,METROPOLITAN NASHVILLE POLICE DEPT,20190671331,Davidson,Not in City Limit,9/9/2019 5:30:00 PM,2,0,0,36.264120,-86.725150,OLD HICKORY BLVDW,,,,0.00,,,BEVERLY DR,,,,0.00,Y,T-Intersection,N,Intersection,None,,,         ,Christopher,Littles,Clear,Angle,no,no,no,no,no,False
102504240,METROPOLITAN NASHVILLE POLICE DEPT,20190671002,Davidson,Nashville,9/9/2019 3:00:00 PM,2,0,0,36.086580,-86.698290,HARDING PL,,,,124.00,Feet,East,I24 W ENT RAMP,,,,0.00,N,Not at Intersection, ,Non-Junction,None,,,         ,Sean,Weaver,Clear,Front to Rear,no,no,no,no,no,False
102504263,METROPOLITAN NASHVILLE POLICE DEPT,20190671266,Davidson,Nashville,9/9/2019 3:20:00 PM,3,1,0,36.037400,-86.786570,FRANKLIN PKE,,,,0.00,,,OLD HICKORY BLVD,,,,0.00,Y,Four-Way, ,Intersection,None,,,         ,Heather,Fox,Clear,Front to Rear,no,no,no,no,no,False
102504264,METROPOLITAN NASHVILLE POLICE DEPT,20190671470,Davidson,Nashville,9/9/2019 3:15:00 PM,2,0,0,36.146740,-86.808210,25TH AVS,,,,96.00,Feet,South,WEST END AV,,,,0.00,N,Not at Intersection,N,Non-Junction,None,,,         ,Jesse,Cox,Clear,Unknown,no,no,no,no,yes,Campus
102504272,METROPOLITAN NASHVILLE POLICE DEPT,20190671399,Davidson,Nashville,9/9/2019 6:14:00 PM,3,0,0,36.151960,-86.753100,I 40,,,,0.00,,,,,,,211.40,N,Not at Intersection,N,Non-Junction,None,,,         ,Steven,Powers,Cloudy,Front to Rear,no,no,no,no,yes,False
102504283,METROPOLITAN NASHVILLE POLICE DEPT,20190671475,Davidson,Nashville,9/9/2019 6:30:00 PM,2,1,0,36.193710,-86.816920,MAINSTREAM DR,,,,604.00,Feet,North,US HWY 41 ALT,,,,0.00,N,Not at Intersection, ,"Driveway, Alley Access, etc",None,,,         ,Luke,Steigerwalt,Clear,Angle,no,no,no,no,no,False
102504284,METROPOLITAN NASHVILLE POLICE DEPT,20190671372,Davidson,Nashville,9/9/2019 4:20:00 PM,2,0,0,36.185160,-86.747490,GALLATIN AV,,,,0.00,,,,,,,0.00,,,N,Non-Junction,None,,,         ,Christopher,Butner,Clear,Front to Rear,no,no,no,yes,yes,False
102504285,METROPOLITAN NASHVILLE POLICE DEPT,20190671375,Davidson,Old Hickory,9/9/2019 6:02:00 PM,2,2,0,36.263340,-86.662050,STATE HWY 45,,,,0.00,,,INDUSTRIAL DR,,,,0.00,Y,Four-Way,Y,Intersection,None,,,         ,Tony,Mingsing,Clear,Angle,no,no,no,no,no,False
102504292,METROPOLITAN NASHVILLE POLICE DEPT,20190671390,Davidson,Nashville,9/9/2019 6:12:00 PM,1,0,0,36.141750,-86.766270,HUMPHREYS ST,,,,0.00,,,PILLOW ST,,,,0.00,Y,OTHER,N,Intersection-Related,None,,,         ,Douglas,Sykes,Clear,Not Collision with Motor Vehicle in Transport,no,no,no,no,yes,False
102504293,METROPOLITAN NASHVILLE POLICE DEPT,20190657809,Davidson,Nashville,9/3/2019 7:10:00 PM,2,2,0,36.162070,-86.816670,HERMAN ST,,,,71.00,Feet,West,26TH AVN,,,,0.00,N,Not at Intersection,N,Non-Junction,None,,,         ,Justin,Vaughn,Clear,Angle,no,no,no,no,no,False
102504294,METROPOLITAN NASHVILLE POLICE DEPT,20190671198,Davidson,Not in City Limit,9/9/2019 3:50:00 PM,2,0,0,36.299040,-86.811570,I 24,,,,0.00,,,,,,,38.85,N,Not at Intersection,N,Non-Junction,None,,,         ,Brian,Woodard,Clear,Front to Rear,no,no,no,no,no,False
102504298,METROPOLITAN NASHVILLE POLICE DEPT,20190671274,Davidson,Not in City Limit,9/9/2019 5:15:00 PM,2,1,0,36.271060,-86.710370,GALLATIN PKEN,,,,0.00,,,ROOSEVELT AV,,,,0.00,Y,T-Intersection,N,Non-Junction,None,,,         ,Robert,Leverick,Clear,"Sideswipe, Opposite Direction",no,no,no,no,no,False
102504311,METROPOLITAN NASHVILLE POLICE DEPT,20190671490,Davidson,Nashville,9/9/2019 7:02:00 PM,2,1,0,36.154010,-86.822550,I 440,,,,0.00,,,,,,,1.70,N,Not at Intersection, ,Non-Junction,None,,,         ,Justin,Vaughn,Clear,Front to Rear,no,no,no,no,yes,False
102504315,METROPOLITAN NASHVILLE POLICE DEPT,20190671537,Davidson,Nashville,9/9/2019 12:00:00 AM,2,0,0,36.151290,-86.781100,10TH AVS,,,,257.00,Feet,South,GLEAVES ST,,,,0.00,N,Not at Intersection,N,Non-Junction,None,,,         ,Derek,Betty,Clear,Front to Rear,no,no,no,no,yes,False
102504316,BERRY HILL POLICE DEPT,19-3786,Davidson,Berry Hill,9/9/2019 12:00:00 AM,2,0,0,36.121550,-86.774760,FRANKLIN PKE,,,,0.00,,,,,,,0.00,,, ,,None,,,         ,John,Gleixner,,,no,no,no,yes,no,False
102504328,METROPOLITAN NASHVILLE POLICE DEPT,20190671407,Davidson,Nashville,9/9/2019 6:23:00 PM,2,2,0,36.100000,-86.711390,I 24,,,,0.00,,,,,,,54.55,N,Not at Intersection,N,Non-Junction,None,,,         ,Nathaniel,Myers,Clear,Front to Rear,no,no,no,no,no,False
102504329,METROPOLITAN NASHVILLE POLICE DEPT,20190671484,Davidson,Nashville,9/9/2019 6:49:00 PM,2,0,0,36.068760,-86.683530,ANTIOCH PKE,,,,159.00,Feet,South,RICHARDS RD,,,,0.00,N,Not at Intersection, ,,None,,,         ,Nathaniel,Myers,,,no,no,no,no,no,False
102504362,METROPOLITAN NASHVILLE POLICE DEPT,20190671623,Davidson,Nashville,9/9/2019 8:15:00 PM,2,0,0,36.167010,-86.763730,SHELBY AV,,,,0.00,Feet,,S 4TH ST,,,,0.00,Y,Four-Way, ,Intersection,None,,,         ,Kevin,Clausius,Clear,"Sideswipe, Same Direction",no,no,no,no,no,False
102504364,METROPOLITAN NASHVILLE POLICE DEPT,20190671335,Davidson,Nashville,9/9/2019 5:39:00 PM,2,0,0,36.118660,-86.767900,I65 ENT RAMP,,,,0.00,,,I 440,,,,0.00,Y,OTHER,Y,Entrance/Exit Ramp Related,None,,,         ,David,Lang,Clear,"Sideswipe, Same Direction",no,no,no,no,yes,False
102504372,METROPOLITAN NASHVILLE POLICE DEPT,20190671627,Davidson,Nashville,9/9/2019 8:15:00 PM,2,0,0,36.125080,-86.752240,NOLENSVILLE PKE,,,,0.00,Feet,,ROSEDALE AV,,,,0.00,Y,T-Intersection,N,Intersection,None,,,         ,Jesse,Cox,Clear,Angle,no,no,no,no,yes,False
102504400,METROPOLITAN NASHVILLE POLICE DEPT,20190671468,Davidson,Nashville,9/9/2019 6:50:00 PM,2,0,0,36.150650,-86.749880,I 40,,,,0.00,,,,,,,211.60,N,Not at Intersection, ,,None,,,         ,Allyson,Reis,,,no,no,no,no,no,False
102504402,METROPOLITAN NASHVILLE POLICE DEPT,20190671733,Davidson,Not in City Limit,9/9/2019 9:33:00 PM,2,0,0,36.262790,-86.704430,E OLD HICKORY BLVD,,,,0.00,,,DELAWARE AV,,,,0.00,Y,T-Intersection, ,Intersection,None,,,         ,Christopher,Littles,Clear,Angle,no,no,no,no,no,False
102504403,METROPOLITAN NASHVILLE POLICE DEPT,20190671621,Davidson,Antioch,9/9/2019 7:48:00 PM,2,0,0,36.073780,-86.596800,COUNTRY WAY RD,,,,86.00,Feet,West,HUNTINGBORO TRL,,,,0.00,N,Not at Intersection,N,Non-Junction,None,,,         ,Deandera,Payne,Clear,"Sideswipe, Opposite Direction",no,no,no,no,yes,False
102504410,METROPOLITAN NASHVILLE POLICE DEPT,20190671631,Davidson,Nashville,9/9/2019 8:25:00 PM,2,1,0,36.120830,-86.703590,MURFREESBORO PKE,,,,0.00,,,GLENGARRY DR,,,,0.00,Y,T-Intersection,N,Intersection,None,,,         ,Nathaniel,Myers,Clear,Angle,no,no,no,no,no,False
102504424,METROPOLITAN NASHVILLE POLICE DEPT,20190671770,Davidson,Nashville,9/9/2019 8:39:00 PM,2,0,0,36.138560,-86.731510,BLANTON AV,,,,0.00,,,MURFREESBORO PKE,,,,0.00,Y,T-Intersection, ,Intersection,None,,,         ,Jesse,Cox,Clear,Angle,no,no,no,no,no,False
102504458,METROPOLITAN NASHVILLE POLICE DEPT,20190671713,Davidson,Nashville,9/9/2019 9:22:00 PM,2,1,0,36.084160,-86.705890,LINBAR DR,,,,0.00,,,HARDING PL,,,,0.00,Y,Four-Way,N,Intersection,None,,,         ,Nathaniel,Myers,Clear,Angle,no,no,no,no,no,False
102504459,METROPOLITAN NASHVILLE POLICE DEPT,20190671813,Davidson,Not in City Limit,9/9/2019 10:25:00 PM,2,0,0,36.263100,-86.711910,GALLATIN PKEN,,,,14.00,Feet,North,STATE RT 45,,,,0.00,N,Not at Intersection, ,Non-Junction,None,,,         ,Andrew,Ramirez,Clear,Angle,no,no,no,no,no,False
102504466,THP District 3 - Nashville,319058881,Davidson,Not in City Limit,9/9/2019 11:30:00 PM,2,0,0,36.077830,-86.993770,I 40,,,,0.00,,,,,,,194.00,N,Not at Intersection, ,,None,,,         ,Alexander,Campbell,,,no,no,no,no,no,False
102504471,METROPOLITAN NASHVILLE POLICE DEPT,20190671933,Davidson,Nashville,9/9/2019 11:50:00 PM,3,2,0,36.205890,-86.768610,E TRINITY LN,,,,0.00,Feet,East,W TRINITY LN,,,,0.00,N,Not at Intersection,N,Non-Junction,None,,,         ,Reginald,Pierre-Paul,Clear,Front to Rear,no,no,no,no,no,False
102504472,METROPOLITAN NASHVILLE POLICE DEPT,20190671839,Davidson,Nashville,9/9/2019 7:10:00 PM,1,0,0,36.143610,-86.822670,I 440,,,,0.00,,,,,,,1.00,N,Not at Intersection,N,Non-Junction,Construction Zone,Lane Shift-Crossover,Unknown,         ,Joshua,Asbell,Clear,Not Collision with Motor Vehicle in Transport,no,no,no,no,no,False
102504479,METROPOLITAN NASHVILLE POLICE DEPT,20190672041,Davidson,Nashville,9/9/2019 11:01:00 PM,2,0,0,36.043090,-86.691430,BELL RD,,,,631.00,Feet,East,BROOK VIEW ESTATES DR,,,,0.00,N,Not at Intersection,N,Non-Junction,None,,,         ,Teresah,Pinho,Clear,"Sideswipe, Same Direction",no,no,no,no,yes,False