master_record_number,agency,agency_tracking_number,county,city,collision_date,vehicles_involved,number_injured,number_dead,latitude,longitude,roadway_name,roadway_suffix,roadway_number,roadway_local_id,distance_from_reference,miles-feet_indicator,direction_from_reference,intersection_road_name,intersection_road_name_suffix,intersection_road_number,intersection_local_id,mile_marker,intersection_indicator,intersect_type,interchange_related_indicator,relation_to_junction,work_zone_type,construction_maintenance_zone,construction_maintenance_zone_location,fatal_case_number,officer_first_name,officer_last_name,weather_condition(s),manner_of_crash,pedestrian,bicycle,scooter,parking,hitrun,mou
102504505,METROPOLITAN NASHVILLE POLICE DEPT,20190672221,Davidson,Nashville,9/10/2019 2:58:00 AM,2,0,0,36.168660,-86.766030,I 24,,,,0.00,,,,,,,48.80,N,Not at Intersection, ,Non-Junction,None,,,         ,Shaquille,Graham,Clear,Front to Rear,no,no,no,no,no,False
102504577,METROPOLITAN NASHVILLE POLICE DEPT,20190672449,Davidson,Nashville,9/10/2019 5:35:00 AM,3,0,0,36.079420,-86.695840,I 24,,,,0.00,,,,,,,56.25,N,Not at Intersection,N,Non-Junction,None,,,         ,William,Williams,Clear,Front to Rear,no,no,no,no,no,False
102504593,THP District 3 - Nashville,319058800,Davidson,Not in City Limit,9/9/2019 2:54:00 PM,2,0,0,36.312670,-86.829540,I 24,,,,0.00,,,,,,,37.45,N,Not at Intersection, ,Non-Junction,None,,,         ,Joseph,Olivas,Clear,"Sideswipe, Same Direction",no,no,no,no,no,False
102504612,METROPOLITAN NASHVILLE POLICE DEPT,20190672562,Davidson,Not in City Limit,9/10/2019 6:59:00 AM,2,0,0,35.992490,-86.684680,NOLENSVILLE RD,,,,67.00,Feet,South,OLD BURKITT RD,,,,0.00,N,Not at Intersection, ,Non-Junction,None,,,         ,Adam,Warren,Clear,Front to Rear,no,no,no,no,no,False
102504614,METROPOLITAN NASHVILLE POLICE DEPT,20190672601,Davidson,Nashville,9/10/2019 7:15:00 AM,2,0,0,36.231400,-86.724910,GALLATIN PKE,,,,54.00,Feet,North,HAYSBORO AV,,,,0.00,N,Not at Intersection,N,Non-Junction,None,,,         ,Brian,Otto,Clear,"Sideswipe, Same Direction",no,no,no,no,yes,False
102504623,METROPOLITAN NASHVILLE POLICE DEPT,20190672633,Davidson,Nashville,9/10/2019 7:34:00 AM,3,1,0,36.075970,-86.916440,HIGHWAY 70S,,,,190.00,Feet,West,PEBBLE BROOK,,,,0.00,N,Not at Intersection,N,Non-Junction,None,,,         ,Curtis,Rich,Clear,Front to Rear,no,no,no,no,no,False
102504625,METROPOLITAN NASHVILLE POLICE DEPT,20190672570,Davidson,Nashville,9/10/2019 6:47:00 AM,2,0,0,36.155690,-86.789130,I 40,,,,0.00,,,,,,,209.15,N,Not at Intersection,N,Non-Junction,None,,,         ,Jacob,Robbins,Clear,Front to Rear,no,no,no,no,yes,False
102504631,METROPOLITAN NASHVILLE POLICE DEPT,20190672671,Davidson,Nashville,9/10/2019 7:57:00 AM,1,1,0,36.184820,-86.625390,CENTRAL PKE,,,,0.00,,,HERMITAGE INDUSTRIAL DR,,,,0.00,Y,T-Intersection,N,Intersection-Related,None,,,         ,Tien,Nguyen,Clear,Not Collision with Motor Vehicle in Transport,no,no,no,no,no,False
102504645,METROPOLITAN NASHVILLE POLICE DEPT,20190672571,Davidson,Nashville,9/10/2019 6:20:00 AM,2,0,0,36.118770,-86.718080,CURREY RD,,,,165.00,Feet,East,EAST THOMPSON LN,,,,0.00,N,Not at Intersection,N,Non-Junction,None,,,         ,Jessie,Meadows,Clear,Front to Rear,no,no,no,no,yes,False
102504647,METROPOLITAN NASHVILLE POLICE DEPT,20190672632,Davidson,Nashville,9/10/2019 7:08:00 AM,2,1,0,36.128290,-86.742050,FOSTER AV,,,,51.00,Feet,South,LYLE LN,,,,0.00,N,Not at Intersection,N,Non-Junction,None,,,         ,Jessie,Meadows,Clear,Angle,no,no,no,no,no,False
102504649,METROPOLITAN NASHVILLE POLICE DEPT,20190672744,Davidson,Nashville,9/10/2019 8:29:00 AM,2,0,0,36.146290,-86.743850,FESSLERS LN,,,,159.00,Feet,South,RUNDLE AV,,,,0.00,N,Not at Intersection, ,Non-Junction,None,,,         ,Michael,Dance,Clear,"Sideswipe, Same Direction",no,no,no,no,no,False
102504654,METROPOLITAN NASHVILLE POLICE DEPT,20190672694,Davidson,Nashville,9/10/2019 8:06:00 AM,2,0,0,36.144100,-86.691820,I 40,,,,0.00,,,,,,,215.20,N,Not at Intersection, ,Non-Junction,None,,,         ,John,Frazier,Clear,Other,no,no,no,no,no,False
102504657,METROPOLITAN NASHVILLE POLICE DEPT,20190672658,Davidson,Nashville,9/10/2019 7:45:00 AM,2,0,0,36.058720,-86.669970,MT VIEW RD,,,,147.00,Feet,East,HICKORY HOLLOW PKWY,,,,0.00,N,Not at Intersection, ,,None,,,         ,Gerald,Gomes,,,no,no,no,no,no,False
102504658,METROPOLITAN NASHVILLE POLICE DEPT,20190672718,Davidson,Nashville,9/10/2019 8:15:00 AM,2,0,0,36.112460,-86.630430,BELL RD,,,,161.00,Feet,North,COUCHVILLE PKE,,,,0.00,N,Not at Intersection,N,Non-Junction,None,,,         ,Eric,Jackson,Clear,Front to Rear,no,no,no,no,no,False
102504659,METROPOLITAN NASHVILLE POLICE DEPT,20190670926,Davidson,Nashville,9/9/2019 2:24:00 PM,1,0,0,36.154600,-86.786200,DEMONBREUN ST,,,,0.00,,,12TH AVS,,,,0.00,Y,Four-Way, ,Intersection-Related,None,,,         ,Jacob,Robbins,Clear,Not Collision with Motor Vehicle in Transport,no,no,no,no,no,False
102504667,METROPOLITAN NASHVILLE POLICE DEPT,2019-0670354,Davidson,Nashville,9/9/2019 9:19:00 AM,2,0,0,36.243890,-86.756580,SKYLINE MEMORIAL CT,,,,0.00,,,DICKERSON PKE,,,,0.00,Y,Four-Way, ,Intersection,None,,,         ,Cyretha,Frazier,Cloudy,Front to Rear,no,no,no,no,no,False
102504682,METROPOLITAN NASHVILLE POLICE DEPT,20190672653,Davidson,Nashville,9/10/2019 7:40:00 AM,2,0,0,36.115990,-86.788000,I 440,,,,0.00,,,,,,,3.90,N,Not at Intersection,N,Non-Junction,Construction Zone,Work On Shoulder Or Median,Activity Area,         ,Natalia,Johnson,Clear,Front to Rear,no,no,no,no,no,False
102504683,METROPOLITAN NASHVILLE POLICE DEPT,20190672700,Davidson,Nashville,9/10/2019 8:07:00 AM,2,0,0,36.124730,-86.752050,NOLENSVILLE PKE,,,,104.00,Feet,South,ROSEDALE AV,,,,0.00,N,Not at Intersection, ,Non-Junction,None,,,         ,Justin,Pinkelton,Clear,"Sideswipe, Same Direction",no,no,no,no,no,False
102504685,BELLE MEADE POLICE DEPT,19-0256,Davidson,Belle Meade,9/10/2019 7:45:00 AM,2,0,0,36.108400,-86.844440,LYNNWOOD BLVD,,,,786.00,Feet,South,WALNUT DR,,,,0.00,N,Not at Intersection, ,Non-Junction,None,,,         ,David,Wright,Clear,Angle,no,no,no,no,no,False
102504687,METROPOLITAN NASHVILLE POLICE DEPT,20190672654,Davidson,Nashville,9/10/2019 7:47:00 AM,2,0,0,36.112460,-86.630430,BELL RD,,,,161.00,Feet,North,COUCHVILLE PKE,,,,0.00,N,Not at Intersection, ,Non-Junction,None,,,         ,Eric,Jackson,Clear,Front to Rear,no,no,no,no,no,False
102504691,METROPOLITAN NASHVILLE POLICE DEPT,20190672846,Davidson,Nashville,9/10/2019 9:09:00 AM,2,0,0,36.153800,-86.841680,I 40,,,,0.00,,,,,,,204.85,N,Not at Intersection,N,Non-Junction,None,,,         ,Curtis,Rich,Clear,Front to Rear,no,no,no,no,no,False
102504697,METROPOLITAN NASHVILLE POLICE DEPT,2019-0672815,Davidson,Not in City Limit,9/10/2019 8:55:00 AM,2,2,0,36.264150,-86.691470,STATE RT 45,,,,0.00,Feet,,MCARTHUR DR,,,,0.00,Y,OTHER,N,Intersection,None,,,         ,Travis,Baxter,Clear,Angle,no,no,no,no,no,False
102504698,METROPOLITAN NASHVILLE POLICE DEPT,20190672785,Davidson,Nashville,9/10/2019 8:41:00 AM,2,0,0,36.105020,-86.766910,I 65,,,,0.00,,,,,,,79.40,N,Not at Intersection, ,Non-Junction,None,,,         ,Justin,Pinkelton,Clear,"Sideswipe, Same Direction",no,no,no,no,no,False
102504699,METROPOLITAN NASHVILLE POLICE DEPT,20190672791,Davidson,Nashville,9/10/2019 8:30:00 AM,2,0,0,36.155740,-86.877440,FREEDOM DR,,,,76.00,Feet,East,WESTBORO DR,,,,0.00,N,Not at Intersection, ,Non-Junction,None,,,         ,Curtis,Rich,Clear,Front to Rear,no,no,no,no,yes,False
102504715,METROPOLITAN NASHVILLE POLICE DEPT,20190620209,Davidson,Nashville,9/10/2019 8:15:00 AM,2,0,0,36.062300,-86.904620,STATE HWY 100,,,,4.00,Feet,West,STATE HWY 254,,,,0.00,N,Not at Intersection, ,,None,,,         ,Terrence,Bradley,,,no,no,no,yes,no,False
102504716,METROPOLITAN NASHVILLE POLICE DEPT,20190672545,Davidson,Nashville,9/10/2019 6:55:00 AM,2,0,0,36.191020,-86.798950,VANTAGE WAY CT,,,,0.00,,,VANTAGE WAY,,,,0.00,Y,Four-Way, ,,None,,,         ,Wesley,Young,,,no,no,no,no,no,False
102504720,METROPOLITAN NASHVILLE POLICE DEPT,20190672904,Davidson,Nashville,9/10/2019 9:37:00 AM,2,0,0,36.086600,-86.691570,ANTIOCH PKE,,,,355.00,Feet,South,HARDING PL,,,,0.00,N,Not at Intersection, ,Non-Junction,None,,,         ,Jessie,Meadows,Clear,Angle,no,no,no,no,no,False
102504724,METROPOLITAN NASHVILLE POLICE DEPT,20190672928,Davidson,Nashville,9/10/2019 9:45:00 AM,2,0,0,36.146240,-86.742100,I 40,,,,0.00,,,,,,,212.15,N,Not at Intersection, ,Non-Junction,None,,,         ,Michael,Dance,Clear,Front to Rear,no,no,no,no,no,False
102504726,METROPOLITAN NASHVILLE POLICE DEPT,20190672895,Davidson,Nashville,9/10/2019 9:39:00 AM,2,0,0,36.160600,-86.644610,STEWARTS FERRY PKE,,,,0.00,,,CLOVER BOTTOM PVTDR,,,,0.00,Y,OTHER,N,OtherLocation,None,,,         ,Tien,Nguyen,Clear,"Sideswipe, Same Direction",no,no,no,yes,yes,False
102504741,METROPOLITAN NASHVILLE POLICE DEPT,20190672893,Davidson,Nashville,9/10/2019 9:16:00 AM,2,0,0,36.152950,-86.779340,8TH AVS,,,,20.00,Feet,South,CANNERY ROW,,,,0.00,N,Not at Intersection, ,Unknown,None,,,         ,Mark,Anderson,Clear,"Sideswipe, Same Direction",no,no,no,no,no,False
102504742,METROPOLITAN NASHVILLE POLICE DEPT,20190672659,Davidson,Nashville,9/10/2019 7:50:00 AM,2,1,0,36.199530,-86.825740,BUENA VISTA PKE,,,,262.00,Feet,East,MATTIE ST,,,,0.00,N,Not at Intersection,N,Non-Junction,None,,,         ,Denarius,Lawson,Clear,"Sideswipe, Same Direction",no,no,no,no,no,False
102504743,METROPOLITAN NASHVILLE POLICE DEPT,20190672951,Davidson,Nashville,9/10/2019 9:30:00 AM,2,0,0,36.040240,-86.752350,BRENTWOOD CHASE DR,,,,4.00,Feet,North,OLD HICKORY BLVD,,,,0.00,N,Not at Intersection, ,Non-Junction,None,,,         ,Devin,Mabry,Clear,Front to Rear,no,no,no,no,no,False
102504760,METROPOLITAN NASHVILLE POLICE DEPT,20190672967,Davidson,Nashville,9/10/2019 10:00:00 AM,2,0,0,36.152860,-86.804610,22ND AVN,,,,0.00,,,STATE ST,,,,0.00,Y,Four-Way, ,Intersection,None,,,         ,Donovan,Coble,Clear,Angle,no,no,no,no,no,False
102504763,METROPOLITAN NASHVILLE POLICE DEPT,20190536468,Davidson,Nashville,9/10/2019 8:01:00 AM,2,4,0,36.110190,-86.737060,THOMPSON LN,,,,206.00,Feet,West,PRESCOTT PL,,,,0.00,N,Not at Intersection,N,Non-Junction,None,,,         ,Stanley,Collins,Clear,Angle,no,no,no,no,no,False
102504764,METROPOLITAN NASHVILLE POLICE DEPT,20190672607,Davidson,Nashville,9/10/2019 7:21:00 AM,2,0,0,36.060070,-86.741050,ELLINGTON CIR,,,,0.00,,,EDMONDSON PKE,,,,0.00,Y,T-Intersection, ,Intersection,None,,,         ,Raymond,Flaherty,Clear,Angle,no,no,no,no,no,False
102504767,METROPOLITAN NASHVILLE POLICE DEPT,20190672788,Davidson,Nashville,9/10/2019 7:39:00 AM,2,0,0,36.193380,-86.753290,MCFERRIN AV,,,,0.00,,,ELLINGTON PKWY S EXT RAMP,,,,0.00,Y,T-Intersection,N,Non-Junction,None,,,         ,Joseph,Progar,Clear,Angle,no,no,no,no,no,False
102504768,METROPOLITAN NASHVILLE POLICE DEPT,20190672578,Davidson,Nashville,9/10/2019 7:00:00 AM,2,0,0,36.238080,-86.786040,BRILEY PKWYW,,,,257.00,Feet,West,BRILEY PKWYE,,,,0.00,N,Not at Intersection,N,Non-Junction,None,,,         ,Wesley,Young,Clear,"Sideswipe, Same Direction",no,no,no,no,yes,False
102504776,METROPOLITAN NASHVILLE POLICE DEPT,20190672643,Davidson,Nashville,9/10/2019 7:40:00 AM,2,0,0,36.177860,-86.800980,I 65,,,,0.00,,,,,,,84.85,N,Not at Intersection, ,Non-Junction,None,,,         ,Wesley,Young,Clear,Front to Rear,no,no,no,no,no,False
102504777,GOODLETTSVILLE POLICE DEPT,19-34023,Davidson,Goodlettsville,9/10/2019 10:25:00 AM,2,1,0,36.310980,-86.696650,CONFERENCE DR,,,,0.00,,,MISSION RDG,,,,0.00,Y,T-Intersection,N,Intersection,None,,,         ,Brian,Hajdu,Clear,HeadOn,no,no,no,no,no,False
102504789,METROPOLITAN NASHVILLE POLICE DEPT,2019-0673105,Davidson,Goodlettsville,9/10/2019 11:12:00 AM,2,2,0,36.308530,-86.704270,RIVERGATE PKWY,,,,8.00,Feet,West,I65 S ENT RAMP,,,,0.00,N,Not at Intersection,N,Non-Junction,None,,,         ,Arthur,Hipp,Clear,Front to Rear,no,no,no,no,yes,False
102504791,METROPOLITAN NASHVILLE POLICE DEPT,20190672820,Davidson,Nashville,9/10/2019 9:00:00 AM,3,0,0,36.169800,-86.809000,I 40,,,,0.00,,,,,,,207.15,N,Not at Intersection,N,Non-Junction,None,,,         ,Wesley,Young,Clear,Front to Rear,no,no,no,no,yes,False
102504796,METROPOLITAN NASHVILLE POLICE DEPT,20190673118,Davidson,Nashville,9/10/2019 11:13:00 AM,2,0,0,36.144780,-86.739710,I 40,,,,0.00,,,,,,,212.30,N,Not at Intersection, ,Non-Junction,None,,,         ,Michael,Dance,Clear,"Sideswipe, Same Direction",no,no,no,no,no,False
102504797,METROPOLITAN NASHVILLE POLICE DEPT,20190673055,Davidson,Nashville,9/10/2019 10:48:00 AM,2,1,0,36.186110,-86.798370,ROSA L PARKS BLVD,,,,0.00,,,I65 S EXT RAMP,,,,0.00,Y,T-Intersection, ,Non-Junction,None,,,         ,Wesley,Young,Clear,Front to Rear,no,no,no,no,no,False
102504798,METROPOLITAN NASHVILLE POLICE DEPT,20190669322,Davidson,Nashville,9/8/2019 7:50:00 PM,1,1,1,36.209310,-86.839350,CLARKSVILLE PKE,,,,365.00,Feet,North,W HAMILTON RD,,,,0.00,N,Not at Intersection,N,Non-Junction,None,,,19-0704  ,William,Waters,Clear,Not Collision with Motor Vehicle in Transport,yes,no,no,no,no,False
102504799,METROPOLITAN NASHVILLE POLICE DEPT,20190668098,Davidson,Nashville,9/8/2019 2:52:00 AM,4,4,0,36.086910,-86.648680,MURFREESBORO PKE,,,,0.00,,,NASHBORO BLVD,,,,0.00,Y,Four-Way,N,Intersection,None,,,         ,William,Waters,Clear,Angle,no,no,no,no,yes,False
102504805,METROPOLITAN NASHVILLE POLICE DEPT,20190673033,Davidson,Antioch,9/10/2019 10:35:00 AM,2,0,0,36.051000,-86.605170,GRACEWOOD GROVE,,,,64.00,Feet,West,STONEFARM TRL,,,,0.00,N,Not at Intersection,N,Non-Junction,None,,,         ,Jessie,Meadows,Clear,Angle,no,no,no,no,no,False
102504813,METROPOLITAN NASHVILLE POLICE DEPT,20190673249,Davidson,Nashville,9/10/2019 11:57:00 AM,1,0,0,36.179920,-86.742730,ORDWAY PL,,,,94.00,Feet,East,N 15TH ST,,,,0.00,N,Not at Intersection,N,Non-Junction,None,,,         ,Miles,Posey,Clear,Not Collision with Motor Vehicle in Transport,no,no,no,no,yes,False
102504826,METROPOLITAN NASHVILLE POLICE DEPT,2019-0673308,Davidson,Not in City Limit,9/10/2019 11:48:00 AM,2,0,0,36.279860,-86.708600,GALLATIN PKEN,,,,33.00,Feet,South,ONE MILE PKWY,,,,0.00,N,Not at Intersection, ,Non-Junction,None,,,         ,Travis,Baxter,Clear,Angle,no,no,no,no,no,False
102504836,METROPOLITAN NASHVILLE POLICE DEPT,20190673229,Davidson,Nashville,9/10/2019 11:57:00 AM,2,0,0,36.154160,-86.770150,2ND AVS,,,,0.00,Feet,,ELM ST,,,,0.00,Y,T-Intersection, ,Intersection-Related,None,,,         ,Brandon,O'Guin,Clear,"Sideswipe, Same Direction",no,no,no,no,no,False
102504845,METROPOLITAN NASHVILLE POLICE DEPT,20190673364,Davidson,Not in City Limit,9/10/2019 12:01:00 PM,2,0,0,36.264860,-86.711280,GALLATIN PKEN,,,,221.00,Feet,North,OLD TIME VILLAGE PVTDR,,,,0.00,N,Not at Intersection, ,Non-Junction,None,,,         ,Brian,Otto,Clear,Angle,no,no,no,no,no,False
102504846,METROPOLITAN NASHVILLE POLICE DEPT,20190673326,Davidson,Nashville,9/10/2019 12:37:00 PM,2,1,0,36.248000,-86.719720,DUE WEST AVE,,,,189.00,Feet,East,GALLATIN PKES,,,,0.00,N,Not at Intersection,N,Non-Junction,None,,,         ,Eric,Richardson,Clear,Angle,no,no,no,no,no,False
102504901,METROPOLITAN NASHVILLE POLICE DEPT,20190673141,Davidson,Nashville,9/10/2019 11:15:00 AM,1,0,0,36.183430,-86.789620,GARFIELD ST,,,,133.00,Feet,East,3RD AVN,,,,0.00,N,Not at Intersection, ,"Driveway, Alley Access, etc",None,,,         ,Mark,Anderson,Clear,Not Collision with Motor Vehicle in Transport,no,no,no,yes,no,False
102504908,METROPOLITAN NASHVILLE POLICE DEPT,20190673432,Davidson,Nashville,9/10/2019 1:20:00 PM,2,1,0,36.076270,-86.725300,NOLENSVILLE PKE,,,,309.00,Feet,South,WALLACE RD,,,,0.00,N,Not at Intersection,N,Non-Junction,None,,,         ,Jessie,Meadows,Clear,Front to Rear,no,no,no,no,no,False
102504915,THP District 3 - Nashville,319058931,Davidson,Nashville,9/10/2019 7:13:00 AM,2,0,0,36.030660,-86.783580,I 65,,,,0.00,,,,,,,74.00,N,Not at Intersection, ,Non-Junction,None,,,         ,Katlyn,Bush,Clear,Front to Rear,no,no,no,no,no,False
102504949,METROPOLITAN NASHVILLE POLICE DEPT,20190673517,Davidson,Nashville,9/10/2019 1:35:00 PM,2,0,0,36.151860,-86.851190,53RD AVN,,,,0.00,Feet,,CHARLOTTE AV,,,,0.00,Y,Four-Way, ,Intersection,None,,,         ,Brian,Myatt,Clear,Front to Rear,no,no,no,no,no,False
102504961,METROPOLITAN NASHVILLE POLICE DEPT,20190673468,Davidson,Not in City Limit,9/10/2019 1:38:00 PM,2,0,0,36.263130,-86.712600,OLD HICKORY BLVDW,,,,0.00,,,OLD TIME VILLAGE PVTDR,,,,0.00,Y,OTHER,N,Non-Junction,None,,,         ,Eric,Richardson,Clear,Angle,no,no,no,no,no,False
102504963,BERRY HILL POLICE DEPT,19-3796,Davidson,Berry Hill,9/3/2019 5:50:00 PM,2,0,0,36.113660,-86.766120,COLUMBINE PL,,,,214.00,Feet,North,HEATHER PL,,,,0.00,N,Not at Intersection, ,"Driveway, Alley Access, etc",None,,,         ,Ronnie,Hill,Clear,"Sideswipe, Opposite Direction",no,no,no,yes,no,False
102504982,METROPOLITAN NASHVILLE POLICE DEPT,20190673317,Davidson,Nashville,9/10/2019 12:30:00 PM,4,3,0,36.218010,-86.803360,WHITES CREEK PKE,,,,63.00,Feet,South,MOORMANS ARM RD,,,,0.00,N,Not at Intersection,N,Non-Junction,None,,,         ,Avery,Jackson,Clear,Front to Rear,no,no,no,no,no,False
102504990,METROPOLITAN NASHVILLE POLICE DEPT,20190673312,Davidson,Nashville,9/10/2019 12:30:00 PM,1,1,0,36.085490,-86.807960,BELMONT PARK TER,,,,329.00,Feet,North,BURTON VALLEY RD,,,,0.00,N,Not at Intersection,Y,Non-Junction,None,,,         ,Steven,Begley,Clear,Not Collision with Motor Vehicle in Transport,no,no,no,no,no,False
102505031,METROPOLITAN NASHVILLE POLICE DEPT,20190673630,Davidson,Nashville,9/10/2019 2:40:00 PM,2,0,0,36.175690,-86.750140,S 11TH ST,,,,0.00,,,RUSSELL ST,,,,0.00,Y,T-Intersection, ,,None,,,         ,Riley,Brewer,,,no,no,no,no,no,False
102505036,METROPOLITAN NASHVILLE POLICE DEPT,20190673481,Davidson,Nashville,9/10/2019 1:30:00 PM,2,1,0,36.237810,-86.733900,BRILEY PKWY W EXT RAMP,,,,0.00,Feet,East,KINSINGTON DR,,,,0.00,N,Not at Intersection,N,Non-Junction,None,,,         ,Gabriel,Centeno,Clear,Angle,no,no,no,no,no,False
102505042,METROPOLITAN NASHVILLE POLICE DEPT,20190673388,Davidson,Nashville,9/10/2019 12:15:00 PM,2,0,0,36.049400,-86.733060,TOBYLYNN DR,,,,155.00,Feet,West,BRUCEWOOD DR,,,,0.00,N,Not at Intersection, ,Non-Junction,None,,,         ,Raymond,Flaherty,Clear,"Sideswipe, Same Direction",no,no,no,no,no,False
102505043,METROPOLITAN NASHVILLE POLICE DEPT,20190673621,Davidson,Nashville,9/10/2019 3:00:00 PM,2,1,0,36.191190,-86.797190,VANTAGE WAY,,,,0.00,,,FRENCH LANDING DR,,,,0.00,Y,Four-Way,Y,Intersection,None,,,         ,Luke,Steigerwalt,Clear,Angle,no,no,no,no,no,False
102505045,METROPOLITAN NASHVILLE POLICE DEPT,20190673547,Davidson,Not in City Limit,9/10/2019 12:00:00 AM,2,1,0,36.273860,-86.820910,OLD HICKORY BLVD,,,,0.00,,,,,,,0.00,,,N,Non-Junction,None,,,         ,Steven,Smith,Clear,Front to Rear,no,no,no,yes,no,False
102505046,METROPOLITAN NASHVILLE POLICE DEPT,20190650413,Davidson,Nashville,8/31/2019 12:00:00 AM,2,0,0,36.193660,-86.831220,CLARKSVILLE PKE,,,,0.00,,,BUENA VISTA PKE,,,,0.00,Y,Four-Way, ,Intersection,None,,,         ,John,Petriello,Clear,Front to Rear,no,no,no,no,no,False
102505054,METROPOLITAN NASHVILLE POLICE DEPT,20190673649,Davidson,Nashville,9/10/2019 3:17:00 PM,2,0,0,36.113820,-86.809210,WOODMONT BLVD,,,,0.00,,,GOLF CLUB LN,,,,0.00,Y,Four-Way, ,,None,,,         ,FELIKS,ABRAHAMYAN,,,no,no,no,no,no,False
102505055,METROPOLITAN NASHVILLE POLICE DEPT,20190673474,Davidson,Nashville,9/10/2019 1:39:00 PM,1,0,0,36.141660,-86.733110,I 40,,,,0.00,,,,,,,212.90,N,Not at Intersection, ,Non-Junction,None,,,         ,Graham,Binkley,Clear,Not Collision with Motor Vehicle in Transport,no,no,no,no,no,False
102505060,METROPOLITAN NASHVILLE POLICE DEPT,20190673564,Davidson,Nashville,9/10/2019 2:34:00 PM,2,1,0,36.216950,-86.728900,GALLATIN PKE,,,,305.00,Feet,North,OAK ST,,,,0.00,N,Not at Intersection,N,Non-Junction,None,,,         ,Trevor,Jones,Clear,Angle,no,no,no,no,no,False
102505072,METROPOLITAN NASHVILLE POLICE DEPT,20190671235,Davidson,Nashville,9/9/2019 4:54:00 PM,2,0,0,36.165810,-86.780330,4TH AVN,,,,0.00,,,DEADERICK ST,,,,0.00,Y,OTHER, ,,None,,,         ,Brandon,O'Guin,,,no,no,no,no,no,False
102505103,METROPOLITAN NASHVILLE POLICE DEPT,20190673647,Davidson,Nashville,9/10/2019 3:15:00 PM,3,1,0,36.061540,-86.681500,I 24,,,,0.00,,,,,,,57.70,N,Not at Intersection,N,Non-Junction,None,,,         ,Jesse,Cox,Clear,Front to Rear,no,no,no,no,no,False
102505104,METROPOLITAN NASHVILLE POLICE DEPT,20190673577,Davidson,Nashville,9/10/2019 12:00:00 AM,2,1,0,36.046150,-86.657760,BELL RD,,,,70.00,Feet,East,COLLINS PARK DR,,,,0.00,N,Not at Intersection,N,Non-Junction,None,,,         ,Madison,Meiss,Clear,Not Collision with Motor Vehicle in Transport,no,no,no,no,no,False
102505106,METROPOLITAN NASHVILLE POLICE DEPT,20190673729,Davidson,Nashville,9/10/2019 3:54:00 PM,2,0,0,36.077100,-86.641400,MURFREESBORO PKE,,,,22.00,Feet,East,LAKEVILLA DR,,,,0.00,N,Not at Intersection,N,Non-Junction,None,,,         ,Devonte,Coleman,Clear,Front to Rear,no,no,no,no,yes,False
102505113,METROPOLITAN NASHVILLE POLICE DEPT,20190673153,Davidson,Nashville,9/10/2019 11:21:00 AM,1,1,0,36.165050,-86.779830,4TH AVN,,,,0.00,,,UNION ST,,,,0.00,Y,Four-Way,N,Intersection,None,,,         ,Timothy,Mead,Clear,Not Collision with Motor Vehicle in Transport,yes,no,no,no,no,False
102505119,METROPOLITAN NASHVILLE POLICE DEPT,20190673797,Davidson,Nashville,9/10/2019 4:25:00 PM,2,0,0,36.158870,-86.704920,LEBANON PKE,,,,267.00,Feet,West,QUINN CIR,,,,0.00,N,Not at Intersection,N,Non-Junction,None,,,         ,Darci,Stechman,Clear,Front to Rear,no,no,no,no,no,False
102505121,METROPOLITAN NASHVILLE POLICE DEPT,20190673617,Davidson,Nashville,9/10/2019 3:05:00 PM,2,0,0,36.163060,-86.778550,4TH AVN,,,,258.00,Feet,South,CHURCH ST,,,,0.00,N,Not at Intersection, ,Non-Junction,None,,,         ,Brandon,O'Guin,Clear,"Sideswipe, Opposite Direction",no,no,no,no,no,False
102505123,METROPOLITAN NASHVILLE POLICE DEPT,20190673790,Davidson,Nashville,9/10/2019 3:44:00 PM,2,0,0,36.141000,-86.817280,WEST END AV,,,,66.00,Feet,North,ACKLEN PARK DR,,,,0.00,N,Not at Intersection, ,,None,,,         ,FELIKS,ABRAHAMYAN,,,no,no,no,no,no,False
102505128,METROPOLITAN NASHVILLE POLICE DEPT,20190673625,Davidson,Nashville,9/10/2019 3:08:00 PM,2,0,0,36.054050,-86.673330,I 24,,,,0.00,,,,,,,58.40,N,Not at Intersection, ,,None,,,         ,Jesse,Cox,,,no,no,no,no,no,False
102505132,METROPOLITAN NASHVILLE POLICE DEPT,20190673659,Davidson,Not in City Limit,9/10/2019 2:18:00 PM,2,0,0,36.263810,-86.711660,GALLATIN PKEN,,,,0.00,,,OLD TIME VILLAGE PVTDR,,,,0.00,Y,T-Intersection, ,Intersection,None,,,         ,Christopher,Littles,Cloudy,"Sideswipe, Same Direction",no,no,no,no,no,False
102505133,METROPOLITAN NASHVILLE POLICE DEPT,20190673727,Davidson,Not in City Limit,9/10/2019 3:42:00 PM,2,0,0,36.276320,-86.689690,MYATT DR,,,,109.00,Feet,North,MYATT CENTER LN,,,,0.00,N,Not at Intersection, ,Non-Junction,None,,,         ,Christopher,Littles,Cloudy,Front to Rear,no,no,no,no,no,False
102505134,METROPOLITAN NASHVILLE POLICE DEPT,20190673804,Davidson,Nashville,9/10/2019 4:28:00 PM,2,0,0,36.255970,-86.756100,DUE WEST AVN,,,,554.00,Feet,East,DICKERSON PKE,,,,0.00,N,Not at Intersection, ,Non-Junction,None,,,         ,Christopher,Littles,Cloudy,Front to Rear,no,no,no,no,no,False