master_record_number,agency,agency_tracking_number,county,city,collision_date,vehicles_involved,number_injured,number_dead,latitude,longitude,roadway_name,roadway_suffix,roadway_number,roadway_local_id,distance_from_reference,miles-feet_indicator,direction_from_reference,intersection_road_name,intersection_road_name_suffix,intersection_road_number,intersection_local_id,mile_marker,intersection_indicator,intersect_type,interchange_related_indicator,relation_to_junction,work_zone_type,construction_maintenance_zone,construction_maintenance_zone_location,fatal_case_number,officer_first_name,officer_last_name,weather_condition(s),manner_of_crash,pedestrian,bicycle,scooter,parking,hitrun,mou
102505798,METROPOLITAN NASHVILLE POLICE DEPT,20190675765,Davidson,Nashville,9/11/2019 10:00:00 AM,2,0,0,36.182590,-86.847780,CAMILLA CALDWELL LN,,,,0.00,,,COUNTY HOSPITAL RD,,,,0.00,Y,T-Intersection, ,Intersection,None,,,         ,Wesley,Young,Clear,Angle,no,no,no,no,no,False
102505814,METROPOLITAN NASHVILLE POLICE DEPT,20190676135,Davidson,Nashville,9/11/2019 12:52:00 PM,2,0,0,36.154920,-86.759260,HERMITAGE AV,,,,246.00,Feet,West,DRIFTWOOD ST,,,,0.00,N,Not at Intersection, ,Non-Junction,None,,,         ,Michael,Dance,Clear,"Sideswipe, Same Direction",no,no,no,no,no,False
102505826,METROPOLITAN NASHVILLE POLICE DEPT,20190675767,Davidson,Nashville,9/11/2019 9:47:00 AM,3,0,0,36.135620,-86.724820,MURFREESBORO PKE,,,,98.00,Feet,East,SPENCE LN,,,,0.00,N,Not at Intersection,N,Non-Junction,None,,,         ,Thomas,Odom,Clear,Front to Rear,no,no,no,no,no,False
102505833,METROPOLITAN NASHVILLE POLICE DEPT,20190675821,Davidson,Nashville,9/11/2019 10:20:00 AM,2,2,0,36.146270,-86.776390,FORT NEGLEY BLVD,,,,229.00,Feet,East,I40 W ENT RAMP,,,,0.00,N,Not at Intersection,N,Non-Junction,None,,,         ,David,Barras,Clear,Angle,no,no,no,no,no,False
102505840,METROPOLITAN NASHVILLE POLICE DEPT,20190675953,Davidson,Nashville,9/11/2019 11:00:00 AM,2,0,0,36.074880,-86.696300,MELMACK DR,,,,0.00,,,,,,,0.00,,,N,Non-Junction,None,,,         ,Honorio,Canchola,Clear,Angle,no,no,no,yes,no,False
102505841,METROPOLITAN NASHVILLE POLICE DEPT,20190676170,Davidson,Nashville,9/11/2019 1:18:00 PM,2,0,0,36.139820,-86.881440,ANNEX AV,,,,377.00,Feet,North,CHARLOTTE PKE,,,,0.00,N,Not at Intersection, ,Non-Junction,None,,,         ,Curtis,Rich,Clear,Angle,no,no,no,no,no,False
102505856,METROPOLITAN NASHVILLE POLICE DEPT,20190676197,Davidson,Nashville,9/11/2019 1:15:00 PM,2,0,0,36.153260,-86.764280,I 40,,,,0.00,,,,,,,210.75,N,Not at Intersection,N,Non-Junction,None,,,         ,Tien,Nguyen,Clear,"Sideswipe, Same Direction",no,no,no,no,no,False
102505861,METROPOLITAN NASHVILLE POLICE DEPT,20190675887,Davidson,Nashville,9/11/2019 10:30:00 AM,3,0,0,36.123970,-86.747230,I 440,,,,0.00,,,,,,,6.50,N,Not at Intersection,N,Non-Junction,Construction Zone,Work On Shoulder Or Median,Activity Area,         ,Todd,Watson,Clear,"Sideswipe, Same Direction",no,no,no,no,no,False
102505862,METROPOLITAN NASHVILLE POLICE DEPT,20190676056,Davidson,Nashville,9/11/2019 11:45:00 AM,2,0,0,36.197690,-86.807590,GREAT CIRCLE RD,,,,0.00,,,,,,,0.00,,,N,Non-Junction,None,,,         ,Wesley,Young,Clear,"Sideswipe, Same Direction",no,no,no,no,yes,False
102505869,METROPOLITAN NASHVILLE POLICE DEPT,20190676033,Davidson,Nashville,9/11/2019 12:06:00 PM,3,0,0,36.047840,-86.612050,MURFREESBORO PKE,,,,1284.00,Feet,North,MOUNTAIN SPRINGS RD,,,,0.00,N,Not at Intersection,N,Non-Junction,None,,,         ,Steven,Williams,Clear,Other,no,no,no,no,no,False
102505870,METROPOLITAN NASHVILLE POLICE DEPT,20190676174,Davidson,Nashville,9/11/2019 12:53:00 PM,2,0,0,36.116030,-86.789850,I 440,,,,0.00,,,,,,,4.00,N,Not at Intersection,N,Non-Junction,Construction Zone,Work On Shoulder Or Median,Activity Area,         ,Steven,Begley,Clear,Front to Rear,no,no,no,no,no,False
102505871,METROPOLITAN NASHVILLE POLICE DEPT,20190675773,Davidson,Nashville,9/11/2019 10:07:00 AM,4,5,0,36.077460,-86.725680,NOLENSVILLE PKE,,,,138.00,Feet,North,WALLACE RD,,,,0.00,N,Not at Intersection,N,Non-Junction,None,,,         ,Jessie,Meadows,Clear,Angle,no,no,no,no,no,False
102505872,METROPOLITAN NASHVILLE POLICE DEPT,20190675987,Davidson,Nashville,9/11/2019 11:47:00 AM,2,0,0,36.145630,-86.765010,CHESTNUT ST,,,,94.00,Feet,West,2ND AVS,,,,0.00,N,Not at Intersection, ,Non-Junction,None,,,         ,Jessie,Meadows,Clear,Angle,no,no,no,no,no,False
102505887,METROPOLITAN NASHVILLE POLICE DEPT,20190676136,Davidson,OTHER,9/11/2019 12:40:00 PM,2,0,0,36.052010,-86.614670,MURFREESBORO PKE,,,,0.00,,,,,,,0.00,,, ,Non-Junction,None,,,         ,Jason,Hees,Clear,Rear to Rear,no,no,no,yes,yes,False
102505896,METROPOLITAN NASHVILLE POLICE DEPT,20190676133,Davidson,Nashville,9/11/2019 12:53:00 PM,2,1,0,36.153260,-86.764280,I 40,,,,0.00,,,,,,,210.75,N,Not at Intersection, ,Non-Junction,None,,,         ,Tien,Nguyen,Clear,Front to Rear,no,no,no,no,no,False
102505897,METROPOLITAN NASHVILLE POLICE DEPT,20190676237,Davidson,Not in City Limit,9/11/2019 1:39:00 PM,2,0,0,36.258430,-86.713540,HARRIS ST,,,,0.00,,,GALLATIN PKES,,,,0.00,Y,OTHER, ,Non-Junction,None,,,         ,Eric,Richardson,Clear,Angle,no,no,no,no,no,False
102505906,METROPOLITAN NASHVILLE POLICE DEPT,20190676193,Davidson,Antioch,9/11/2019 1:30:00 PM,2,0,0,36.049310,-86.600000,PIN HOOK RD,,,,0.00,,,HOBSON PKE,,,,0.00,Y,Four-Way,N,Intersection,None,,,         ,Brandon,Evans,Clear,Angle,no,no,no,no,no,False
102505940,METROPOLITAN NASHVILLE POLICE DEPT,20190676096,Davidson,Nashville,9/11/2019 12:07:00 PM,2,8,0,36.123840,-86.746590,I 440,,,,0.00,,,,,,,6.45,N,Not at Intersection,N,Non-Junction,None,,,         ,Jessie,Meadows,Clear,Front to Rear,no,no,no,no,no,False
102505972,GOODLETTSVILLE POLICE DEPT,19-34207,Davidson,Goodlettsville,9/11/2019 12:40:00 PM,2,0,0,36.306250,-86.703310,RIVERGATE PKWY,,,,128.00,Feet,South,RIVERGATE PKWY PVTDR,,,,0.00,N,Not at Intersection,N,Non-Junction,None,,,         ,George,Henry,Clear,Front to Rear,no,no,no,no,no,False
102505981,METROPOLITAN NASHVILLE POLICE DEPT,20190676325,Davidson,Not in City Limit,9/11/2019 2:25:00 PM,2,0,0,36.266440,-86.706440,DUPONT AV,,,,352.00,Feet,West,BIXLER AV,,,,0.00,N,Not at Intersection,N,Non-Junction,None,,,         ,Harold,Willmore IV,Clear,Angle,no,no,no,no,no,False
102505996,METROPOLITAN NASHVILLE POLICE DEPT,20190676425,Davidson,Nashville,9/11/2019 3:10:00 PM,2,0,0,36.188340,-86.798510,ROSA L PARKS BLVD,,,,156.00,Feet,North,DOMINICAN DR,,,,0.00,N,Not at Intersection, ,Non-Junction,None,,,         ,Justin,Vaughn,Clear,Front to Rear,no,no,no,no,yes,False
102506005,METROPOLITAN NASHVILLE POLICE DEPT,20190676395,Davidson,Nashville,9/11/2019 2:08:00 PM,1,0,0,36.238940,-86.725410,WALTON LN,,,,458.00,Feet,West,GALLATIN PKES,,,,0.00,N,Not at Intersection, ,Non-Junction,None,,,         ,Christopher,Littles,Clear,Not Collision with Motor Vehicle in Transport,no,no,no,no,no,False
102506022,METROPOLITAN NASHVILLE POLICE DEPT,20190676413,Davidson,Nashville,9/11/2019 3:09:00 PM,2,0,0,36.086880,-86.696550,HARDING PL,,,,177.00,Feet,West,METROPLEX DR,,,,0.00,N,Not at Intersection, ,,None,,,         ,Jesse,Cox,,,no,no,no,no,no,False
102506023,METROPOLITAN NASHVILLE POLICE DEPT,20190676377,Davidson,Nashville,9/11/2019 2:47:00 PM,2,0,0,36.141920,-86.640120,ELM HILL PKE,,,,75.00,Feet,East,TIMBER VALLEY DR,,,,0.00,N,Not at Intersection, ,Non-Junction,None,,,         ,Thomas,Odom,Clear,"Sideswipe, Same Direction",no,no,no,no,no,False
102506024,METROPOLITAN NASHVILLE POLICE DEPT,20190676438,Davidson,Nashville,9/11/2019 3:25:00 PM,2,0,0,36.156560,-86.665000,DONELSON PKE,,,,0.00,,,EMERY DR,,,,0.00,Y,Four-Way,N,Intersection,None,,,         ,Thomas,Odom,Clear,Angle,no,no,no,no,yes,False
102506035,METROPOLITAN NASHVILLE POLICE DEPT,20190676347,Davidson,Nashville,9/11/2019 2:39:00 PM,2,0,0,36.201100,-86.728890,LITTON AV,,,,0.00,Feet,East,BURNS ST,,,,0.00,N,Not at Intersection,N,Non-Junction,None,,,         ,Brynn,Cellan,Clear,Angle,no,no,no,no,yes,False
102506068,METROPOLITAN NASHVILLE POLICE DEPT,20190676601,Davidson,Nashville,9/11/2019 4:00:00 PM,2,0,0,36.178600,-86.765060,FOSTER ST,,,,242.00,Feet,East,LISCHEY AV,,,,0.00,N,Not at Intersection,N,Non-Junction,None,,,         ,Riley,Brewer,Clear,Front to Rear,no,no,no,no,yes,False
102506069,METROPOLITAN NASHVILLE POLICE DEPT,20190676488,Davidson,Nashville,9/11/2019 12:00:00 AM,2,0,0,36.119170,-86.726250,I440 W ENT RAMP,,,,0.00,,,I 24,,,,0.00,Y,Y-Intersection,Y,Entrance/Exit Ramp Related,None,,,         ,Jessica,Johann,Clear,Angle,no,no,no,no,no,False
102506076,METROPOLITAN NASHVILLE POLICE DEPT,20190676364,Davidson,Nashville,9/11/2019 2:50:00 PM,2,0,0,36.143510,-86.822690,I 440,,,,0.00,,,,,,,1.00,N,Not at Intersection,N,Non-Junction,Construction Zone,Work On Shoulder Or Median,Activity Area,         ,Torian,Cox,Clear,Not Collision with Motor Vehicle in Transport,no,no,no,no,no,False
102506082,METROPOLITAN NASHVILLE POLICE DEPT,20190676664,Davidson,Nashville,9/11/2019 4:07:00 PM,2,0,0,36.176040,-86.780230,JEFFERSON ST,,,,573.00,Feet,West,OLDHAM ST PVTDR,,,,0.00,N,Not at Intersection, ,,None,,,         ,Cody,Jaworski,,,no,no,no,no,no,False
102506083,METROPOLITAN NASHVILLE POLICE DEPT,20190676638,Davidson,Nashville,9/11/2019 4:37:00 PM,2,1,0,36.158100,-86.799870,CHARLOTTE AV,,,,0.00,,,18TH AVN,,,,0.00,Y,Four-Way,Y,Intersection,None,,,         ,Randall,Ward,Clear,Front to Rear,no,no,no,no,no,False
102506087,METROPOLITAN NASHVILLE POLICE DEPT,20190676681,Davidson,Nashville,9/11/2019 5:09:00 PM,2,0,0,36.171980,-86.798930,I65 N ENT RAMP,,,,0.00,Feet,East,I 40,,,,0.00,N,Not at Intersection, ,Non-Junction,None,,,         ,Justin,Vaughn,Clear,Front to Rear,no,no,no,no,yes,False
102506101,METROPOLITAN NASHVILLE POLICE DEPT,20190676709,Davidson,Nashville,9/11/2019 5:14:00 PM,2,0,0,36.134010,-86.758950,NOLENSVILLE PKE,,,,0.00,,,CRAIGHEAD ST,,,,0.00,Y,T-Intersection, ,,None,,,         ,Conor,Cronin,,,no,no,no,no,no,False
102506103,METROPOLITAN NASHVILLE POLICE DEPT,20190676501,Davidson,Nashville,9/11/2019 3:29:00 PM,2,0,0,36.155330,-86.775050,5TH AVS,,,,91.00,Feet,South,PEABODY ST,,,,0.00,N,Not at Intersection,N,Non-Junction,None,,,         ,Timothy,Mead,Clear,Angle,no,no,no,no,yes,False
102506104,METROPOLITAN NASHVILLE POLICE DEPT,20190676676,Davidson,Nashville,9/11/2019 5:05:00 PM,3,0,0,36.203090,-86.689450,BRILEY PKWYS,,,,422.00,Feet,West,BRILEY PKWYN,,,,0.00,N,Not at Intersection,N,Non-Junction,None,,,         ,Darci,Stechman,Rain,Front to Rear,no,no,no,no,no,False
102506106,METROPOLITAN NASHVILLE POLICE DEPT,20190676540,Davidson,Goodlettsville,9/11/2019 4:13:00 PM,2,0,0,36.301940,-86.693010,GALLATIN PKEN,,,,112.00,Feet,West,TWIN HILLS DR,,,,0.00,N,Not at Intersection,N,Non-Junction,None,,,         ,Christopher,Littles,Clear,Front to Rear,no,no,no,no,yes,False
102506107,METROPOLITAN NASHVILLE POLICE DEPT,20190676639,Davidson,Nashville,9/11/2019 4:25:00 PM,2,0,0,36.251900,-86.711550,GALLAVISTA AV,,,,298.00,Feet,North,EMMITT AV,,,,0.00,N,Not at Intersection, ,,None,,,         ,Christopher,Littles,,,no,no,no,no,no,False
102506108,METROPOLITAN NASHVILLE POLICE DEPT,20190676727,Davidson,Not in City Limit,9/11/2019 5:38:00 PM,1,1,0,36.261600,-86.707420,3RD AV,,,,0.00,,,MAPLE ST,,,,0.00,Y,Four-Way,N,Intersection,None,,,         ,Christopher,Littles,Clear,Not Collision with Motor Vehicle in Transport,no,yes,no,no,no,False
102506110,METROPOLITAN NASHVILLE POLICE DEPT,20190676586,Davidson,Nashville,9/11/2019 4:00:00 PM,2,0,0,36.130398,-86.900115,I 40 W EXIT RAMP,,,,0.00,,,CHARLOTTE PK,,,,0.00,Y,T-Intersection, ,Entrance/Exit Ramp Related,None,,,         ,Jeremy,Huffine,Clear,Front to Rear,no,no,no,no,no,False
102506111,METROPOLITAN NASHVILLE POLICE DEPT,20190676561,Davidson,Nashville,9/11/2019 3:15:00 PM,2,0,0,36.124680,-86.847350,WOODMONT BLVD,,,,137.00,Feet,South,HARDING PKE,,,,0.00,N,Not at Intersection, ,Non-Junction,None,,,         ,Jared,Dick,Clear,Angle,no,no,no,no,no,False
102506124,METROPOLITAN NASHVILLE POLICE DEPT,20190676636,Davidson,Nashville,9/11/2019 4:15:00 PM,2,0,0,36.149330,-86.625540,BELL RD,,,,731.00,Feet,North,TRAILS CIR,,,,0.00,N,Not at Intersection,N,Non-Junction,None,,,         ,Brady,Reynolds,Clear,Front to Rear,no,no,no,no,no,False
102506136,METROPOLITAN NASHVILLE POLICE DEPT,20190676449,Davidson,Nashville,9/11/2019 3:26:00 PM,2,0,0,36.095780,-86.707990,I 24,,,,0.00,,,,,,,54.90,N,Not at Intersection,N,Non-Junction,None,,,         ,Andrew,Brazee,Clear,Front to Rear,no,no,no,no,no,False
102506138,METROPOLITAN NASHVILLE POLICE DEPT,20190676674,Davidson,Not in City Limit,9/11/2019 4:56:00 PM,3,1,0,36.034690,-86.972510,HIGHWAY 100,,,,304.00,Feet,West,WESTHAVEN DR,,,,0.00,N,Not at Intersection,N,Non-Junction,None,,,         ,Katelyn,Argeroplos,Clear,Front to Rear,no,no,no,no,no,False
102506139,METROPOLITAN NASHVILLE POLICE DEPT,20190676749,Davidson,Nashville,9/11/2019 5:36:00 PM,1,0,0,36.118610,-86.726070,I 24,,,,0.00,,,,,,,53.00,N,Not at Intersection, ,,None,,,         ,Rachel,Susee,,,no,no,no,no,no,False
102506142,METROPOLITAN NASHVILLE POLICE DEPT,20190676602,Davidson,Nashville,9/11/2019 3:35:00 PM,2,0,0,36.112960,-86.746300,NOLENSVILLE PKE,,,,99.00,Feet,North,MCCLAIN AV,,,,0.00,N,Not at Intersection,N,Non-Junction,None,,,         ,Jesse,Cox,Clear,HeadOn,no,no,no,no,no,False
102506144,METROPOLITAN NASHVILLE POLICE DEPT,20190676757,Davidson,Nashville,9/11/2019 5:55:00 PM,3,0,0,36.123610,-86.808770,I 440,,,,0.00,,,,,,,2.60,N,Not at Intersection,N,Non-Junction,None,,,         ,Randy,Puckett,Clear,Angle,no,no,no,no,no,False
102506151,METROPOLITAN NASHVILLE POLICE DEPT,20190676633,Davidson,Nashville,9/11/2019 4:53:00 PM,3,0,0,36.148790,-86.691960,BRILEY PKWYS,,,,185.00,Feet,North,BRILEY PKWYN,,,,0.00,N,Not at Intersection,N,Non-Junction,None,,,         ,Samuel,Sundra,Clear,Front to Rear,no,no,no,no,no,False
102506157,METROPOLITAN NASHVILLE POLICE DEPT,20190676688,Davidson,Nashville,9/11/2019 5:05:00 PM,2,1,0,36.121870,-86.727430,I 24,,,,0.00,,,,,,,52.80,N,Not at Intersection,N,Non-Junction,None,,,         ,Jesse,Cox,Clear,Front to Rear,no,no,no,no,no,False
102506163,METROPOLITAN NASHVILLE POLICE DEPT,20190676653,Davidson,Nashville,9/11/2019 5:00:00 PM,3,1,0,36.110880,-86.684230,MURFREESBORO PKE,,,,477.00,Feet,East,AIR FREIGHT BLVD,,,,0.00,N,Not at Intersection,N,Non-Junction,None,,,         ,Eric,Laury,Clear,Front to Rear,no,no,no,no,no,False
102506178,METROPOLITAN NASHVILLE POLICE DEPT,20190676474,Davidson,Nashville,9/11/2019 3:41:00 PM,3,0,0,36.134250,-86.775600,WEDGEWOOD AV,,,,125.00,Feet,East,I65 S EXT RAMP,,,,0.00,N,Not at Intersection, ,Non-Junction,None,,,         ,Darryl,Williams,Clear,Front to Rear,no,no,no,no,no,False
102506180,METROPOLITAN NASHVILLE POLICE DEPT,20190676889,Davidson,Not in City Limit,9/11/2019 5:56:00 PM,2,0,0,36.043410,-86.959410,HIGHWAY 100,,,,209.00,Feet,West,COLLINS RD,,,,0.00,N,Not at Intersection, ,,None,,,         ,Katelyn,Argeroplos,,,no,no,no,no,no,False
102506186,METROPOLITAN NASHVILLE POLICE DEPT,20190676828,Davidson,Nashville,9/11/2019 4:15:00 PM,2,0,0,36.162930,-86.850470,52ND AVE N,,,,17.00,Feet,South,RAMP,,,,0.00,N,Not at Intersection, ,Non-Junction,None,,,         ,Edward,Starke,Clear,Front to Rear,no,no,no,no,yes,False
102506188,METROPOLITAN NASHVILLE POLICE DEPT,20190676797,Davidson,Nashville,9/11/2019 6:10:00 PM,2,0,0,36.110170,-86.736890,THOMPSON LN,,,,156.00,Feet,West,PRESCOTT PL,,,,0.00,N,Not at Intersection,N,Non-Junction,None,,,         ,Jesse,Cox,Clear,"Sideswipe, Same Direction",no,no,no,no,no,False
102506217,METROPOLITAN NASHVILLE POLICE DEPT,20190676672,Davidson,Nashville,9/11/2019 5:10:00 PM,2,3,0,36.107470,-86.768560,I 65,,,,0.00,,,,,,,79.55,N,Not at Intersection,N,Non-Junction,None,,,         ,Alberta,Auguste,Clear,"Sideswipe, Same Direction",no,no,no,no,no,False
102506218,METROPOLITAN NASHVILLE POLICE DEPT,20190676604,Davidson,Nashville,9/11/2019 4:45:00 PM,2,0,0,36.109270,-86.727270,BRILEY PKWYN,,,,237.00,Feet,East,TALLWOOD DR,,,,0.00,N,Not at Intersection,N,Non-Junction,None,,,         ,Andrew,Brazee,Clear,Front to Rear,no,no,no,no,no,False
102506219,METROPOLITAN NASHVILLE POLICE DEPT,20190676663,Davidson,Nashville,9/11/2019 4:40:00 PM,2,0,0,36.109270,-86.727270,BRILEY PKWYN,,,,237.00,Feet,East,TALLWOOD DR,,,,0.00,N,Not at Intersection, ,,None,,,         ,Andrew,Brazee,,,no,no,no,no,no,False
102506225,METROPOLITAN NASHVILLE POLICE DEPT,20190676993,Davidson,Nashville,9/11/2019 7:30:00 PM,2,0,0,36.171550,-86.802670,I 40,,,,0.00,,,,,,,207.70,N,Not at Intersection,Y,Entrance/Exit Ramp Related,None,,,         ,Kevin,Clausius,Clear,"Sideswipe, Same Direction",no,no,no,no,yes,False
102506236,METROPOLITAN NASHVILLE POLICE DEPT,20190676919,Davidson,Nashville,9/11/2019 5:52:00 PM,2,0,0,36.087070,-86.648180,NASHBORO BLVD,,,,158.00,Feet,East,MURFREESBORO PKE,,,,0.00,N,Not at Intersection, ,Non-Junction,None,,,         ,Brady,Reynolds,Clear,Front to Rear,no,no,no,no,no,False
102506237,METROPOLITAN NASHVILLE POLICE DEPT,20190676969,Davidson,Nashville,9/11/2019 6:00:00 PM,2,0,0,36.139090,-86.700170,BRILEY PKWYN,,,,149.00,Feet,South,BRILEY PKWY,,,,0.00,N,Not at Intersection,N,Non-Junction,None,,,         ,Brady,Reynolds,Clear,Front to Rear,no,no,no,no,no,False
102506240,THP District 3 - Nashville,319058942,Davidson,Nashville,9/10/2019 8:12:00 AM,2,0,0,36.189860,-86.897640,CENTENNIAL BLVD,,,,1552.00,Feet,North,COCKRILL BEND BLVD,,,,0.00,N,Not at Intersection, ,OtherLocation,None,,,         ,Jennifer,Hicks,Clear,"Sideswipe, Same Direction",no,no,no,yes,no,False
102506246,METROPOLITAN NASHVILLE POLICE DEPT,20190676968,Davidson,Nashville,9/11/2019 12:00:00 AM,2,0,0,36.045120,-86.659900,I24 E EXT RAMP,,,,0.00,Feet,East,I 24,,,,0.00,N,Not at Intersection,N,Non-Junction,None,,,         ,Madison,Meiss,Clear,Front to Rear,no,no,no,no,yes,False
102506248,METROPOLITAN NASHVILLE POLICE DEPT,20190676928,Davidson,Nashville,9/11/2019 7:28:00 PM,2,0,0,36.149600,-86.817580,31ST AVN,,,,154.00,Feet,South,PARK PLZ,,,,0.00,N,Not at Intersection, ,,None,,,         ,FELIKS,ABRAHAMYAN,,,no,no,no,no,no,False
102506263,METROPOLITAN NASHVILLE POLICE DEPT,20190677020,Davidson,Nashville,9/11/2019 6:55:00 PM,2,0,0,36.206110,-86.771490,W TRINITY LN,,,,116.00,Feet,West,LUCAS LN,,,,0.00,N,Not at Intersection, ,Non-Junction,None,,,         ,Cody,Jaworski,Clear,Angle,no,no,no,no,no,False
102506281,METROPOLITAN NASHVILLE POLICE DEPT,20190676338,Davidson,Nashville,9/11/2019 2:41:00 PM,3,2,0,36.152060,-86.842210,46TH AVN,,,,50.00,Feet,South,CHARLOTTE AV,,,,0.00,N,Not at Intersection,N,Non-Junction,None,,,         ,Walter,Gray II,Clear,"Sideswipe, Opposite Direction",no,no,no,no,yes,False
102506282,METROPOLITAN NASHVILLE POLICE DEPT,20190676994,Davidson,Nashville,9/11/2019 5:40:00 PM,2,0,0,36.150240,-86.871360,PATTON AV,,,,0.00,,,CROLEY DR,,,,0.00,Y,T-Intersection, ,Intersection,None,,,         ,Walter,Gray II,Clear,Angle,no,no,no,no,no,False
102506293,METROPOLITAN NASHVILLE POLICE DEPT,20190676812,Davidson,Nashville,9/11/2019 5:43:00 PM,2,0,0,36.084550,-86.728020,NOLENSVILLE PKE,,,,115.00,Feet,South,PARAGON MILLS RD,,,,0.00,N,Not at Intersection, ,Non-Junction,None,,,         ,Andrew,Brazee,Clear,Angle,no,no,no,no,no,False
102506296,METROPOLITAN NASHVILLE POLICE DEPT,20190676741,Davidson,Nashville,9/11/2019 5:46:00 PM,2,0,0,36.173280,-86.765750,MAIN ST ENT RAMP,,,,0.00,Feet,East,SPRING ST,,,,0.00,N,Not at Intersection, ,Entrance/Exit Ramp Related,None,,,         ,Christopher,Augustin,Cloudy,Front to Rear,no,no,no,no,no,False
102506297,METROPOLITAN NASHVILLE POLICE DEPT,20190676965,Davidson,Nashville,9/11/2019 7:39:00 PM,2,0,0,36.109450,-86.728050,BRILEY PKWYN,,,,0.00,Feet,North,EAST THOMPSON LN,,,,0.00,N,Not at Intersection, ,Non-Junction,None,,,         ,Aimee,Ortiz,Clear,Front to Rear,no,no,no,no,no,False
102506298,METROPOLITAN NASHVILLE POLICE DEPT,20190676973,Davidson,Nashville,9/11/2019 6:19:00 PM,2,0,0,36.168540,-86.788320,ROSA L PARKS BLVD,,,,0.00,,,HARRISON ST,,,,0.00,Y,Four-Way, ,Intersection,None,,,         ,Phillip,Burke,Clear,Front to Rear,no,no,no,no,no,False
102506299,METROPOLITAN NASHVILLE POLICE DEPT,20190677007,Davidson,Nashville,9/11/2019 8:00:00 PM,2,0,0,36.206340,-86.774390,W TRINITY LN,,,,271.00,Feet,West,I65 N EXT RAMP,,,,0.00,N,Not at Intersection,N,Entrance/Exit Ramp Related,None,,,         ,Christopher,Lawson,Clear,Angle,no,no,no,no,yes,False
102506316,METROPOLITAN NASHVILLE POLICE DEPT,20190676742,Davidson,Nashville,9/11/2019 5:47:00 PM,2,1,0,36.156790,-86.680900,WOODBERRY DR,,,,0.00,,,MCGAVOCK PKE,,,,0.00,Y,Four-Way,Y,Intersection,None,,,         ,Allyson,Reis,Clear,Angle,no,no,no,no,no,False
102506329,METROPOLITAN NASHVILLE POLICE DEPT,20190676772,Davidson,Nashville,9/11/2019 5:05:00 PM,2,0,0,36.149340,-86.794640,18TH AVS,,,,339.00,Feet,South,ROY ACUFF PL,,,,0.00,N,Not at Intersection, ,Non-Junction,None,,,         ,Darryl,Williams,Clear,Angle,no,no,no,no,no,False
102506333,METROPOLITAN NASHVILLE POLICE DEPT,20190676905,Davidson,Nashville,9/11/2019 6:31:00 PM,2,0,0,36.082350,-86.762490,HARDING PL,,,,53.00,Feet,West,I65 N ENT RAMP,,,,0.00,N,Not at Intersection, ,Non-Junction,None,,,         ,Alberta,Auguste,Clear,"Sideswipe, Same Direction",no,no,no,no,no,False
102506340,METROPOLITAN NASHVILLE POLICE DEPT,20190676686,Davidson,Nashville,9/11/2019 4:35:00 PM,2,0,0,36.151420,-86.796020,US HWY 431,,,,204.00,Feet,North,19TH AVE S,,,,0.00,N,Not at Intersection,N,Non-Junction,None,,,         ,Thomas,Broatch,Clear,Angle,no,no,no,no,yes,False
102506360,METROPOLITAN NASHVILLE POLICE DEPT,20190676960,Davidson,Nashville,9/11/2019 7:50:00 PM,2,1,0,36.151880,-86.679250,ELM HILL PKE,,,,511.00,Feet,East,AIRWAYS CIR,,,,0.00,N,Not at Intersection,N,Non-Junction,None,,,         ,Allyson,Reis,Clear,Front to Rear,no,no,no,no,yes,False
102506363,METROPOLITAN NASHVILLE POLICE DEPT,20190677129,Davidson,Nashville,9/11/2019 8:41:00 PM,2,0,0,36.130030,-86.900940,CHARLOTTE PKE,,,,50.00,Feet,West,CABOT DR,,,,0.00,N,Not at Intersection, ,Non-Junction,None,,,         ,Walter,Gray II,Clear,"Sideswipe, Same Direction",no,no,no,no,no,False
102506383,METROPOLITAN NASHVILLE POLICE DEPT,20190677181,Davidson,Nashville,9/11/2019 10:07:00 PM,2,0,0,36.154270,-86.792890,16TH AVS,,,,0.00,,,BROADWAY,,,,0.00,Y,T-Intersection, ,,None,,,         ,FELIKS,ABRAHAMYAN,,,no,no,no,no,no,False
102506392,METROPOLITAN NASHVILLE POLICE DEPT,20190677188,Davidson,Nashville,9/11/2019 10:12:00 PM,2,0,0,36.045330,-86.660080,I24 E EXT RAMP,,,,0.00,Feet,East,I 24,,,,0.00,N,Not at Intersection, ,Entrance/Exit Ramp Related,None,,,         ,Andrew,Brazee,Clear,Front to Rear,no,no,no,no,no,False
102506405,METROPOLITAN NASHVILLE POLICE DEPT,20190676712,Davidson,Nashville,9/11/2019 5:30:00 PM,3,2,0,36.143230,-86.874300,CHARLOTTE PK,,,,25.00,Feet,East,WILCLAY DR,,,,0.00,N,Not at Intersection, ,Non-Junction,None,,,         ,Jeremy,Huffine,Clear,Front to Rear,no,no,no,no,no,False
102506416,METROPOLITAN NASHVILLE POLICE DEPT,20190677336,Davidson,Nashville,9/11/2019 11:30:00 PM,2,0,0,36.144330,-86.880630,PREMIER DR,,,,601.00,Feet,West,THUNDERBIRD DR,,,,0.00,N,Not at Intersection,N,Non-Junction,None,,,         ,Cesar,Rocha,Clear,"Sideswipe, Opposite Direction",no,no,no,yes,yes,False