master_record_number,agency,agency_tracking_number,county,city,collision_date,vehicles_involved,number_injured,number_dead,latitude,longitude,roadway_name,roadway_suffix,roadway_number,roadway_local_id,distance_from_reference,miles-feet_indicator,direction_from_reference,intersection_road_name,intersection_road_name_suffix,intersection_road_number,intersection_local_id,mile_marker,intersection_indicator,intersect_type,interchange_related_indicator,relation_to_junction,work_zone_type,construction_maintenance_zone,construction_maintenance_zone_location,fatal_case_number,officer_first_name,officer_last_name,weather_condition(s),manner_of_crash,pedestrian,bicycle,scooter,parking,hitrun,mou
102508757,METROPOLITAN NASHVILLE POLICE DEPT,20190683421,Davidson,Nashville,9/14/2019 6:10:00 AM,2,0,0,36.151110,-86.750940,I 40,,,,0.00,,,,,,,211.55,N,Not at Intersection,N,Non-Junction,None,,,         ,James,Thomas,Clear,"Sideswipe, Same Direction",no,no,no,no,yes,False
102508825,METROPOLITAN NASHVILLE POLICE DEPT,20190683617,Davidson,Nashville,9/14/2019 9:32:00 AM,2,0,0,36.046140,-86.657780,BELL RD,,,,62.00,Feet,East,COLLINS PARK DR,,,,0.00,N,Not at Intersection,N,Non-Junction,None,,,         ,Jason,Kedzierski,Clear,Front to Rear,no,no,no,no,no,False
102508838,METROPOLITAN NASHVILLE POLICE DEPT,20190683680,Davidson,Nashville,9/14/2019 10:02:00 AM,2,0,0,36.174730,-86.614260,DODSON CHAPEL RD,,,,0.00,,,CENTRAL PKE,,,,0.00,Y,Four-Way, ,Intersection-Related,None,,,         ,William,Mckay,Clear,"Sideswipe, Opposite Direction",no,no,no,no,yes,False
102508839,METROPOLITAN NASHVILLE POLICE DEPT,20190683656,Davidson,Nashville,9/14/2019 9:57:00 AM,2,0,0,36.157090,-86.823110,-- UNKNOWN RAMP/ROAD --,,,,0.00,,,I 40,,,,0.00,Y,Y-Intersection, ,Entrance/Exit Ramp Related,Construction Zone,,,         ,Roger,Luther,Clear,Front to Rear,no,no,no,no,no,False
102508847,METROPOLITAN NASHVILLE POLICE DEPT,20190683669,Davidson,Nashville,9/14/2019 9:42:00 AM,2,0,0,36.071440,-86.667560,APOLLO DR,,,,355.00,Feet,South,JASON DR,,,,0.00,N,Not at Intersection, ,Non-Junction,None,,,         ,Jason,Hees,Clear,Angle,no,no,no,no,no,False
102508848,METROPOLITAN NASHVILLE POLICE DEPT,20190683606,Davidson,Nashville,9/14/2019 9:25:00 AM,2,1,0,36.141120,-86.662180,I 40,,,,0.00,,,,,,,218.00,N,Not at Intersection,Y,Non-Junction,None,,,         ,Zachary,Plese,Clear,Angle,no,no,no,no,no,False
102508849,METROPOLITAN NASHVILLE POLICE DEPT,20190683601,Davidson,Nashville,9/14/2019 9:24:00 AM,2,1,0,36.072500,-86.635960,BELL RD,,,,238.00,Feet,North,MURFREESBORO PKE,,,,0.00,N,Not at Intersection,N,Non-Junction,None,,,         ,Samuel,Fredericks,Clear,Angle,no,no,no,no,no,False
102508851,METROPOLITAN NASHVILLE POLICE DEPT,20190683730,Davidson,Nashville,9/14/2019 10:43:00 AM,2,0,0,36.091360,-86.828510,HARDING PL,,,,0.00,,,HILLSBORO PKE,,,,0.00,Y,Four-Way, ,Intersection,None,,,         ,Nathan,Kemp,Clear,Front to Rear,no,no,no,no,no,False
102508854,METROPOLITAN NASHVILLE POLICE DEPT,20190683633,Davidson,Nashville,9/14/2019 12:00:00 AM,1,0,0,36.176760,-86.772820,SPRING ST,,,,0.00,,,I24 E ENT RAMP,,,,0.00,Y,OTHER,N,OtherLocation,None,,,         ,Frank,Campbell,Clear,Not Collision with Motor Vehicle in Transport,no,no,no,no,yes,False
102508869,METROPOLITAN NASHVILLE POLICE DEPT,20190683513,Davidson,Nashville,9/14/2019 8:15:00 AM,2,1,0,36.197840,-86.839010,ASHLAND CITY HWY,,,,506.00,Feet,West,CLARKSVILLE PKE,,,,0.00,N,Not at Intersection,N,Non-Junction,None,,,         ,Fabjan,Llukaj,Clear,Front to Rear,no,no,no,no,no,False
102508870,METROPOLITAN NASHVILLE POLICE DEPT,20190683628,Davidson,Not in City Limit,9/14/2019 9:38:00 AM,2,0,0,36.263910,-86.711620,GALLATIN PKEN,,,,37.00,Feet,North,OLD TIME VILLAGE PVTDR,,,,0.00,N,Not at Intersection, ,Non-Junction,None,,,         ,Samuel,Kersten,Clear,Angle,no,no,no,no,no,False
102508875,METROPOLITAN NASHVILLE POLICE DEPT,20190683648,Davidson,Nashville,9/14/2019 9:53:00 AM,2,0,0,36.207550,-86.777790,BRICK CHURCH PKE,,,,0.00,,,I65 S EXT RAMP,,,,0.00,Y,T-Intersection,N,Entrance/Exit Ramp Related,None,,,         ,Kenneth,Oneal,Clear,Angle,no,no,no,no,no,False
102508878,METROPOLITAN NASHVILLE POLICE DEPT,20190683694,Davidson,Nashville,9/14/2019 10:24:00 AM,3,2,0,36.106270,-86.718900,I 24,,,,0.00,,,,,,,54.00,N,Not at Intersection,N,Non-Junction,None,,,         ,Joseph,Simon,Clear,"Sideswipe, Same Direction",no,no,no,no,no,False
102508883,METROPOLITAN NASHVILLE POLICE DEPT,20190683773,Davidson,Nashville,9/14/2019 11:21:00 AM,2,0,0,36.251440,-86.718020,GALLATIN PKES,,,,132.00,Feet,North,BRINK HAVEN AV,,,,0.00,N,Not at Intersection, ,Non-Junction,None,,,         ,Blake,McKay,Clear,Angle,no,no,no,no,no,False
102508888,METROPOLITAN NASHVILLE POLICE DEPT,20190683778,Davidson,Nashville,9/14/2019 11:28:00 AM,2,0,0,36.194860,-86.779790,BAPTIST WORLD CENTER DR,,,,0.00,Feet,,VASHTI ST,,,,0.00,Y,T-Intersection, ,Intersection-Related,None,,,         ,Royce,McLester,Clear,Angle,no,no,no,no,no,False
102508889,METROPOLITAN NASHVILLE POLICE DEPT,20190683662,Davidson,Nashville,9/14/2019 10:00:00 AM,2,4,0,36.104190,-86.721020,GLENCLIFF RD,,,,28.00,Feet,North,TWIN OAKS DR,,,,0.00,N,Not at Intersection,N,Non-Junction,None,,,         ,James,Thomas,Clear,Angle,no,no,no,no,no,False
102508924,METROPOLITAN NASHVILLE POLICE DEPT,20190683768,Davidson,Nashville,9/14/2019 11:10:00 AM,2,2,0,36.188220,-86.629320,LEBANON PKE,,,,0.00,,,HICKORY HILL LN,,,,0.00,Y,T-Intersection,N,Intersection-Related,None,,,         ,William,Mckay,Clear,Front to Rear,no,no,no,no,yes,False
102508940,METROPOLITAN NASHVILLE POLICE DEPT,20190683861,Davidson,Nashville,9/14/2019 12:23:00 PM,2,1,0,36.157400,-86.635900,MCCRORY CREEK RD,,,,0.00,,,STEWARTS FERRY PIKE,,,,0.00,Y,Four-Way,N,Intersection,None,,,         ,Richard,Luellen,Clear,Angle,no,no,no,no,no,False
102508943,METROPOLITAN NASHVILLE POLICE DEPT,20190683711,Davidson,Nashville,9/14/2019 10:35:00 AM,2,0,0,36.142760,-86.831410,NEBRASKA AV,,,,0.00,,,39TH AVN,,,,0.00,Y,Four-Way,Y,Intersection,None,,,         ,Brian,Myatt,Clear,Angle,no,no,no,no,no,False
102508961,METROPOLITAN NASHVILLE POLICE DEPT,20190683706,Davidson,Nashville,9/14/2019 10:34:00 AM,3,0,0,36.210310,-86.776000,I 65,,,,0.00,,,,,,,87.60,N,Not at Intersection,N,Non-Junction,None,,,         ,James,Wray,Clear,Front to Rear,no,no,no,no,no,False
102508986,METROPOLITAN NASHVILLE POLICE DEPT,20190683892,Davidson,Nashville,9/14/2019 11:30:00 AM,1,0,0,36.141950,-86.823110,I440 E EXT RAMP,,,,0.00,Feet,East,I 440,,,,0.00,N,Not at Intersection, ,Non-Junction,Construction Zone,,,         ,Paul,Junkmann,Clear,Not Collision with Motor Vehicle in Transport,no,no,no,no,no,False
102508990,METROPOLITAN NASHVILLE POLICE DEPT,20190683772,Davidson,Nashville,9/14/2019 10:56:00 AM,2,0,0,36.058450,-86.716140,NOLENSVILLE PKE,,,,227.00,Feet,South,TUSCULUM RD,,,,0.00,N,Not at Intersection,N,Non-Junction,None,,,         ,Jason,Hees,Clear,"Sideswipe, Same Direction",no,no,no,no,yes,False
102509001,METROPOLITAN NASHVILLE POLICE DEPT,20190683903,Davidson,Nashville,9/14/2019 1:10:00 PM,2,1,0,36.246360,-86.735660,S GRAYCROFT AVE,,,,78.00,Feet,West,FREDA VLG,,,,0.00,N,Not at Intersection,N,Non-Junction,None,,,         ,Brandon,Bilbrey,Clear,Front to Rear,no,no,no,no,no,False
102509002,METROPOLITAN NASHVILLE POLICE DEPT,20190683919,Davidson,Not in City Limit,9/14/2019 1:25:00 PM,2,0,0,36.264070,-86.690290,STATE RT 45,,,,0.00,Feet,West,MYATT DR,,,,0.00,N,Not at Intersection,Y,Non-Junction,None,,,         ,Blake,McKay,Clear,Angle,no,no,no,no,no,False
102509008,METROPOLITAN NASHVILLE POLICE DEPT,20190683923,Davidson,Nashville,9/14/2019 1:27:00 PM,4,1,0,36.182470,-86.757350,MANSFIELD ST,,,,0.00,,,MYRTLE ST,,,,0.00,Y,Four-Way,N,Intersection,None,,,         ,David,Collins,Clear,Front to Rear,no,no,no,no,no,False
102509009,METROPOLITAN NASHVILLE POLICE DEPT,20190683956,Davidson,Nashville,9/14/2019 2:00:00 PM,2,0,0,36.144630,-86.739770,I 40,,,,0.00,,,,,,,212.30,N,Not at Intersection, ,Non-Junction,None,,,         ,Zachary,Plese,Clear,Angle,no,no,no,no,no,False
102509032,METROPOLITAN NASHVILLE POLICE DEPT,20190683813,Davidson,Nashville,9/14/2019 11:52:00 AM,2,1,0,36.056940,-86.700010,TUSCULUM RD,,,,0.00,,,COLEMONT DR,,,,0.00,Y,Four-Way,Y,Non-Junction,None,,,         ,Nopel,Stella,Clear,HeadOn,no,no,no,no,no,False
102509044,METROPOLITAN NASHVILLE POLICE DEPT,20190683992,Davidson,Nashville,9/14/2019 2:35:00 PM,2,0,0,36.045490,-86.647350,MOUNT VIEW RD,,,,0.00,,,MOUNT VIEW PKWY,,,,0.00,Y,Four-Way, ,Intersection-Related,None,,,         ,Eric,Wegener,Clear,Angle,no,no,no,no,no,False
102509048,METROPOLITAN NASHVILLE POLICE DEPT,20190684027,Davidson,Nashville,9/14/2019 2:44:00 PM,2,3,0,36.148480,-86.793490,CHET ATKINS PL,,,,0.00,,,MUSIC SQW,,,,0.00,Y,OTHER,Y,Intersection,None,,,         ,Randall,Ward,Clear,Angle,no,no,no,no,no,False
102509057,METROPOLITAN NASHVILLE POLICE DEPT,20190684040,Davidson,Nashville,9/14/2019 2:44:00 PM,2,0,0,36.044910,-86.670630,BELL RD,,,,60.00,Feet,West,HICKORY PARK DR,,,,0.00,N,Not at Intersection, ,Non-Junction,None,,,         ,Laura,Williams,Clear,Front to Rear,no,no,no,no,no,False
102509072,METROPOLITAN NASHVILLE POLICE DEPT,20190683959,Davidson,Nashville,9/14/2019 12:00:00 AM,2,1,0,36.211480,-86.921030,OLD HICKORY BLVD,,,,0.00,Feet,,ASHLAND CITY HWY,,,,0.00,Y,Four-Way,N,Intersection,None,,,         ,Corey,Reed,Clear,Angle,no,no,no,no,no,False
102509094,METROPOLITAN NASHVILLE POLICE DEPT,20190684061,Davidson,Nashville,9/14/2019 3:18:00 PM,3,0,0,36.111190,-86.770970,I440 ENT RAMP,,,,0.00,Feet,East,I 65,,,,0.00,N,Not at Intersection,Y,Entrance/Exit Ramp Related,None,,,         ,Cynthia,Quirouette,Clear,Front to Rear,no,no,no,no,no,False
102509102,METROPOLITAN NASHVILLE POLICE DEPT,20190684111,Davidson,Goodlettsville,9/14/2019 3:20:00 PM,1,0,0,36.285910,-86.727660,I 65,,,,0.00,,,,,,,93.85,N,Not at Intersection, ,Non-Junction,None,,,         ,Evan,Grace,Clear,Not Collision with Motor Vehicle in Transport,no,no,no,no,no,False
102509106,VANDERBILT UNIVERSITY POLICE,20190683990,Davidson,Nashville,9/14/2019 2:35:00 PM,1,1,0,36.147540,-86.799450,21ST AVS,,,,0.00,,,,,,,0.00,,,N,Non-Junction,None,,,         ,Christopher,Dion,Clear,Not Collision with Motor Vehicle in Transport,yes,no,no,yes,no,Campus
102509111,METROPOLITAN NASHVILLE POLICE DEPT,20190684093,Davidson,Nashville,9/14/2019 3:34:00 PM,2,0,0,36.106450,-86.819610,ABBOTT MARTIN RD,,,,53.00,Feet,West,CLEGHORN AV,,,,0.00,N,Not at Intersection, ,,None,,,         ,Molly,Page,,,no,no,no,no,no,False
102509133,METROPOLITAN NASHVILLE POLICE DEPT,20190684180,Davidson,Nashville,9/14/2019 4:23:00 PM,2,1,0,36.153550,-86.794900,WEST END AV,,,,170.00,Feet,West,17TH AVS,,,,0.00,N,Not at Intersection,N,Non-Junction,None,,,         ,Randall,Ward,Clear,"Sideswipe, Same Direction",no,no,no,no,no,False
102509142,METROPOLITAN NASHVILLE POLICE DEPT,20190684118,Davidson,Nashville,9/14/2019 3:50:00 PM,2,2,0,36.069140,-86.682950,RICHARDS RD,,,,264.00,Feet,East,ANTIOCH PKE,,,,0.00,N,Not at Intersection,N,Non-Junction,None,,,         ,Devonte,Coleman,Clear,Angle,no,no,no,no,no,False
102509153,BERRY HILL POLICE DEPT,19-3862,Davidson,Berry Hill,9/14/2019 4:15:00 PM,2,0,0,36.126190,-86.777070,FRANKLIN PKE,,,,0.00,,,CRAIGHEAD ST,,,,0.00,Y,Four-Way, ,Intersection,None,,,         ,Dawn,Thornsberry,Clear,"Sideswipe, Same Direction",no,no,no,no,yes,False
102509155,METROPOLITAN NASHVILLE POLICE DEPT,20190684009,Davidson,Nashville,9/14/2019 12:52:00 PM,2,0,0,36.145860,-86.665790,ROYAL PKWY,,,,242.00,Feet,East,DONELSON PKE,,,,0.00,N,Not at Intersection, ,Non-Junction,None,,,         ,Allyson,Reis,Clear,Angle,no,no,no,no,no,False
102509157,METROPOLITAN NASHVILLE POLICE DEPT,20190684148,Davidson,Nashville,9/14/2019 3:50:00 PM,2,0,0,36.218730,-86.748370,HART LN,,,,0.00,,,ELLINGTON PKWY S EXT RAMP,,,,0.00,Y,T-Intersection,N,Intersection,None,,,         ,Marc,Kozen,Clear,"Sideswipe, Same Direction",no,no,no,no,yes,False
102509173,WILLIAMSON CO SHERIFFS OFFICE,1922526,Davidson,Nashville,9/13/2019 7:49:00 AM,2,0,0,36.029640,-86.863760,MURRAY LN,,,,0.00,Feet,East,BEECH CREEK RDS,,,,0.00,N,Not at Intersection, ,Non-Junction,None,,,         ,James,Gillam,Clear,Angle,no,no,no,no,no,False
102509174,METROPOLITAN NASHVILLE POLICE DEPT,20190684069,Davidson,Nashville,9/14/2019 1:17:00 PM,2,0,0,36.215120,-86.597670,LEBANON PKE,,,,0.00,,,ANDREW JACKSON PKWY,,,,0.00,Y,Four-Way, ,Intersection-Related,None,,,         ,Allyson,Reis,Clear,Angle,no,no,no,no,no,False
102509175,METROPOLITAN NASHVILLE POLICE DEPT,20190684098,Davidson,Not in City Limit,9/14/2019 3:38:00 PM,2,2,0,36.263930,-86.742460,WESTCHESTER DR,,,,0.00,Feet,,PORT DR,,,,0.00,Y,Four-Way,N,Intersection,None,,,         ,Robert,Leverick,Clear,Angle,no,no,no,no,no,False
102509189,METROPOLITAN NASHVILLE POLICE DEPT,20190684055,Davidson,Nashville,9/14/2019 2:36:00 PM,2,0,0,36.114860,-86.719560,DRUMMOND DR,,,,0.00,Feet,East,EAST THOMPSON LN,,,,0.00,N,Not at Intersection,N,OtherLocation,None,,,         ,Aimee,Ortiz,Clear,Other,no,no,no,no,yes,False
102509191,METROPOLITAN NASHVILLE POLICE DEPT,20190684247,Davidson,Nashville,9/14/2019 4:39:00 PM,2,0,0,36.124510,-86.736470,I 440,,,,0.00,,,,,,,7.00,N,Not at Intersection, ,Non-Junction,Construction Zone,,,         ,Jarret,Sonnenberg,Clear,Front to Rear,no,no,no,no,no,False
102509203,METROPOLITAN NASHVILLE POLICE DEPT,20190684012,Davidson,Not in City Limit,9/14/2019 2:48:00 PM,1,0,0,36.263120,-86.681800,STATE HWY 45,,,,261.00,Feet,West,RIO VISTA DR,,,,0.00,N,Not at Intersection, ,Non-Junction,None,,,         ,Mary,Robinson,Clear,Not Collision with Motor Vehicle in Transport,no,no,no,no,no,False
102509218,METROPOLITAN NASHVILLE POLICE DEPT,20190684324,Davidson,Nashville,9/14/2019 5:31:00 PM,2,0,0,36.189610,-86.813510,KELLOW ST,,,,174.00,Feet,East,23RD AVE N,,,,0.00,N,Not at Intersection, ,,None,,,         ,Luke,Steigerwalt,,,no,no,no,no,no,False
102509224,METROPOLITAN NASHVILLE POLICE DEPT,20190684322,Davidson,Nashville,9/14/2019 4:20:00 PM,2,0,0,36.134270,-86.774960,WEDGEWOOD AV,,,,68.00,Feet,West,I65 N ENT RAMP,,,,0.00,N,Not at Intersection,N,Non-Junction,None,,,         ,Randy,Puckett,Clear,Front to Rear,no,no,no,no,yes,False
102509230,METROPOLITAN NASHVILLE POLICE DEPT,20190684301,Davidson,Nashville,9/14/2019 5:39:00 PM,1,0,0,36.092100,-86.734110,REDD CT,,,,214.00,Feet,North,YELTON CT,,,,0.00,N,Not at Intersection,N,OtherLocation,None,,,         ,Ryan,Sherry,Clear,Not Collision with Motor Vehicle in Transport,no,no,no,yes,no,False
102509263,METROPOLITAN NASHVILLE POLICE DEPT,20190684429,Davidson,Not in City Limit,9/14/2019 6:40:00 PM,2,0,0,36.264150,-86.735670,I65 N EXT RAMP,,,,0.00,,,OLD HICKORY BLVDW,,,,0.00,Y,T-Intersection, ,Intersection,None,,,         ,Peter,Vaught,Clear,Front to Rear,no,no,no,no,no,False
102509290,METROPOLITAN NASHVILLE POLICE DEPT,20190684223,Davidson,Nashville,9/14/2019 4:26:00 PM,2,0,0,36.066930,-86.693510,HICKORY LAKE APTS PVTDR,,,,0.00,Feet,East,APACHE TRL,,,,0.00,N,Not at Intersection, ,Non-Junction,None,,,         ,Jedidayah,Merriweather,Clear,Other,no,no,no,yes,yes,False
102509296,METROPOLITAN NASHVILLE POLICE DEPT,20190684420,Davidson,Nashville,9/14/2019 5:52:00 PM,2,0,0,36.044160,-86.656740,I24 W EXT RAMP,,,,1.00,Feet,North,I 24,,,,0.00,N,Not at Intersection, ,Non-Junction,None,,,         ,Wesley,Carver,Clear,Front to Rear,no,no,no,no,yes,False
102509299,METROPOLITAN NASHVILLE POLICE DEPT,20190684195,Davidson,Not in City Limit,9/14/2019 2:07:00 PM,2,0,0,36.262950,-86.757310,US HWY 31W,,,,94.00,Feet,South,WESTCHESTER DR,,,,0.00,N,Not at Intersection,N,Non-Junction,None,,,         ,Robert,Leverick,Clear,"Sideswipe, Same Direction",no,no,no,no,no,False
102509341,METROPOLITAN NASHVILLE POLICE DEPT,20190684434,Davidson,Nashville,9/14/2019 7:05:00 PM,2,1,0,36.183350,-86.748570,GALLATIN AV,,,,0.00,,,W EASTLAND AV,,,,0.00,Y,T-Intersection,N,Intersection-Related,None,,,         ,Jonathan,Handley,Clear,Front to Rear,no,no,no,no,no,False
102509345,METROPOLITAN NASHVILLE POLICE DEPT,20190684462,Davidson,Nashville,9/14/2019 6:01:00 PM,2,0,0,36.081800,-86.697560,I 24,,,,0.00,,,,,,,56.05,N,Not at Intersection, ,Non-Junction,None,,,         ,Taylor,Hurley,Clear,Angle,no,no,no,no,no,False
102509370,METROPOLITAN NASHVILLE POLICE DEPT,20190684532,Davidson,Nashville,9/14/2019 8:05:00 PM,2,4,0,36.112850,-86.797620,WOODMONT BLVD,,,,716.00,Feet,East,BELMONT BLVD,,,,0.00,N,Not at Intersection,N,Non-Junction,None,,,         ,Heather,Fox,Clear,Front to Rear,no,no,no,no,no,False
102509389,METROPOLITAN NASHVILLE POLICE DEPT,20190684036,Davidson,Nashville,9/14/2019 1:58:00 PM,3,0,0,36.081270,-86.759050,HARDING PL,,,,214.00,Feet,West,TROUSDALE DR,,,,0.00,N,Not at Intersection,N,Non-Junction,None,,,         ,Alberta,Auguste,Clear,Angle,no,no,no,no,no,False
102509390,METROPOLITAN NASHVILLE POLICE DEPT,20190684462,Davidson,Nashville,9/14/2019 7:23:00 PM,5,2,0,36.045220,-86.659100,I 24,,,,0.00,,,,,,,59.40,N,Not at Intersection,N,Non-Junction,None,,,         ,Jedidayah,Merriweather,Clear,Front to Rear,no,no,no,no,no,False
102509392,METROPOLITAN NASHVILLE POLICE DEPT,20190684561,Davidson,Nashville,9/14/2019 7:21:00 PM,2,0,0,36.193190,-86.751910,ELLINGTON PKWY N EXT RAMP,,,,0.00,,,DOUGLAS AV,,,,0.00,Y,T-Intersection, ,,None,,,         ,Wade,Johnson,,,no,no,no,no,no,False
102509407,METROPOLITAN NASHVILLE POLICE DEPT,20190684542,Davidson,Nashville,9/14/2019 8:16:00 PM,2,1,0,36.083650,-86.647220,MURFREESBORO PKE,,,,0.00,,,BROOKSBORO PL,,,,0.00,Y,OTHER,N,Non-Junction,None,,,         ,Aimee,Ortiz,Clear,Front to Rear,no,no,no,no,no,False
102509415,METROPOLITAN NASHVILLE POLICE DEPT,20190684614,Davidson,Nashville,9/14/2019 9:04:00 PM,1,1,0,36.141930,-86.767790,HUMPHREYS ST,,,,0.00,,,BROWN ST,,,,0.00,Y,Four-Way,N,Intersection-Related,None,,,         ,John,Chambers,Clear,Not Collision with Motor Vehicle in Transport,no,no,no,no,no,False
102509447,METROPOLITAN NASHVILLE POLICE DEPT,20190684668,Davidson,Nashville,9/14/2019 9:40:00 PM,1,0,0,36.152400,-86.836290,CHARLOTTE AV,,,,226.00,Feet,East,42ND AVN,,,,0.00,N,Not at Intersection,N,Non-Junction,None,,,         ,Michael,Fox,Clear,Not Collision with Motor Vehicle in Transport,no,no,no,no,yes,False
102509449,GOODLETTSVILLE POLICE DEPT,19-34691,Davidson,Goodlettsville,9/14/2019 6:30:00 PM,2,0,0,36.304130,-86.724720,OLD DICKERSON PKE,,,,307.00,Feet,East,HIGHLAND HEIGHTS DR,,,,0.00,N,Not at Intersection, ,Non-Junction,None,,,         ,Christopher,Jones,Clear,Angle,no,no,no,no,no,False
102509506,METROPOLITAN NASHVILLE POLICE DEPT,20190684772,Davidson,Nashville,9/14/2019 10:43:00 PM,1,0,0,36.156620,-86.780680,8TH AVS,,,,103.00,Feet,South,DEMONBREUN ST,,,,0.00,N,Not at Intersection,N,Non-Junction,Unknown,,,         ,Brenna,Hosey,Clear,Unknown,no,no,no,no,yes,False
102509513,METROPOLITAN NASHVILLE POLICE DEPT,20190684768,Davidson,Goodlettsville,9/14/2019 10:54:00 PM,2,2,0,36.307740,-86.704180,I65 N EXT RAMP,,,,0.00,,,,,,,0.00,,,Y,Entrance/Exit Ramp Related,None,,,         ,Patrick,McGinnis,Clear,Front to Rear,no,no,no,no,no,False
102509516,METROPOLITAN NASHVILLE POLICE DEPT,20190684851,Davidson,Nashville,9/14/2019 10:40:00 PM,2,0,0,36.187920,-86.798480,DOMINICAN DR,,,,0.00,,,ROSA L PARKS BLVD,,,,0.00,Y,Four-Way, ,,None,,,         ,Erik,Schall,,,no,no,no,no,no,False
102509518,Nashville Airport Police,2019-03931,Davidson,Nashville,9/12/2019 11:25:00 PM,3,4,0,36.133120,-86.665200,TERMINAL DR,,,,112.00,Feet,South,BNA DR,,,,0.00,N,Not at Intersection,N,Unknown,None,,,         ,Jamory,Stills,Clear,Front to Rear,no,no,no,no,yes,False
102509520,METROPOLITAN NASHVILLE POLICE DEPT,20190684764,Davidson,Not in City Limit,9/14/2019 12:30:00 PM,1,0,0,36.281070,-86.772150,GRANDVILLE BLVD,,,,103.00,Feet,South,GRANDVILLE CT,,,,0.00,N,Not at Intersection,N,Non-Junction,None,,,         ,Jeremy,Spoonemore,Clear,Not Collision with Motor Vehicle in Transport,no,no,no,no,yes,False
102509543,METROPOLITAN NASHVILLE POLICE DEPT,20190684842,Davidson,Nashville,9/14/2019 11:00:00 PM,2,0,0,36.183960,-86.772480,JOSEPH AV,,,,122.00,Feet,South,HANCOCK ST,,,,0.00,N,Not at Intersection,N,Non-Junction,None,,,         ,Landon,Bagwell,Clear,Other,no,no,no,no,yes,False
102509591,METROPOLITAN NASHVILLE POLICE DEPT,20190684710,Davidson,Not in City Limit,9/14/2019 10:08:00 PM,2,0,0,36.078420,-86.950410,HIGHWAY 70S,,,,125.00,Feet,East,BELLEVUE CTR PVTDR,,,,0.00,N,Not at Intersection, ,,None,,,         ,Randall,Atkinson,,,no,no,no,no,no,False
102509592,METROPOLITAN NASHVILLE POLICE DEPT,20190684754,Davidson,Not in City Limit,9/14/2019 9:30:00 PM,2,0,0,36.262520,-86.712100,GALLATIN PKES,,,,119.00,Feet,North,E OLD HICKORY BLVD,,,,0.00,N,Not at Intersection, ,Non-Junction,None,,,         ,Jonathan,Phipps,Clear,"Sideswipe, Same Direction",no,no,no,no,no,False
102509596,METROPOLITAN NASHVILLE POLICE DEPT,20190684909,Davidson,Nashville,9/15/2019 12:30:00 AM,2,0,0,36.152010,-86.766500,CARROLL ST,,,,143.00,Feet,East,1ST AVS,,,,0.00,N,Not at Intersection,N,Non-Junction,None,,,         ,Joseph,Patricio,Clear,"Sideswipe, Same Direction",no,no,no,no,yes,False
102509602,METROPOLITAN NASHVILLE POLICE DEPT,20190684873,Davidson,Nashville,9/15/2019 12:09:00 AM,2,0,0,36.156760,-86.787070,BROADWAY,,,,138.00,Feet,East,12TH AVS,,,,0.00,N,Not at Intersection,N,Non-Junction,None,,,         ,Joseph,Bingham,Clear,Angle,no,no,no,yes,no,False
102509607,METROPOLITAN NASHVILLE POLICE DEPT,20190684953,Davidson,Nashville,9/14/2019 12:00:00 AM,2,0,0,36.141930,-86.767790,HUMPHREYS ST,,,,0.00,,,BROWN ST,,,,0.00,Y,Four-Way,N,Intersection,None,,,         ,Eric,Schaefer,Clear,Unknown,no,no,no,no,yes,False
102509633,METROPOLITAN NASHVILLE POLICE DEPT,20190685016,Davidson,Nashville,9/15/2019 12:57:00 AM,2,0,0,36.120370,-86.726720,I 24,,,,0.00,,,,,,,52.90,N,Not at Intersection,N,Non-Junction,None,,,         ,David,Simmonds,Clear,Front to Rear,no,no,no,no,yes,False
102509635,METROPOLITAN NASHVILLE POLICE DEPT,20190684993,Davidson,Nashville,9/15/2019 12:00:00 AM,1,0,0,36.089570,-86.642690,LONGHUNTER CT,,,,3.00,Feet,North,NASHBORO BLVD,,,,0.00,N,Not at Intersection,N,Non-Junction,None,,,         ,Lynsie,Smith,Clear,Not Collision with Motor Vehicle in Transport,no,no,no,no,no,False
102509638,METROPOLITAN NASHVILLE POLICE DEPT,20190685131,Davidson,Nashville,9/15/2019 3:17:00 AM,2,0,0,36.158990,-86.775890,4TH AVS,,,,0.00,,,DEMONBREUN ST,,,,0.00,Y,Four-Way, ,Intersection-Related,None,,,         ,William,Erickson,Clear,Front to Rear,no,no,no,no,no,False
102509642,METROPOLITAN NASHVILLE POLICE DEPT,20190684935,Davidson,Nashville,9/15/2019 12:48:00 AM,1,1,0,36.168380,-86.688330,LEBANON PKE,,,,109.00,Feet,West,BRILEY PKWYN,,,,0.00,N,Not at Intersection,N,Non-Junction,None,,,         ,Meghan,Pope,Clear,Not Collision with Motor Vehicle in Transport,no,no,no,no,no,False
102509643,METROPOLITAN NASHVILLE POLICE DEPT,20190684981,Davidson,Nashville,9/15/2019 1:18:00 AM,2,2,0,36.153060,-86.765290,I 40,,,,0.00,,,,,,,210.70,N,Not at Intersection,N,Non-Junction,None,,,         ,Ralph,Gault,Clear,Angle,no,no,no,no,no,False
102509649,METROPOLITAN NASHVILLE POLICE DEPT,20190685093,Davidson,Nashville,9/14/2019 7:45:00 PM,2,0,0,36.145770,-86.696120,BRILEY PKWY S EXT RAMP,,,,0.00,,,I40 W ENT RAMP,,,,0.00,Y,OTHER,N,Entrance/Exit Ramp Related,None,,,         ,Joshua,Dale,Clear,"Sideswipe, Same Direction",no,no,no,no,yes,False