master_record_number,agency,agency_tracking_number,county,city,collision_date,vehicles_involved,number_injured,number_dead,latitude,longitude,roadway_name,roadway_suffix,roadway_number,roadway_local_id,distance_from_reference,miles-feet_indicator,direction_from_reference,intersection_road_name,intersection_road_name_suffix,intersection_road_number,intersection_local_id,mile_marker,intersection_indicator,intersect_type,interchange_related_indicator,relation_to_junction,work_zone_type,construction_maintenance_zone,construction_maintenance_zone_location,fatal_case_number,officer_first_name,officer_last_name,weather_condition(s),manner_of_crash,pedestrian,bicycle,scooter,parking,hitrun,mou
102511278,METROPOLITAN NASHVILLE POLICE DEPT,20190688446,Davidson,Not in City Limit,9/16/2019 6:10:00 PM,2,0,0,36.265350,-86.690110,MYATT DR,,,,430.00,Feet,South,N DUPONT AV,,,,0.00,N,Not at Intersection, ,Non-Junction,None,,,         ,Jacob,Krispin,Clear,"Sideswipe, Same Direction",no,no,no,no,no,False
102511280,METROPOLITAN NASHVILLE POLICE DEPT,20190688570,Davidson,Nashville,9/16/2019 7:46:00 PM,2,0,0,36.074710,-86.920200,HIGHWAY 70S,,,,74.00,Feet,West,BELLE FOREST SHOPPING CENTER P,,,,0.00,N,Not at Intersection, ,Non-Junction,None,,,         ,Brandon,Pedigo,Clear,Front to Rear,no,no,no,no,no,False
102511281,METROPOLITAN NASHVILLE POLICE DEPT,20190688328,Davidson,Nashville,9/16/2019 4:44:00 PM,3,0,0,36.110180,-86.720230,BRILEY PKWYS,,,,95.00,Feet,North,I24 W EXT RAMP,,,,0.00,N,Not at Intersection, ,,None,,,         ,Patrick,Martin,,,no,no,no,no,no,False
102511282,METROPOLITAN NASHVILLE POLICE DEPT,20190688465,Davidson,Nashville,9/16/2019 6:35:00 PM,2,0,0,36.060040,-86.672320,ANTIOCH PKE,,,,70.00,Feet,West,BLUE HOLE RD,,,,0.00,N,Not at Intersection, ,,None,,,         ,Patrick,Martin,,,no,no,no,no,no,False
102511284,METROPOLITAN NASHVILLE POLICE DEPT,20190688556,Davidson,Nashville,9/16/2019 7:40:00 PM,2,1,0,36.239660,-86.745000,BRILEY PKWYE,,,,153.00,Feet,East,BRILEY PKWY E EXT RAMP,,,,0.00,N,Not at Intersection,N,Non-Junction,None,,,         ,Christopher,Valdez,Clear,Front to Rear,no,no,no,no,no,False
102511309,METROPOLITAN NASHVILLE POLICE DEPT,20190688677,Davidson,Nashville,9/16/2019 8:36:00 PM,2,0,0,36.044940,-86.667110,CEDAR POINTE PKWY,,,,3.00,Feet,North,BELL RD,,,,0.00,N,Not at Intersection, ,,None,,,         ,William,Cleveland,,,no,no,no,no,no,False
102511310,METROPOLITAN NASHVILLE POLICE DEPT,20190688248,Davidson,Nashville,9/16/2019 3:52:00 PM,1,0,0,36.077870,-86.742580,HARDING PL,,,,825.00,Feet,East,DANBY DR,,,,0.00,N,Not at Intersection, ,Non-Junction,None,,,         ,Darryl,Williams,Clear,Other,no,no,no,no,no,False
102511325,METROPOLITAN NASHVILLE POLICE DEPT,20190688664,Davidson,Nashville,9/16/2019 5:42:00 PM,3,0,0,36.056940,-86.700010,TUSCULUM RD,,,,0.00,,,COLEMONT DR,,,,0.00,Y,Four-Way,Y,Intersection,None,,,         ,Laura,Williams,Clear,Angle,no,no,no,no,no,False
102511327,VANDERBILT UNIVERSITY POLICE,20190687833,Davidson,Nashville,9/16/2019 1:43:00 PM,2,0,0,36.139990,-86.803620,PIERCE AV,,,,0.00,,,,,,,0.00,,, ,Non-Junction,None,,,         ,O'Darra,Beauvais,Clear,"Sideswipe, Opposite Direction",no,no,no,no,no,Campus
102511336,METROPOLITAN NASHVILLE POLICE DEPT,20190688512,Davidson,Nashville,9/16/2019 7:09:00 PM,2,1,0,36.160240,-86.773140,1ST AVS,,,,0.00,,,DEMONBREUN ST,,,,0.00,Y,T-Intersection, ,Intersection,None,,,         ,Ryan,Allen,Clear,Angle,no,no,no,no,no,False
102511375,METROPOLITAN NASHVILLE POLICE DEPT,20190688254,Davidson,Nashville,9/16/2019 4:41:00 PM,2,0,0,36.047430,-86.863190,OLD HICKORY BLVD,,,,143.00,Feet,West,HILLSBORO PKE,,,,0.00,N,Not at Intersection, ,,None,,,         ,Brandon,Hughes,,,no,no,no,no,no,False
102511376,METROPOLITAN NASHVILLE POLICE DEPT,20190688614,Davidson,Nashville,9/16/2019 8:00:00 PM,1,0,0,36.125790,-86.765870,BRANSFORD AV,,,,0.00,,,CRAIGHEAD ST,,,,0.00,Y,OTHER,N,Intersection,None,,,         ,Douglas,Sykes,Clear,Not Collision with Motor Vehicle in Transport,no,no,no,no,no,False
102511381,METROPOLITAN NASHVILLE POLICE DEPT,20190688551,Davidson,Nashville,9/16/2019 7:33:00 PM,2,1,0,36.045740,-86.660430,I24 E EXT RAMP,,,,0.00,Feet,East,I 24,,,,0.00,N,Not at Intersection,N,AccelDecelLane,None,,,         ,Jedidayah,Merriweather,Cloudy,HeadOn,no,no,no,no,no,False
102511386,METROPOLITAN NASHVILLE POLICE DEPT,20190688683,Davidson,Nashville,9/16/2019 8:20:00 PM,3,0,0,36.126190,-86.712020,EAST THOMPSON LN,,,,333.00,Feet,West,MURFREESBORO PKE,,,,0.00,N,Not at Intersection, ,Non-Junction,None,,,         ,Jesse,Cox,Clear,Angle,no,no,no,no,no,False
102511387,METROPOLITAN NASHVILLE POLICE DEPT,20190688787,Davidson,Nashville,9/16/2019 9:10:00 PM,1,0,0,36.067870,-86.667370,RICHARDS RD,,,,26.00,Feet,West,APOLLO DR,,,,0.00,N,Not at Intersection, ,,None,,,         ,Patrick,Martin,,,no,no,no,no,no,False
102511389,METROPOLITAN NASHVILLE POLICE DEPT,20190688515,Davidson,Nashville,9/16/2019 12:00:00 AM,2,1,0,36.043550,-86.630800,MT VIEW RD,,,,30.00,Feet,East,OLD FRANKLIN RD,,,,0.00,N,Not at Intersection,N,Non-Junction,None,,,         ,Wesley,Carver,Clear,Front to Rear,no,no,no,no,no,False
102511410,METROPOLITAN NASHVILLE POLICE DEPT,20190688852,Davidson,Nashville,9/16/2019 9:50:00 PM,2,0,0,36.152270,-86.839870,CHARLOTTE AV,,,,86.00,Feet,West,44TH AVN,,,,0.00,N,Not at Intersection, ,,None,,,         ,Matthew,Jankiewicz,,,no,no,no,no,no,False
102511412,METROPOLITAN NASHVILLE POLICE DEPT,20190688794,Davidson,Antioch,9/16/2019 12:00:00 AM,2,1,0,36.047840,-86.612050,MURFREESBORO PKE,,,,1284.00,Feet,North,MOUNTAIN SPRINGS RD,,,,0.00,N,Not at Intersection,N,Non-Junction,None,,,         ,Wesley,Carver,Clear,Front to Rear,no,no,no,no,no,False
102511452,METROPOLITAN NASHVILLE POLICE DEPT,20190689146,Davidson,Not in City Limit,9/17/2019 12:13:00 AM,1,0,0,36.288720,-86.742440,DICKERSON PKES,,,,492.00,Feet,East,OLD DICKERSON PKE,,,,0.00,N,Not at Intersection,N,OtherLocation,None,,,         ,David,Williford,Clear,Not Collision with Motor Vehicle in Transport,no,no,no,yes,no,False
102511454,METROPOLITAN NASHVILLE POLICE DEPT,20190689024,Davidson,Nashville,9/17/2019 12:03:00 AM,1,1,0,36.147590,-86.758560,LEWIS ST,,,,14.00,Feet,North,US HWY 41,,,,0.00,N,Not at Intersection,N,Non-Junction,None,,,         ,Douglas,Meringer,Clear,Not Collision with Motor Vehicle in Transport,yes,no,no,no,no,False
102511462,METROPOLITAN NASHVILLE POLICE DEPT,20190689114,Davidson,Nashville,9/17/2019 12:39:00 AM,2,2,0,36.165310,-86.783150,6TH AVN,,,,0.00,Feet,,CHARLOTTE AV,,,,0.00,Y,T-Intersection,N,Intersection-Related,None,,,         ,Mandi,Maska,Clear,Front to Rear,no,no,no,no,no,False
102511465,THP District 3 - Nashville,319060552,Davidson,Not in City Limit,9/16/2019 9:01:00 PM,2,0,0,36.345800,-86.926720,I-24 WB 31 MM EXIT RAMP,,,,0.00,,,I 24,,,,0.00,Y,Y-Intersection, ,,None,,,         ,Dustin,Wallace,,,no,no,no,no,no,False
102511467,METROPOLITAN NASHVILLE POLICE DEPT,20190689304,Davidson,Nashville,9/17/2019 12:00:00 AM,2,0,0,36.071940,-86.691560,I24 E EXT RAMP,,,,0.00,Feet,East,I 24,,,,0.00,N,Not at Intersection,N,Non-Junction,None,,,         ,Alex,DiBernardo,Clear,Angle,no,no,no,no,yes,False
102511479,METROPOLITAN NASHVILLE POLICE DEPT,20190689254,Davidson,Nashville,9/17/2019 1:30:00 AM,1,0,0,36.078770,-86.745300,HARDING PL,,,,0.00,,,,,,,0.00,,,N,OtherLocation,None,,,         ,Brandon,Rardin,Clear,Not Collision with Motor Vehicle in Transport,no,no,no,yes,yes,False
102511481,METROPOLITAN NASHVILLE POLICE DEPT,20190689195,Davidson,Nashville,9/17/2019 1:40:00 AM,1,1,0,36.144660,-86.744040,ELM HILL PKE,,,,0.00,Feet,,FESSLERS LN,,,,0.00,Y,Four-Way,N,Intersection,None,,,         ,Joshua,McGarvey,Clear,Not Collision with Motor Vehicle in Transport,no,yes,no,no,no,False
102511482,VANDERBILT UNIVERSITY POLICE,20190688775,Davidson,Nashville,9/16/2019 9:33:00 PM,2,0,0,36.139390,-86.802980,PIERCE AVE,,,,0.00,,,,,,,0.00,,, ,Non-Junction,None,,,         ,Michael,Wyers,Clear,Unknown,no,no,no,yes,yes,Campus
102511512,METROPOLITAN NASHVILLE POLICE DEPT,20190689507,Davidson,Nashville,9/17/2019 5:55:00 AM,1,1,0,36.069590,-86.693910,HAYWOOD LN,,,,0.00,Feet,West,EZELL RD,,,,0.00,N,Not at Intersection,N,Non-Junction,None,,,         ,Alex,DiBernardo,Clear,Not Collision with Motor Vehicle in Transport,no,no,no,no,no,False
102511522,METROPOLITAN NASHVILLE POLICE DEPT,20190689511,Davidson,Not in City Limit,9/17/2019 3:00:00 AM,1,0,0,36.016510,-86.712760,BROOKVIEW FOREST DR,,,,0.00,,,,,,,0.00,,, ,Non-Junction,None,,,         ,Brandon,Rardin,Clear,Not Collision with Motor Vehicle in Transport,no,no,no,yes,no,False
102511528,METROPOLITAN NASHVILLE POLICE DEPT,20190688854,Davidson,Nashville,9/16/2019 10:49:00 PM,2,1,0,36.127970,-86.753730,NOLENSVILLE PKE,,,,0.00,,,COLEMAN ST,,,,0.00,Y,Four-Way,N,Non-Junction,None,,,         ,Daryn,Yentes,Clear,"Sideswipe, Same Direction",no,no,no,no,yes,False
102511554,METROPOLITAN NASHVILLE POLICE DEPT,20190689569,Davidson,Nashville,9/17/2019 6:50:00 AM,2,0,0,36.186110,-86.798370,ROSA L PARKS BLVD,,,,0.00,,,I65 S EXT RAMP,,,,0.00,Y,T-Intersection, ,Entrance/Exit Ramp Related,None,,,         ,Wesley,Young,Clear,Front to Rear,no,no,no,no,no,False
102511575,METROPOLITAN NASHVILLE POLICE DEPT,20190689583,Davidson,Nashville,9/17/2019 5:51:00 AM,2,0,0,36.079700,-86.725960,HARDING PL,,,,111.00,Feet,East,NOLENSVILLE PKE,,,,0.00,N,Not at Intersection, ,Non-Junction,None,,,         ,Charles,Wakefield,Clear,Front to Rear,no,no,no,no,no,False
102511588,METROPOLITAN NASHVILLE POLICE DEPT,20190689706,Davidson,Nashville,9/17/2019 7:43:00 AM,2,0,0,36.205770,-86.776560,I 65,,,,0.00,,,,,,,87.25,N,Not at Intersection, ,Non-Junction,None,,,         ,Kevin,Reynolds,Clear,"Sideswipe, Same Direction",no,no,no,no,no,False
102511603,METROPOLITAN NASHVILLE POLICE DEPT,20190689702,Davidson,Nashville,9/17/2019 7:40:00 AM,2,0,0,36.163950,-86.616240,I 40,,,,0.00,,,,,,,219.90,N,Not at Intersection, ,Non-Junction,None,,,         ,Michael,Dance,Clear,Front to Rear,no,no,no,no,no,False
102511604,TENNESSEE STATE UNIVERSITY ,19-TSU-43109,Davidson,Nashville,9/16/2019 11:00:00 AM,1,0,0,36.173790,-86.822580,ED TEMPLE BLVD,,,,0.00,,,DR WALTER S DAVIS BLVD,,,,0.00,Y,OTHER, ,Non-Junction,None,,,         ,Harold,Taylor,Clear,Not Collision with Motor Vehicle in Transport,no,no,no,yes,no,False
102511605,METROPOLITAN NASHVILLE POLICE DEPT,20190689656,Davidson,Nashville,9/17/2019 7:22:00 AM,4,1,0,36.170190,-86.603530,I40 W ENT RAMP,,,,0.00,Feet,East,I 40,,,,0.00,N,Not at Intersection,N,Entrance/Exit Ramp Related,None,,,         ,Tien,Nguyen,Clear,Front to Rear,no,no,no,no,no,False
102511606,METROPOLITAN NASHVILLE POLICE DEPT,20190689735,Davidson,Berry Hill,9/17/2019 7:52:00 AM,2,0,0,36.118560,-86.774500,FRANKLIN PKE,,,,112.00,Feet,South,I440 ENT RAMP,,,,0.00,N,Not at Intersection, ,Non-Junction,None,,,         ,Devin,Mabry,Clear,Front to Rear,no,no,no,no,no,False
102511607,METROPOLITAN NASHVILLE POLICE DEPT,20190689704,Davidson,Nashville,9/17/2019 7:55:00 AM,2,0,0,36.091370,-86.828740,HARDING PL,,,,70.00,Feet,West,HILLSBORO PKE,,,,0.00,N,Not at Intersection,N,Non-Junction,None,,,         ,Curtis,Rich,Clear,Front to Rear,no,no,no,no,no,False
102511611,METROPOLITAN NASHVILLE POLICE DEPT,20190689689,Davidson,Not in City Limit,9/17/2019 7:30:00 AM,2,0,0,36.313900,-86.831710,I 24,,,,0.00,,,,,,,37.30,N,Not at Intersection, ,Non-Junction,None,,,         ,Corey,Reed,Clear,Front to Rear,no,no,no,no,no,False
102511625,METROPOLITAN NASHVILLE POLICE DEPT,20190689668,Davidson,Nashville,9/17/2019 7:26:00 AM,2,0,0,36.152180,-86.690330,BRILEY PKWY N EXT RAMP,,,,0.00,,,ELM HILL PKE,,,,0.00,Y,T-Intersection, ,Non-Junction,None,,,         ,Michael,Dance,Clear,Front to Rear,no,no,no,no,no,False
102511627,METROPOLITAN NASHVILLE POLICE DEPT,20190689607,Davidson,Not in City Limit,9/17/2019 7:00:00 AM,3,1,0,36.022440,-86.629750,I 24,,,,0.00,,,,,,,61.80,N,Not at Intersection,N,Non-Junction,None,,,         ,Brandon,Evans,Clear,Front to Rear,no,no,no,no,no,False
102511629,METROPOLITAN NASHVILLE POLICE DEPT,2019 0689796,Davidson,Nashville,9/17/2019 8:00:00 AM,2,0,0,36.113560,-86.810940,HILLSBORO PKE,,,,146.00,Feet,South,WOODMONT BLVD,,,,0.00,N,Not at Intersection, ,Non-Junction,None,,,         ,Paul,Junkmann,Clear,Front to Rear,no,no,no,no,no,False
102511634,METROPOLITAN NASHVILLE POLICE DEPT,20190689748,Davidson,Nashville,9/17/2019 8:01:00 AM,2,0,0,36.155460,-86.779920,8TH AVS,,,,141.00,Feet,South,CLARK PL,,,,0.00,N,Not at Intersection, ,,None,,,         ,Kyle,Eicholtz,,,no,no,no,no,no,False
102511638,METROPOLITAN NASHVILLE POLICE DEPT,20190689841,Davidson,Nashville,9/17/2019 8:46:00 AM,2,0,0,36.174030,-86.606660,CENTRAL PKE,,,,0.00,,,CENTRAL PKE EXIT RAMP,,,,0.00,Y,T-Intersection,N,Intersection,None,,,         ,Thomas,Odom,Clear,Angle,no,no,no,no,no,False
102511640,METROPOLITAN NASHVILLE POLICE DEPT,20190689759,Davidson,Nashville,9/17/2019 8:11:00 AM,2,0,0,36.147230,-86.743640,I 40,,,,0.00,,,,,,,212.00,N,Not at Intersection, ,,None,,,         ,Michael,Dance,,,no,no,no,no,no,False
102511641,METROPOLITAN NASHVILLE POLICE DEPT,20190689716,Davidson,Madison,9/17/2019 7:45:00 AM,2,2,0,36.279950,-86.708560,ELMORE AV,,,,0.00,Feet,East,GALLATIN PKEN,,,,0.00,N,Not at Intersection,N,Non-Junction,None,,,         ,Ryan,Russell,Clear,Angle,no,no,no,no,no,False
102511647,METROPOLITAN NASHVILLE POLICE DEPT,20190689834,Davidson,Nashville,9/17/2019 8:17:00 AM,2,1,0,36.037490,-86.785060,I65 S ENT RAMP,,,,0.00,,,OLD HICKORY BLVD,,,,0.00,Y,T-Intersection,N,Entrance/Exit Ramp Related,None,,,         ,Raymond,Flaherty,Clear,Front to Rear,no,no,no,no,no,False
102511648,METROPOLITAN NASHVILLE POLICE DEPT,20190689677,Davidson,Nashville,9/17/2019 7:15:00 AM,2,0,0,36.166420,-86.795180,I 40,,,,0.00,,,,,,,208.30,N,Not at Intersection, ,,None,,,         ,Ernesto,Holiday,,,no,no,no,no,no,False
102511650,METROPOLITAN NASHVILLE POLICE DEPT,20190689882,Davidson,Nashville,9/17/2019 8:55:00 AM,2,0,0,36.138290,-86.807930,26TH AVE S,,,,0.00,,,BLAKEMORE AVE,,,,0.00,Y,OTHER,N,Non-Junction,None,,,         ,Nathan,Glass,Clear,"Sideswipe, Same Direction",no,no,no,yes,no,Campus
102511653,METROPOLITAN NASHVILLE POLICE DEPT,20190689726,Davidson,Nashville,9/17/2019 8:00:00 AM,2,2,0,36.209070,-86.777940,BRICK CHURCH PKE,,,,0.00,,,AVONDALE CIR,,,,0.00,Y,T-Intersection,N,Intersection,None,,,         ,Wesley,Young,Clear,HeadOn,no,no,no,no,no,False
102511688,METROPOLITAN NASHVILLE POLICE DEPT,20190689983,Davidson,Nashville,9/17/2019 10:03:00 AM,2,0,0,36.158850,-86.782210,BROADWAY,,,,36.00,Feet,West,8TH AVS,,,,0.00,N,Not at Intersection, ,,None,,,         ,Kyle,Eicholtz,,,no,no,no,no,no,False
102511711,METROPOLITAN NASHVILLE POLICE DEPT,20190690065,Davidson,Nashville,9/17/2019 10:32:00 AM,2,0,0,36.047840,-86.612050,MURFREESBORO PKE,,,,0.00,,,MOUNTAIN SPRINGS RD,,,,0.00,Y,T-Intersection, ,Non-Junction,None,,,         ,Adam,Warren,Clear,Angle,no,no,no,no,no,False
102511718,VANDERBILT UNIVERSITY POLICE,20190687483,Davidson,Nashville,9/16/2019 9:50:00 AM,2,0,0,36.112130,-86.764950,THOMPSON LN,,,,612.00,Feet,East,BRANSFORD AV,,,,0.00,N,Not at Intersection,N,OtherLocation,None,,,         ,Anthony,Jones,Clear,Front to Rear,no,no,no,yes,no,False
102511727,METROPOLITAN NASHVILLE POLICE DEPT,20190689587,Davidson,Nashville,9/17/2019 6:52:00 AM,2,1,0,36.157640,-86.759850,I 24,,,,0.00,,,,,,,49.60,N,Not at Intersection,N,Non-Junction,None,,,         ,Dillon,Hunt,Clear,"Sideswipe, Same Direction",no,no,no,no,no,False
102511738,METROPOLITAN NASHVILLE POLICE DEPT,20190689558,Davidson,Nashville,9/17/2019 6:45:00 AM,3,1,0,36.098360,-86.709820,I 24,,,,0.00,,,,,,,54.70,N,Not at Intersection,N,Non-Junction,None,,,         ,Jessie,Meadows,Clear,Front to Rear,no,no,no,no,no,False
102511739,METROPOLITAN NASHVILLE POLICE DEPT,20190689803,Davidson,Nashville,9/17/2019 8:20:00 AM,3,3,0,36.039510,-86.783480,I65 S EXT RAMP,,,,756.00,Feet,North,I 65,,,,0.00,N,Not at Intersection,N,Entrance/Exit Ramp Related,None,,,         ,Brian,Murphy,Clear,Front to Rear,no,no,no,no,no,False
102511773,METROPOLITAN NASHVILLE POLICE DEPT,20190690227,Davidson,Nashville,9/17/2019 11:42:00 AM,2,1,0,36.135120,-86.811390,FAIRFAX AVE,,,,0.00,,,NATCHEZ TRC,,,,0.00,Y,Four-Way,N,Intersection,None,,,         ,Nathan,Glass,Clear,Angle,no,no,no,no,no,Campus
102511784,METROPOLITAN NASHVILLE POLICE DEPT,20190690279,Davidson,Nashville,9/17/2019 12:10:00 PM,2,1,0,36.148180,-86.805930,WEST END AV,,,,185.00,Feet,East,24TH AVN,,,,0.00,N,Not at Intersection, ,Non-Junction,None,,,         ,Brian,Murphy,Clear,Angle,no,no,no,no,no,Campus
102511821,METROPOLITAN NASHVILLE POLICE DEPT,20190690194,Davidson,Nashville,9/17/2019 11:49:00 AM,4,1,0,36.047300,-86.862740,OLD HICKORY BLVD,,,,0.00,,,HILLSBORO PKE,,,,0.00,Y,Four-Way,N,Intersection,None,,,         ,Curtis,Rich,Clear,Angle,no,no,no,no,no,False
102511822,METROPOLITAN NASHVILLE POLICE DEPT,20190690350,Davidson,Not in City Limit,9/17/2019 12:50:00 PM,2,0,0,36.076490,-87.019520,MCCRORY LN,,,,42.00,Feet,East,I40 E EXT RAMP,,,,0.00,N,Not at Intersection,N,Non-Junction,None,,,         ,Wesley,Tilley,Clear,Angle,no,no,no,no,no,False
102511830,METROPOLITAN NASHVILLE POLICE DEPT,20190690272,Davidson,Nashville,9/17/2019 12:16:00 PM,2,0,0,36.083980,-86.705820,LINBAR DR,,,,70.00,Feet,South,HARDING PL,,,,0.00,N,Not at Intersection,N,Non-Junction,None,,,         ,Jessie,Meadows,Clear,Front to Rear,no,no,no,no,yes,False
102511831,METROPOLITAN NASHVILLE POLICE DEPT,20190690331,Davidson,Nashville,9/17/2019 12:39:00 PM,2,0,0,36.032560,-86.676740,OAK CHASE DR,,,,410.00,Feet,West,OAK SPRINGS CT,,,,0.00,N,Not at Intersection, ,Non-Junction,None,,,         ,Jessie,Meadows,Clear,Rear to Side,no,no,no,no,no,False
102511832,METROPOLITAN NASHVILLE POLICE DEPT,20190690338,Davidson,Old Hickory,9/17/2019 12:39:00 PM,2,1,0,36.247470,-86.641270,OLD HICKORY BLVD,,,,0.00,,,24TH ST,,,,0.00,Y,Four-Way,N,Intersection,None,,,         ,Michael,Dance,Clear,Front to Rear,no,no,no,no,no,False
102511842,METROPOLITAN NASHVILLE POLICE DEPT,20190690270,Davidson,Nashville,9/17/2019 12:15:00 PM,2,1,0,36.141130,-86.627970,BELL RD,,,,0.00,,,ELM HILL PKE,,,,0.00,Y,T-Intersection,N,Intersection-Related,None,,,         ,Tien,Nguyen,Clear,Angle,no,no,no,no,yes,False
102511850,METROPOLITAN NASHVILLE POLICE DEPT,20190690433,Davidson,Nashville,9/17/2019 1:22:00 PM,2,0,0,36.115130,-86.771590,I440 E ENT RAMP,,,,0.00,,,I 440,,,,0.00,Y,OTHER, ,Non-Junction,None,,,         ,Justin,Pinkelton,Clear,Front to Rear,no,no,no,no,no,False
102511858,METROPOLITAN NASHVILLE POLICE DEPT,20190690388,Davidson,Nashville,9/17/2019 1:02:00 PM,2,0,0,36.139380,-86.819130,ORLEANS DR,,,,0.00,,,US HWY 70S,,,,0.00,Y,Four-Way,N,Intersection,None,,,         ,Nathan,Glass,Clear,Angle,no,no,no,no,yes,False
102511863,METROPOLITAN NASHVILLE POLICE DEPT,20190690444,Davidson,Madison,9/17/2019 1:00:00 PM,2,0,0,36.266150,-86.685020,N DUPONT AV,,,,70.00,Feet,East,ARCHWOOD PL,,,,0.00,N,Not at Intersection,N,Non-Junction,None,,,         ,Ryan,Russell,Clear,"Sideswipe, Same Direction",no,no,no,no,yes,False
102511864,METROPOLITAN NASHVILLE POLICE DEPT,20190690087,Davidson,Nashville,9/17/2019 10:48:00 AM,2,3,0,36.150480,-86.770350,4TH AVS,,,,0.00,,,I40 E EXT RAMP,,,,0.00,Y,Four-Way,Y,Entrance/Exit Ramp Related,None,,,         ,Jason,Hees,Clear,Angle,no,no,no,no,no,False
102511872,METROPOLITAN NASHVILLE POLICE DEPT,2019-0690384,Davidson,Nashville,9/17/2019 12:55:00 PM,2,0,0,36.080980,-86.757370,HARDING PL,,,,294.00,Feet,East,TROUSDALE DR,,,,0.00,N,Not at Intersection, ,Non-Junction,None,,,         ,Sean,Williams,Clear,Front to Rear,no,no,no,no,no,False
102511880,METROPOLITAN NASHVILLE POLICE DEPT,20190690496,Davidson,Nashville,9/17/2019 2:00:00 PM,2,0,0,36.044790,-86.661840,BELL RD,,,,91.00,Feet,West,CANE RIDGE RD,,,,0.00,N,Not at Intersection, ,Non-Junction,None,,,         ,Jessie,Meadows,Clear,Front to Rear,no,no,no,no,no,False
102511888,METROPOLITAN NASHVILLE POLICE DEPT,20190690436,Davidson,Nashville,9/17/2019 1:25:00 PM,2,0,0,36.206270,-86.773480,W TRINITY LN,,,,0.00,,,I65 N ENT RAMP,,,,0.00,Y,OTHER,N,Intersection-Related,None,,,         ,Russell,Freeman,Clear,Front to Rear,no,no,no,no,yes,False
102511892,METROPOLITAN NASHVILLE POLICE DEPT,20190690312,Davidson,Nashville,9/17/2019 12:03:00 PM,2,0,0,36.116400,-86.777030,I440 W ENT RAMP,,,,0.00,,,I 440,,,,0.00,Y,Y-Intersection, ,,Construction Zone,,,         ,Raymond,Flaherty,,,no,no,no,no,no,False
102511925,METROPOLITAN NASHVILLE POLICE DEPT,20190690464,Davidson,Nashville,9/17/2019 1:45:00 PM,2,1,0,36.206270,-86.773480,W TRINITY LN,,,,0.00,,,I65 N EXT RAMP,,,,0.00,Y,OTHER,N,Intersection,None,,,         ,Russell,Freeman,Clear,Angle,no,no,no,no,no,False
102511945,METROPOLITAN NASHVILLE POLICE DEPT,20190690454,Davidson,Nashville,9/17/2019 1:36:00 PM,2,1,0,36.175960,-86.780600,JEFFERSON ST,,,,501.00,Feet,East,OLDHAM ST PVTDR,,,,0.00,N,Not at Intersection, ,Non-Junction,None,,,         ,John,Jones,Clear,"Sideswipe, Same Direction",no,no,no,no,no,False
102511951,METROPOLITAN NASHVILLE POLICE DEPT,20190688810,Davidson,Nashville,9/16/2019 10:13:00 PM,2,0,0,36.040270,-86.782620,I 65,,,,0.00,,,,,,,74.70,N,Not at Intersection,N,Non-Junction,None,,,         ,Darryl,Williams,Clear,"Sideswipe, Same Direction",no,no,no,no,yes,False
102511971,VANDERBILT UNIVERSITY POLICE,19-00054734,Davidson,Nashville,9/17/2019 12:35:00 PM,2,0,0,36.139760,-86.801960,PIERCE AV,,,,0.00,,,,,,,0.00,,,N,Non-Junction,None,,,         ,Robert,Pasinger,Clear,"Sideswipe, Same Direction",no,no,no,no,no,Campus
102511978,METROPOLITAN NASHVILLE POLICE DEPT,20190690585,Davidson,Nashville,9/17/2019 2:55:00 PM,2,1,0,36.256260,-86.738320,I 65,,,,0.00,,,,,,,91.70,N,Not at Intersection,N,Non-Junction,None,,,         ,Christopher,Littles,Clear,Not Collision with Motor Vehicle in Transport,no,no,no,no,no,False
102511979,METROPOLITAN NASHVILLE POLICE DEPT,20190690756,Davidson,Nashville,9/17/2019 3:58:00 PM,2,0,0,36.255070,-86.738530,I 65,,,,0.00,,,,,,,91.60,N,Not at Intersection, ,Non-Junction,None,,,         ,Christopher,Littles,Clear,"Sideswipe, Same Direction",no,no,no,no,no,False
102511981,METROPOLITAN NASHVILLE POLICE DEPT,20190690662,Davidson,Nashville,9/17/2019 3:20:00 PM,2,0,0,36.170130,-86.601030,I 40,,,,0.00,,,,,,,220.85,N,Not at Intersection,N,Non-Junction,None,,,         ,Ricki,Armstrong,Clear,HeadOn,no,no,no,no,no,False
102511998,METROPOLITAN NASHVILLE POLICE DEPT,20190690379,Davidson,Nashville,9/17/2019 12:18:00 PM,4,0,0,36.136080,-86.792670,WEDGEWOOD AV,,,,172.00,Feet,East,VILLA PL,,,,0.00,N,Not at Intersection, ,Non-Junction,None,,,         ,Phillip,Murphy,Clear,Front to Rear,no,no,no,no,yes,False
102512000,METROPOLITAN NASHVILLE POLICE DEPT,20190690721,Davidson,Nashville,9/17/2019 3:36:00 PM,2,0,0,36.141670,-86.666570,DONELSON PKE,,,,188.00,Feet,South,I40 W EXT RAMP,,,,0.00,N,Not at Intersection, ,,None,,,         ,Thomas,Odom,,,no,no,no,no,no,False
102512017,METROPOLITAN NASHVILLE POLICE DEPT,20190690719,Davidson,Old Hickory,9/17/2019 3:50:00 PM,2,1,0,36.259800,-86.647780,HADLEY AV,,,,13.00,Feet,North,11TH ST,,,,0.00,N,Not at Intersection,Y,OtherLocation,None,,,         ,Terence,Mitchell,Clear,Angle,no,no,no,no,no,False
102512023,METROPOLITAN NASHVILLE POLICE DEPT,20190690751,Davidson,Nashville,9/17/2019 3:56:00 PM,2,1,0,36.144860,-86.857950,WHITE BRIDGE PKE,,,,50.00,Feet,South,BURGESS AV,,,,0.00,N,Not at Intersection,N,Non-Junction,None,,,         ,Walter,Gray II,Clear,Front to Rear,no,no,no,no,yes,False