master_record_number,agency,agency_tracking_number,county,city,collision_date,vehicles_involved,number_injured,number_dead,latitude,longitude,roadway_name,roadway_suffix,roadway_number,roadway_local_id,distance_from_reference,miles-feet_indicator,direction_from_reference,intersection_road_name,intersection_road_name_suffix,intersection_road_number,intersection_local_id,mile_marker,intersection_indicator,intersect_type,interchange_related_indicator,relation_to_junction,work_zone_type,construction_maintenance_zone,construction_maintenance_zone_location,fatal_case_number,officer_first_name,officer_last_name,weather_condition(s),manner_of_crash,pedestrian,bicycle,scooter,parking,hitrun,mou
102512573,METROPOLITAN NASHVILLE POLICE DEPT,20190692459,Davidson,Nashville,9/18/2019 7:18:00 AM,2,0,0,36.153140,-86.721620,SPENCE LN,,,,208.00,Feet,South,LEBANON PKE,,,,0.00,N,Not at Intersection, ,"Driveway, Alley Access, etc",None,,,         ,Michael,Dance,Clear,Angle,no,no,no,no,no,False
102512574,METROPOLITAN NASHVILLE POLICE DEPT,20190692427,Davidson,Antioch,9/18/2019 6:03:00 AM,2,0,0,36.047650,-86.589970,PIN OAK DR,,,,37.00,Feet,South,RAINSTONE PT,,,,0.00,N,Not at Intersection, ,Non-Junction,None,,,         ,Jessie,Meadows,Clear,Angle,no,no,no,no,no,False
102512586,METROPOLITAN NASHVILLE POLICE DEPT,20190692424,Davidson,Nashville,9/18/2019 7:00:00 AM,2,0,0,36.048460,-86.654190,BELL RD,,,,612.00,Feet,East,HICKORY HOLLOW MALL PVTDR PL,,,,0.00,N,Not at Intersection, ,,None,,,         ,Gerald,Gomes,,,no,no,no,no,no,False
102512589,METROPOLITAN NASHVILLE POLICE DEPT,20190692509,Davidson,Nashville,9/18/2019 7:31:00 AM,2,0,0,36.100410,-86.671900,CITATION DR,,,,112.00,Feet,East,EZELL PKE,,,,0.00,N,Not at Intersection,N,Non-Junction,None,,,         ,Jessie,Meadows,Clear,Angle,no,no,no,no,no,False
102512590,METROPOLITAN NASHVILLE POLICE DEPT,20190692650,Davidson,Nashville,9/18/2019 8:51:00 AM,2,2,0,36.147550,-86.758650,LEWIS ST,,,,0.00,,,LAFAYETTE ST,,,,0.00,Y,Four-Way,N,Non-Junction,None,,,         ,Michael,Dance,Clear,Angle,no,no,no,no,no,False
102512592,METROPOLITAN NASHVILLE POLICE DEPT,20190692601,Davidson,Nashville,9/18/2019 8:20:00 AM,2,0,0,36.124290,-86.696340,BRILEY PKWY,,,,0.00,,,VULTEE BLVD,,,,0.00,Y,Four-Way,N,Non-Junction,None,,,         ,Tien,Nguyen,Clear,Front to Rear,no,no,no,no,no,False
102512599,METROPOLITAN NASHVILLE POLICE DEPT,2019-0692657,Davidson,Nashville,9/18/2019 9:11:00 AM,2,0,0,36.149050,-86.746460,I 40,,,,0.00,,,,,,,211.85,N,Not at Intersection, ,Non-Junction,None,,,         ,Calvin,Graham,Clear,Front to Rear,no,no,no,no,no,False
102512601,METROPOLITAN NASHVILLE POLICE DEPT,20190692501,Davidson,Nashville,9/18/2019 7:40:00 AM,2,2,0,36.097530,-86.823450,BURTON HILLS BLVD,,,,0.00,,,HILLSBORO PKE,,,,0.00,Y,Four-Way,N,Intersection,None,,,         ,Justin,Pinkelton,Clear,HeadOn,no,no,no,no,no,False
102512603,METROPOLITAN NASHVILLE POLICE DEPT,20190692608,Davidson,Nashville,9/18/2019 8:45:00 AM,2,0,0,36.065070,-86.647430,BRIDGECREST DR,,,,117.00,Feet,West,EDENCREST DR,,,,0.00,N,Not at Intersection, ,Non-Junction,None,,,         ,Jessie,Meadows,Clear,"Sideswipe, Same Direction",no,no,no,no,no,False
102512609,METROPOLITAN NASHVILLE POLICE DEPT,20190692606,Davidson,Nashville,9/18/2019 8:29:00 AM,2,2,0,36.085450,-86.647920,MURFREESBORO PKE,,,,564.00,Feet,East,UNA ANTIOCH PKE,,,,0.00,N,Not at Intersection,N,Non-Junction,None,,,         ,Brian,Ewing,Clear,Angle,no,no,no,no,no,False
102512621,METROPOLITAN NASHVILLE POLICE DEPT,20190692534,Davidson,Nashville,9/18/2019 7:50:00 AM,2,0,0,36.179920,-86.749990,GALLATIN AV,,,,83.00,Feet,South,N 11TH ST,,,,0.00,N,Not at Intersection, ,Non-Junction,None,,,         ,Russell,Freeman,Clear,Front to Rear,no,no,no,no,no,False
102512636,METROPOLITAN NASHVILLE POLICE DEPT,20190692642,Davidson,Nashville,9/18/2019 12:00:00 AM,2,0,0,36.175060,-86.763630,N 6TH ST,,,,162.00,Feet,South,HOWERTON ST,,,,0.00,N,Not at Intersection,N,Non-Junction,None,,,         ,Russell,Freeman,Unknown,Unknown,no,no,no,no,yes,False
102512648,METROPOLITAN NASHVILLE POLICE DEPT,20190692705,Davidson,Nashville,9/18/2019 8:45:00 AM,2,0,0,36.166230,-86.765790,SHELBY AV,,,,0.00,,,I24 E ENT RAMP,,,,0.00,Y,Four-Way,Y,Intersection,None,,,         ,John,Jones,Clear,"Sideswipe, Opposite Direction",no,no,no,no,yes,False
102512649,METROPOLITAN NASHVILLE POLICE DEPT,20190692795,Davidson,Nashville,9/18/2019 9:43:00 AM,2,0,0,36.113820,-86.809210,WOODMONT BLVD,,,,0.00,,,GOLF CLUB LN,,,,0.00,Y,Four-Way,N,Intersection,None,,,         ,Justin,Pinkelton,Clear,Angle,no,no,no,no,no,False
102512659,METROPOLITAN NASHVILLE POLICE DEPT,20190692423,Davidson,Nashville,9/18/2019 12:00:00 AM,2,0,0,36.179020,-86.816740,25TH AVN,,,,0.00,,,,,,,0.00,,,N,Non-Junction,None,,,         ,Wesley,Young,Clear,Not Collision with Motor Vehicle in Transport,no,no,no,no,yes,False
102512667,METROPOLITAN NASHVILLE POLICE DEPT,20190692569,Davidson,Nashville,9/18/2019 8:00:00 AM,2,0,0,36.169680,-86.821300,W HEIMAN ST,,,,0.00,,,ED TEMPLE BLVD,,,,0.00,Y,Four-Way, ,Intersection,None,,,         ,Wesley,Young,Clear,Angle,no,no,no,no,no,False
102512676,METROPOLITAN NASHVILLE POLICE DEPT,20190692956,Davidson,Nashville,9/18/2019 11:07:00 AM,2,1,0,36.105190,-86.670690,MURFREESBORO PKE,,,,365.00,Feet,East,EZELL PKE,,,,0.00,N,Not at Intersection,N,OtherLocation,None,,,         ,Michael,Dance,Clear,Front to Rear,no,no,no,no,no,False
102512685,METROPOLITAN NASHVILLE POLICE DEPT,2019-0692844,Davidson,Not in City Limit,9/18/2019 10:06:00 AM,2,2,0,36.278130,-86.690440,MYATT DR,,,,0.00,,,MADISON INDUSTRIAL RD,,,,0.00,Y,Four-Way,Y,Intersection,None,,,         ,Matthew,Harris,Clear,Front to Rear,no,no,no,no,no,False
102512689,METROPOLITAN NASHVILLE POLICE DEPT,20190692999,Davidson,Nashville,9/18/2019 11:24:00 AM,2,0,0,36.165190,-86.597210,LAKE PKWY,,,,235.00,Feet,East,OLD HICKORY BLVD,,,,0.00,N,Not at Intersection, ,Non-Junction,None,,,         ,Thomas,Odom,Clear,Angle,no,no,no,no,no,False
102512697,METROPOLITAN NASHVILLE POLICE DEPT,20190692847,Davidson,Nashville,9/18/2019 10:07:00 AM,2,0,0,36.089070,-86.649990,RANSOM PL,,,,0.00,,,MURFREESBORO PKE,,,,0.00,Y,Four-Way,N,Intersection-Related,None,,,         ,Tien,Nguyen,Clear,Front to Rear,no,no,no,no,yes,False
102512698,METROPOLITAN NASHVILLE POLICE DEPT,20190693053,Davidson,Nashville,9/18/2019 11:47:00 AM,2,0,0,36.181720,-86.677820,WINDEMERE CIR,,,,0.00,,,MCGAVOCK PKE,,,,0.00,Y,Four-Way, ,Intersection-Related,None,,,         ,Tien,Nguyen,Clear,Front to Rear,no,no,no,no,no,False
102512700,METROPOLITAN NASHVILLE POLICE DEPT,20190692891,Davidson,Nashville,9/18/2019 10:30:00 AM,2,0,0,36.156310,-86.807250,22ND AVN,,,,0.00,,,CHARLOTTE AV,,,,0.00,Y,Four-Way, ,Intersection,None,,,         ,Jean,McCormack,Clear,"Sideswipe, Same Direction",no,no,no,no,no,False
102512702,METROPOLITAN NASHVILLE POLICE DEPT,20190693013,Davidson,Nashville,9/18/2019 8:55:00 AM,2,0,0,36.174850,-86.785370,JEFFERSON ST,,,,211.00,Feet,West,3RD AVN,,,,0.00,N,Not at Intersection, ,Non-Junction,None,,,         ,Jonathon,Sheppard,Clear,Front to Rear,no,no,no,no,no,False
102512704,METROPOLITAN NASHVILLE POLICE DEPT,20190692855,Davidson,Nashville,9/18/2019 10:11:00 AM,2,0,0,36.127890,-86.907600,CHARLOTTE PKE,,,,320.00,Feet,West,RIVER RD,,,,0.00,N,Not at Intersection,Y,"Driveway, Alley Access, etc",None,,,         ,Jack,Crouch,Clear,Angle,no,no,no,no,no,False
102512706,METROPOLITAN NASHVILLE POLICE DEPT,20190692724,Davidson,Nashville,9/18/2019 9:35:00 AM,5,3,0,36.165560,-86.817910,I 40,,,,0.00,,,,,,,206.60,N,Not at Intersection,N,Non-Junction,None,,,         ,Wesley,Young,Clear,Front to Rear,no,no,no,no,no,False
102512730,METROPOLITAN NASHVILLE POLICE DEPT,20190692969,Davidson,Nashville,9/18/2019 11:12:00 AM,2,2,0,36.152770,-86.779320,8TH AVS,,,,0.00,,,DREXEL ST,,,,0.00,Y,T-Intersection,N,Intersection-Related,None,,,         ,Cody,O'Quinn,Clear,Angle,no,no,no,no,no,False
102512740,METROPOLITAN NASHVILLE POLICE DEPT,20190692993,Davidson,Nashville,9/18/2019 11:21:00 AM,2,0,0,36.096870,-86.677500,DONELSON PKE,,,,564.00,Feet,South,OLD EZELL RD,,,,0.00,N,Not at Intersection, ,Non-Junction,None,,,         ,Jessie,Meadows,Clear,Angle,no,no,no,no,no,False
102512741,METROPOLITAN NASHVILLE POLICE DEPT,20190693044,Davidson,Nashville,9/18/2019 11:29:00 AM,2,0,0,36.072220,-86.636520,MURFREESBORO PKE,,,,161.00,Feet,North,BELL RD,,,,0.00,N,Not at Intersection, ,Non-Junction,None,,,         ,Jessie,Meadows,Clear,Front to Rear,no,no,no,no,no,False
102512742,METROPOLITAN NASHVILLE POLICE DEPT,20190692964,Davidson,Nashville,9/18/2019 11:11:00 AM,2,1,0,36.151720,-86.752490,I 40,,,,0.00,,,,,,,211.45,N,Not at Intersection,N,Non-Junction,None,,,         ,Gerry,Hutcheson,Clear,Front to Rear,no,no,no,no,no,False
102512759,METROPOLITAN NASHVILLE POLICE DEPT,20190693219,Davidson,Nashville,9/18/2019 12:44:00 PM,2,0,0,36.150230,-86.857630,CHARLOTTE PKE,,,,79.00,Feet,West,ORLANDO AV,,,,0.00,N,Not at Intersection, ,Non-Junction,None,,,         ,Curtis,Rich,Clear,Angle,no,no,no,no,no,False
102512764,METROPOLITAN NASHVILLE POLICE DEPT,20190692780,Davidson,Goodlettsville,9/18/2019 8:28:00 AM,2,0,0,36.304700,-86.688960,US HWY 31E,,,,0.00,,,LIBERTY LN,,,,0.00,Y,Four-Way,N,Intersection,None,,,         ,Brandon,Bilbrey,Clear,Angle,no,no,no,no,yes,False
102512779,METROPOLITAN NASHVILLE POLICE DEPT,20190693138,Davidson,Nashville,9/18/2019 12:15:00 PM,2,0,0,36.155760,-86.827430,I 40,,,,0.00,,,,,,,205.65,N,Not at Intersection,N,Non-Junction,None,,,         ,Wesley,Young,Clear,"Sideswipe, Same Direction",no,no,no,no,yes,False
102512817,METROPOLITAN NASHVILLE POLICE DEPT,20190693211,Davidson,Nashville,9/18/2019 12:45:00 PM,2,0,0,36.204850,-86.752580,OAKWOOD AV,,,,0.00,,,E TRINITY LN,,,,0.00,Y,T-Intersection,N,Intersection-Related,None,,,         ,Russell,Freeman,Clear,Angle,no,no,no,no,no,False
102512825,METROPOLITAN NASHVILLE POLICE DEPT,2019687064,Davidson,Nashville,9/16/2019 7:00:00 AM,2,0,0,36.153570,-86.788410,14TH AVS,,,,0.00,,,DEMONBREUN ST,,,,0.00,Y,Four-Way, ,Intersection,None,,,         ,Cory,West,Clear,"Sideswipe, Same Direction",no,no,no,no,no,False
102512832,METROPOLITAN NASHVILLE POLICE DEPT,20190693116,Davidson,Nashville,9/18/2019 11:44:00 AM,2,0,0,36.110990,-86.746260,THOMPSON LN,,,,777.00,Feet,East,GRANDVIEW AV,,,,0.00,N,Not at Intersection, ,Non-Junction,None,,,         ,Jose,Oliveros,Clear,Front to Rear,no,no,no,no,no,False
102512871,METROPOLITAN NASHVILLE POLICE DEPT,20190693381,Davidson,Nashville,9/18/2019 2:10:00 PM,2,0,0,36.138560,-86.731510,MURFREESBORO PKE,,,,0.00,Feet,,BLANTON AV,,,,0.00,Y,T-Intersection, ,Intersection-Related,None,,,         ,Tien,Nguyen,Clear,"Sideswipe, Same Direction",no,no,no,no,no,False
102512876,BERRY HILL POLICE DEPT,19-3898,Davidson,Berry Hill,9/17/2019 7:45:00 AM,2,0,0,36.120550,-86.775170,FRANKLIN PKE,,,,0.00,Feet,East,KIRKWOOD AV,,,,0.00,N,Not at Intersection, ,Non-Junction,None,,,         ,Ronnie,Hill,Clear,Front to Rear,no,no,no,no,no,False
102512895,METROPOLITAN NASHVILLE POLICE DEPT,20190693333,Davidson,Madison,9/18/2019 1:45:00 PM,2,0,0,36.262300,-86.738010,I 65,,,,0.00,,,,,,,92.10,N,Not at Intersection,N,Non-Junction,None,,,         ,Ryan,Russell,Clear,"Sideswipe, Same Direction",no,no,no,no,no,False
102512897,METROPOLITAN NASHVILLE POLICE DEPT,20190693404,Davidson,Nashville,9/18/2019 2:19:00 PM,2,0,0,36.169650,-86.587450,I 40,,,,0.00,,,,,,,221.55,N,Not at Intersection,N,Non-Junction,None,,,         ,Michael,Dance,Clear,"Sideswipe, Same Direction",no,no,no,no,no,False
102512919,METROPOLITAN NASHVILLE POLICE DEPT,20190693310,Davidson,Nashville,9/18/2019 1:36:00 PM,2,0,0,36.116050,-86.810580,HILLSBORO PKE,,,,0.00,,,HAMPTON AV,,,,0.00,Y,T-Intersection,N,Intersection,None,,,         ,Roger,Luther,Clear,Other,no,no,no,no,no,False
102512923,METROPOLITAN NASHVILLE POLICE DEPT,20190693194,Davidson,Nashville,9/18/2019 12:13:00 PM,2,0,0,36.130050,-86.802170,21ST AVS,,,,105.00,Feet,South,BLAIR BLVD,,,,0.00,N,Not at Intersection,N,Non-Junction,None,,,         ,Justin,Pinkelton,Clear,Angle,no,no,no,no,no,False
102512924,METROPOLITAN NASHVILLE POLICE DEPT,20190693449,Davidson,Nashville,9/18/2019 12:57:00 PM,1,0,0,36.248810,-86.753230,OLD DUE WEST AV,,,,1181.00,Feet,East,SKYLINE MEMORIAL CT,,,,0.00,N,Not at Intersection,N,Non-Junction,None,,,         ,Christopher,Littles,Clear,Not Collision with Motor Vehicle in Transport,no,no,no,no,no,False
102512936,VANDERBILT UNIVERSITY POLICE,20190693205,Davidson,Nashville,9/17/2019 12:00:00 AM,2,0,0,36.141950,-86.796260,APPLETON PL,,,,0.00,,,,,,,0.00,,,N,Non-Junction,None,,,         ,Yasemine,Lomax,Clear,Other,no,no,no,yes,no,Campus
102512941,METROPOLITAN NASHVILLE POLICE DEPT,20190693442,Davidson,Nashville,9/18/2019 2:35:00 PM,2,1,0,36.080370,-86.685700,ANTIOCH PKE,,,,0.00,,,FRANKLIN LIMESTONE RD,,,,0.00,Y,Four-Way,Y,Intersection,None,,,         ,Jesse,Cox,Clear,Angle,no,no,no,no,no,False
102512942,METROPOLITAN NASHVILLE POLICE DEPT,20190693389,Davidson,Nashville,9/18/2019 2:12:00 PM,2,0,0,36.206510,-86.593190,ATLANTA DR,,,,0.00,,,CONCORD DR,,,,0.00,Y,T-Intersection,N,Intersection,None,,,         ,Thomas,Odom,Clear,"Sideswipe, Same Direction",no,no,no,no,yes,False
102512950,METROPOLITAN NASHVILLE POLICE DEPT,20190693030,Davidson,Nashville,9/18/2019 11:29:00 AM,2,0,0,36.169210,-86.779660,2ND AVN,,,,0.00,,,GAY ST,,,,0.00,Y,Four-Way,N,Non-Junction,Construction Zone,Other,Activity Area,         ,Michael,Douglas,Clear,Other,no,no,no,no,no,False
102512952,METROPOLITAN NASHVILLE POLICE DEPT,20190693440,Davidson,Nashville,9/18/2019 2:40:00 PM,2,0,0,36.074480,-86.920940,OLD HICKORY BLVD,,,,0.00,,,HIGHWAY 70S,,,,0.00,Y,Four-Way, ,Intersection-Related,None,,,         ,Katelyn,Argeroplos,Clear,Front to Rear,no,no,no,no,no,False
102512969,METROPOLITAN NASHVILLE POLICE DEPT,20190693522,Davidson,Nashville,9/18/2019 3:15:00 PM,2,0,0,36.130290,-86.817270,I 440,,,,0.00,,,,,,,2.00,N,Not at Intersection,N,Non-Junction,None,,,         ,Conor,Cronin,Clear,Front to Rear,no,no,no,no,yes,False
102512977,METROPOLITAN NASHVILLE POLICE DEPT,20190693454,Davidson,Nashville,9/18/2019 2:35:00 PM,2,0,0,36.074890,-86.919580,US HWY 70S,,,,419.00,Feet,East,STATE HWY 251,,,,0.00,N,Not at Intersection, ,Non-Junction,None,,,         ,Ty,Cummings,Clear,"Sideswipe, Same Direction",no,no,no,no,no,False
102513010,METROPOLITAN NASHVILLE POLICE DEPT,20190693489,Davidson,Nashville,9/18/2019 1:53:00 PM,2,0,0,36.175850,-86.755680,MCFERRIN AV,,,,294.00,Feet,West,WOODLAND ST,,,,0.00,N,Not at Intersection, ,Non-Junction,None,,,         ,Garrett,Latham,Clear,Rear to Side,no,no,no,no,no,False
102513013,METROPOLITAN NASHVILLE POLICE DEPT,20190693263,Davidson,Nashville,9/18/2019 12:04:00 PM,2,0,0,36.165220,-86.792550,11TH AVN,,,,0.00,,,MILSON AV,,,,0.00,Y,OTHER, ,,None,,,         ,Michael,Douglas,,,no,no,no,no,no,False
102513015,METROPOLITAN NASHVILLE POLICE DEPT,20190693597,Davidson,Nashville,9/18/2019 4:07:00 PM,2,0,0,36.185260,-86.609620,ANDREW JACKSON PKWY,,,,661.00,Feet,North,OLD HICKORY BLVD,,,,0.00,N,Not at Intersection, ,Non-Junction,None,,,         ,Ricki,Armstrong,Clear,Front to Rear,no,no,no,no,no,False
102513023,METROPOLITAN NASHVILLE POLICE DEPT,20190693658,Davidson,Nashville,9/18/2019 4:09:00 PM,2,0,0,36.241420,-86.763210,BRILEY PKWYE,,,,1005.00,Feet,East,OAKVIEW DR,,,,0.00,N,Not at Intersection,N,Non-Junction,None,,,         ,Christopher,Littles,Clear,Front to Rear,no,no,no,no,yes,False
102513025,METROPOLITAN NASHVILLE POLICE DEPT,20190693413,Davidson,Nashville,9/18/2019 2:22:00 PM,3,1,0,36.191850,-86.781260,I 65,,,,0.00,,,,,,,86.25,N,Not at Intersection,Y,OtherLocation,None,,,         ,Frank,Campbell,Clear,Front to Rear,no,no,no,no,no,False
102513032,METROPOLITAN NASHVILLE POLICE DEPT,20190693576,Davidson,Nashville,9/18/2019 3:00:00 PM,2,0,0,36.147420,-86.743930,I 40,,,,0.00,,,,,,,212.00,N,Not at Intersection, ,,None,,,         ,Darci,Stechman,,,no,no,no,no,no,False
102513044,METROPOLITAN NASHVILLE POLICE DEPT,20190693641,Davidson,Nashville,9/18/2019 12:00:00 AM,2,0,0,36.037720,-86.662900,MOUNTAINHIGH DR,,,,946.00,Feet,North,CHIMNEYTOP DR,,,,0.00,N,Not at Intersection, ,,None,,,         ,Patrick,Martin,,,no,no,no,no,no,False
102513054,METROPOLITAN NASHVILLE POLICE DEPT,20190693650,Davidson,Nashville,9/18/2019 4:21:00 PM,2,0,0,36.163280,-86.867870,BRILEY PKWYN,,,,100.00,Feet,South,63RD AVN,,,,0.00,N,Not at Intersection, ,,None,,,         ,Justin,Coyle,,,no,no,no,no,no,False
102513055,METROPOLITAN NASHVILLE POLICE DEPT,20190693600,Davidson,Nashville,9/18/2019 4:00:00 PM,2,0,0,36.197360,-86.608570,ANDREW JACKSON PKWY,,,,0.00,Feet,East,TYLER DR,,,,0.00,N,Not at Intersection,N,Non-Junction,None,,,         ,Andrew,Anoskey,Clear,Angle,no,no,no,no,no,False
102513064,METROPOLITAN NASHVILLE POLICE DEPT,20190693754,Davidson,Nashville,9/18/2019 5:36:00 PM,2,1,0,36.097420,-86.657580,US HWY 41,,,,554.00,Feet,West,OLD MURFREESBORO PIKE,,,,0.00,N,Not at Intersection,N,Non-Junction,None,,,         ,Brady,Reynolds,Clear,Front to Rear,no,no,no,no,no,False
102513066,METROPOLITAN NASHVILLE POLICE DEPT,20190693775,Davidson,Not in City Limit,9/18/2019 5:47:00 PM,1,0,0,36.272240,-86.691050,ANDERSON LN,,,,441.00,Feet,West,MYATT DR,,,,0.00,N,Not at Intersection, ,Non-Junction,None,,,         ,Christopher,Littles,Clear,Not Collision with Motor Vehicle in Transport,no,no,no,yes,no,False
102513067,METROPOLITAN NASHVILLE POLICE DEPT,20190693703,Davidson,Nashville,9/18/2019 4:48:00 PM,3,0,0,36.155540,-86.789930,US HWY 70S,,,,71.00,Feet,West,14TH AVE,,,,0.00,N,Not at Intersection, ,,None,,,         ,Thomas,Broatch,,,no,no,no,no,no,False
102513080,METROPOLITAN NASHVILLE POLICE DEPT,20190693649,Davidson,Nashville,9/18/2019 4:20:00 PM,2,0,0,36.120110,-86.802710,I 440,,,,0.00,,,,,,,3.00,N,Not at Intersection, ,,Construction Zone,,,         ,Kristopher,Sutton,,,no,no,no,no,no,False
102513092,METROPOLITAN NASHVILLE POLICE DEPT,20190693748,Davidson,Nashville,9/18/2019 5:31:00 PM,2,0,0,36.181840,-86.799850,I 65,,,,0.00,,,,,,,85.15,N,Not at Intersection,N,Non-Junction,None,,,         ,Cressie,Prill,Clear,Front to Rear,no,no,no,no,no,False
102513093,METROPOLITAN NASHVILLE POLICE DEPT,20190693667,Davidson,Not in City Limit,9/18/2019 4:36:00 PM,1,0,0,36.318140,-86.866510,WHITES CREEK PKE,,,,874.00,Feet,North,UNION HILL RD,,,,0.00,N,Not at Intersection,N,Non-Junction,None,,,         ,Justin,Vaughn,Clear,Not Collision with Motor Vehicle in Transport,no,no,no,no,no,False
102513094,METROPOLITAN NASHVILLE POLICE DEPT,20190693773,Davidson,Nashville,9/18/2019 4:41:00 PM,2,0,0,36.171510,-86.802770,I65 N ENT RAMP,,,,0.00,,,I 40,,,,0.00,Y,OTHER, ,Non-Junction,None,,,         ,Justin,Vaughn,Clear,Front to Rear,no,no,no,no,no,False
102513095,METROPOLITAN NASHVILLE POLICE DEPT,20190693789,Davidson,Nashville,9/18/2019 5:54:00 PM,2,1,0,36.152250,-86.840620,CHARLOTTE AV,,,,86.00,Feet,East,45TH AVN,,,,0.00,N,Not at Intersection, ,Non-Junction,None,,,         ,Brandon,Pedigo,Clear,Front to Rear,no,no,no,no,no,False
102513098,METROPOLITAN NASHVILLE POLICE DEPT,20190693398,Davidson,Nashville,9/18/2019 1:29:00 PM,2,0,0,36.146220,-86.792620,16TH AVS,,,,194.00,Feet,South,MUSIC SQS,,,,0.00,N,Not at Intersection, ,Non-Junction,None,,,         ,Phillip,Murphy,Clear,"Sideswipe, Same Direction",no,no,no,no,no,False
102513099,METROPOLITAN NASHVILLE POLICE DEPT,20190693759,Davidson,Nashville,9/18/2019 5:31:00 PM,2,0,0,36.152270,-86.767050,I 40,,,,0.00,,,,,,,210.55,N,Not at Intersection,N,Non-Junction,None,,,         ,Derek,Betty,Clear,Rear to Side,no,no,no,no,no,False
102513101,METROPOLITAN NASHVILLE POLICE DEPT,20190693727,Davidson,Nashville,9/18/2019 4:55:00 PM,2,0,0,36.079670,-86.726340,NOLENSVILLE PKE,,,,0.00,,,HARDING PL,,,,0.00,Y,Four-Way, ,,None,,,         ,Jesse,Cox,,,no,no,no,no,no,False
102513103,METROPOLITAN NASHVILLE POLICE DEPT,20190693579,Davidson,Not in City Limit,9/18/2019 3:57:00 PM,2,0,0,36.324210,-86.867010,I 24,,,,0.00,,,,,,,35.00,N,Not at Intersection, ,Non-Junction,None,,,         ,Justin,Vaughn,Clear,Angle,no,no,no,no,no,False
102513106,METROPOLITAN NASHVILLE POLICE DEPT,20190693621,Davidson,Nashville,9/18/2019 4:21:00 PM,2,0,0,36.128060,-86.908000,CHARLOTTE PKE,,,,384.00,Feet,West,RIVER RD,,,,0.00,N,Not at Intersection, ,,None,,,         ,Ryan,Allen,,,no,no,no,yes,no,False
102513110,METROPOLITAN NASHVILLE POLICE DEPT,20190693591,Davidson,Nashville,9/18/2019 2:30:00 PM,2,0,0,36.079820,-86.725510,HARDING PL,,,,202.00,Feet,West,SEVEN MILE CREEK HARDING MALL,,,,0.00,N,Not at Intersection,N,Non-Junction,None,,,         ,William,King,Clear,"Sideswipe, Same Direction",no,no,no,no,no,False
102513111,METROPOLITAN NASHVILLE POLICE DEPT,20190693783,Davidson,Nashville,9/18/2019 5:37:00 PM,2,0,0,36.158550,-86.782910,BROADWAY,,,,57.00,Feet,West,9TH AVN,,,,0.00,N,Not at Intersection, ,Non-Junction,None,,,         ,David,Snowden,Clear,Angle,no,no,no,no,no,False
102513127,METROPOLITAN NASHVILLE POLICE DEPT,20190693769,Davidson,Nashville,9/18/2019 4:48:00 PM,2,0,0,36.076310,-86.643430,DOVER GLEN DR,,,,0.00,,,DOVER GLEN PVTDR,,,,0.00,Y,Four-Way, ,Intersection-Related,None,,,         ,Patrick,Martin,Clear,"Sideswipe, Same Direction",no,no,no,no,no,False
102513128,METROPOLITAN NASHVILLE POLICE DEPT,20190693851,Davidson,Nashville,9/18/2019 6:10:00 PM,2,0,0,36.151900,-86.625090,BELL RD,,,,130.00,Feet,South,BLACKWOOD DR,,,,0.00,N,Not at Intersection,N,Non-Junction,None,,,         ,Brady,Reynolds,Clear,Front to Rear,no,no,no,no,yes,False
102513129,METROPOLITAN NASHVILLE POLICE DEPT,20190693885,Davidson,Nashville,9/18/2019 5:40:00 PM,3,0,0,36.045590,-86.660300,I24 E EXT RAMP,,,,284.00,Feet,North,BELL RD,,,,0.00,N,Not at Intersection,N,Non-Junction,None,,,         ,Jesse,Cox,Clear,Front to Rear,no,no,no,no,yes,False
102513143,METROPOLITAN NASHVILLE POLICE DEPT,20190693847,Davidson,Nashville,9/18/2019 5:03:00 PM,2,0,0,36.136390,-86.760590,MOORE AV,,,,0.00,,,ENSLEY BLVD,,,,0.00,Y,OTHER,N,Intersection,None,,,         ,Randy,Puckett,Clear,Angle,no,no,no,no,yes,False
102513144,METROPOLITAN NASHVILLE POLICE DEPT,20190693517,Davidson,Nashville,9/18/2019 11:49:00 AM,2,0,0,36.154280,-86.792900,16TH AVE S,,,,0.00,,,US HWY 70S,,,,0.00,Y,T-Intersection, ,Intersection,None,,,         ,Thomas,Broatch,Clear,Angle,no,no,no,no,no,False
102513151,METROPOLITAN NASHVILLE POLICE DEPT,20190693873,Davidson,Not in City Limit,9/18/2019 6:38:00 PM,2,1,0,36.264100,-86.724180,OLD HICKORY BLVDW,,,,0.00,,,HERITAGE DR,,,,0.00,Y,T-Intersection,N,Intersection,None,,,         ,Christopher,Littles,Clear,Front to Rear,no,no,no,no,no,False
102513152,METROPOLITAN NASHVILLE POLICE DEPT,20190693984,Davidson,Not in City Limit,9/18/2019 7:46:00 PM,2,0,0,36.259310,-86.683970,WARRIOR RD,,,,278.00,Feet,East,LARKIN SPRINGS RD,,,,0.00,N,Not at Intersection,N,Non-Junction,None,,,         ,Christopher,Littles,Clear,"Sideswipe, Same Direction",no,no,no,no,yes,False
102513158,METROPOLITAN NASHVILLE POLICE DEPT,20190693856,Davidson,Nashville,9/18/2019 6:30:00 PM,2,0,0,36.100940,-86.818730,OVERHILL DR,,,,0.00,,,HILLSBORO PKE,,,,0.00,Y,Four-Way, ,,None,,,         ,Kristopher,Sutton,,,no,no,no,no,no,False
102513159,METROPOLITAN NASHVILLE POLICE DEPT,20190693919,Davidson,Nashville,9/18/2019 7:07:00 PM,2,0,0,36.175770,-86.750900,RUSSELL ST,,,,226.00,Feet,West,S 11TH ST,,,,0.00,N,Not at Intersection, ,,None,,,         ,Brynn,Cellan,,,no,no,no,no,no,False