master_record_number,agency,agency_tracking_number,county,city,collision_date,vehicles_involved,number_injured,number_dead,latitude,longitude,roadway_name,roadway_suffix,roadway_number,roadway_local_id,distance_from_reference,miles-feet_indicator,direction_from_reference,intersection_road_name,intersection_road_name_suffix,intersection_road_number,intersection_local_id,mile_marker,intersection_indicator,intersect_type,interchange_related_indicator,relation_to_junction,work_zone_type,construction_maintenance_zone,construction_maintenance_zone_location,fatal_case_number,officer_first_name,officer_last_name,weather_condition(s),manner_of_crash,pedestrian,bicycle,scooter,parking,hitrun,mou
102516810,METROPOLITAN NASHVILLE POLICE DEPT,20190700402,Davidson,Nashville,9/21/2019 11:15:00 AM,2,0,0,36.116700,-86.923240,US HWY 70,,,,11.00,Feet,West,STATE HWY 251,,,,0.00,N,Not at Intersection, ,Non-Junction,None,,,         ,Terrence,Bradley,,Front to Rear,no,no,no,no,no,False
102516813,METROPOLITAN NASHVILLE POLICE DEPT,20190702319,Davidson,Nashville,9/22/2019 9:10:00 AM,2,0,0,36.169530,-86.757180,SHELBY AV,,,,228.00,Feet,East,S 7TH ST,,,,0.00,N,Not at Intersection,N,Non-Junction,None,,,         ,Faye,Denson,Clear,Front to Rear,no,no,no,no,yes,False
102516827,METROPOLITAN NASHVILLE POLICE DEPT,20190702425,Davidson,Nashville,9/22/2019 10:20:00 AM,2,0,0,36.120950,-86.764880,I 440,,,,0.00,,,,,,,5.50,N,Not at Intersection, ,Non-Junction,Construction Zone,,,         ,David,Barras,Clear,"Sideswipe, Same Direction",no,no,no,no,no,False
102516830,METROPOLITAN NASHVILLE POLICE DEPT,20190702490,Davidson,Nashville,9/22/2019 11:45:00 AM,2,0,0,36.134850,-86.776170,I65 S EXT RAMP,,,,271.00,Feet,North,I 65,,,,0.00,N,Not at Intersection, ,Entrance/Exit Ramp Related,None,,,         ,Adam,Reese,Clear,Front to Rear,no,no,no,no,no,False
102516831,METROPOLITAN NASHVILLE POLICE DEPT,20190702463,Davidson,Nashville,9/22/2019 11:30:00 AM,2,0,0,36.108280,-86.765740,POWELL AV,,,,722.00,Feet,North,POWELL PL,,,,0.00,N,Not at Intersection, ,Non-Junction,None,,,         ,Jose,Oliveros,Clear,Front to Rear,no,no,no,no,no,False
102516833,METROPOLITAN NASHVILLE POLICE DEPT,20190702412,Davidson,Nashville,9/22/2019 9:40:00 AM,2,0,0,36.217380,-86.790440,OLD MATTHEWS RD,,,,337.00,Feet,North,COMBS DR,,,,0.00,N,Not at Intersection, ,Non-Junction,None,,,         ,Royce,McLester,Clear,Angle,no,no,no,no,no,False
102516841,METROPOLITAN NASHVILLE POLICE DEPT,20190702505,Davidson,Nashville,9/22/2019 12:01:00 PM,2,0,0,36.141950,-86.816230,32ND AVS,,,,0.00,Feet,East,WEST END AV,,,,0.00,N,Not at Intersection, ,Non-Junction,None,,,         ,Devin,Mabry,Clear,"Sideswipe, Same Direction",no,no,no,no,no,Campus
102516847,METROPOLITAN NASHVILLE POLICE DEPT,20190702465,Davidson,Nashville,9/22/2019 10:55:00 AM,2,0,0,36.139780,-86.881380,ANNEX AV,,,,355.00,Feet,North,CHARLOTTE PKE,,,,0.00,N,Not at Intersection,N,Non-Junction,None,,,         ,Brian,Myatt,Clear,"Sideswipe, Same Direction",no,no,no,no,no,False
102516849,METROPOLITAN NASHVILLE POLICE DEPT,20190702511,Davidson,Antioch,9/22/2019 12:05:00 PM,2,0,0,36.013030,-86.620890,I24 E EXT RAMP,,,,0.00,,,I 24,,,,0.00,Y,T-Intersection, ,,None,,,         ,Nicholas,Carter,,,no,no,no,no,no,False
102516858,METROPOLITAN NASHVILLE POLICE DEPT,20190702441,Davidson,Nashville,9/22/2019 11:05:00 AM,2,0,0,36.240110,-86.752690,I 65,,,,0.00,,,,,,,90.30,N,Not at Intersection,N,Non-Junction,None,,,         ,Brandon,Bilbrey,Clear,Angle,no,no,no,no,no,False
102516863,METROPOLITAN NASHVILLE POLICE DEPT,20190702587,Davidson,Nashville,9/22/2019 1:11:00 PM,2,0,0,36.158540,-86.782910,BROADWAY,,,,53.00,Feet,West,9TH AVN,,,,0.00,N,Not at Intersection, ,,None,,,         ,Kyle,Eicholtz,,,no,no,no,no,no,False
102516876,METROPOLITAN NASHVILLE POLICE DEPT,20190702521,Davidson,Nashville,9/22/2019 12:18:00 PM,2,0,0,36.136070,-86.726720,I 24,,,,0.00,,,,,,,52.25,N,Not at Intersection,N,Non-Junction,None,,,         ,Richard,Luellen,Clear,"Sideswipe, Same Direction",no,no,no,no,yes,False
102516903,METROPOLITAN NASHVILLE POLICE DEPT,20190702581,Davidson,Nashville,9/22/2019 1:04:00 PM,2,0,0,36.084980,-86.703270,HARDING PL,,,,54.00,Feet,East,TRAVELERS INN DR,,,,0.00,N,Not at Intersection, ,Non-Junction,None,,,         ,Ian,Wilson,Clear,"Sideswipe, Same Direction",no,no,no,no,yes,False
102516935,METROPOLITAN NASHVILLE POLICE DEPT,20190702567,Davidson,Nashville,9/22/2019 12:53:00 PM,2,0,0,36.134420,-86.727110,I 24,,,,0.00,,,,,,,52.10,N,Not at Intersection, ,Non-Junction,None,,,         ,Nopel,Stella,Clear,Front to Rear,no,no,no,no,no,False
102516949,BERRY HILL POLICE DEPT,19-3996,Davidson,Berry Hill,9/22/2019 11:00:00 AM,2,0,0,36.120810,-86.765670,BRANSFORD AV,,,,0.00,,,BERRY RD,,,,0.00,Y,T-Intersection,N,Non-Junction,None,,,         ,Larry,Carter,Clear,Front to Rear,no,no,no,no,no,False
102516952,METROPOLITAN NASHVILLE POLICE DEPT,20190702631,Davidson,Nashville,9/22/2019 1:54:00 PM,2,0,0,36.094050,-86.806220,LONE OAK RD,,,,0.00,,,BELMONT PARK TER,,,,0.00,Y,Four-Way, ,Intersection,None,,,         ,Jose,Oliveros,Clear,Angle,no,no,no,no,no,False
102516956,METROPOLITAN NASHVILLE POLICE DEPT,20190702605,Davidson,Nashville,9/22/2019 12:59:00 PM,3,0,0,36.180290,-86.621410,CENTRAL PKE,,,,0.00,,,BRANDAU RD,,,,0.00,Y,T-Intersection, ,Intersection,None,,,         ,Michael,Brooks,Clear,Front to Rear,no,no,no,no,no,False
102516957,METROPOLITAN NASHVILLE POLICE DEPT,20190702654,Davidson,Nashville,9/22/2019 2:19:00 PM,2,0,0,36.046730,-86.661700,I 24,,,,0.00,,,,,,,59.25,N,Not at Intersection, ,Non-Junction,None,,,         ,Ryan,Howard,Clear,Front to Rear,no,no,no,no,no,False
102516984,METROPOLITAN NASHVILLE POLICE DEPT,20190702389,Davidson,Nashville,9/22/2019 10:24:00 AM,2,5,0,36.116700,-86.923240,US HWY 70,,,,11.00,Feet,West,STATE HWY 251,,,,0.00,N,Not at Intersection,N,Non-Junction,None,,,         ,Terrence,Bradley,Clear,Angle,no,no,no,no,no,False
102516994,METROPOLITAN NASHVILLE POLICE DEPT,20190701236,Davidson,Nashville,9/21/2019 8:12:00 PM,1,0,0,36.154560,-86.798470,CHURCH ST,,,,166.00,Feet,East,19TH AVE N,,,,0.00,N,Not at Intersection, ,Non-Junction,None,,,         ,Thomas,Broatch,Clear,Not Collision with Motor Vehicle in Transport,yes,no,no,no,no,False
102517014,METROPOLITAN NASHVILLE POLICE DEPT,20190702522,Davidson,Nashville,9/22/2019 12:17:00 PM,2,0,0,36.246660,-86.756610,DICKERSON PKE,,,,0.00,,,SKYLINE COMMONS PVTDR,,,,0.00,Y,T-Intersection, ,Intersection,None,,,         ,Gabriel,Centeno,Clear,Front to Rear,no,no,no,no,no,False
102517019,METROPOLITAN NASHVILLE POLICE DEPT,20190701285,Davidson,Nashville,9/21/2019 6:30:00 PM,2,0,0,36.152790,-86.844770,48TH AVN,,,,100.00,Feet,South,ALABAMA AV,,,,0.00,N,Not at Intersection,N,"Driveway, Alley Access, etc",None,,,         ,Justin,Coyle,Clear,"Sideswipe, Opposite Direction",no,no,no,no,yes,False
102517031,METROPOLITAN NASHVILLE POLICE DEPT,20190702700,Davidson,Nashville,9/22/2019 2:15:00 PM,2,0,0,36.115870,-86.784450,I 440,,,,0.00,,,,,,,4.30,N,Not at Intersection,Y,Non-Junction,None,,,         ,Heather,Fox,Clear,Front to Rear,no,no,no,no,yes,False
102517038,METROPOLITAN NASHVILLE POLICE DEPT,20190702754,Davidson,Nashville,9/22/2019 3:21:00 PM,2,1,0,36.215140,-86.602200,US HWY 70,,,,709.00,Feet,West,SHUTE LN,,,,0.00,N,Not at Intersection,N,Non-Junction,None,,,         ,Steven,Powers,Clear,Angle,no,no,no,no,no,False
102517039,METROPOLITAN NASHVILLE POLICE DEPT,20190702739,Davidson,Nashville,9/22/2019 2:35:00 PM,2,0,0,36.231450,-86.760460,OAK VALLEY DR,,,,447.00,Feet,West,DICKERSON PKE,,,,0.00,N,Not at Intersection,N,Non-Junction,None,,,         ,Chad,Connors,Clear,Unknown,no,no,no,yes,yes,False
102517040,METROPOLITAN NASHVILLE POLICE DEPT,20190702642,Davidson,Antioch,9/22/2019 12:57:00 PM,2,0,0,36.069940,-86.585310,ARVINGTON WAY,,,,185.00,Feet,East,SMITH SPRINGS PKWY,,,,0.00,N,Not at Intersection, ,,None,,,         ,Laura,Williams,,,no,no,no,no,no,False
102517042,METROPOLITAN NASHVILLE POLICE DEPT,20190702737,Davidson,Not in City Limit,9/22/2019 3:19:00 PM,2,0,0,36.278820,-86.734030,I 65,,,,0.00,,,,,,,93.25,N,Not at Intersection,N,Non-Junction,None,,,         ,Jacob,Krispin,Clear,Front to Rear,no,no,no,no,no,False
102517048,METROPOLITAN NASHVILLE POLICE DEPT,20190702664,Davidson,Nashville,9/22/2019 2:40:00 PM,1,0,0,36.138620,-86.628490,BELL RD,,,,402.00,Feet,East,REELFOOT CIR,,,,0.00,N,Not at Intersection,N,Non-Junction,None,,,         ,Samuel,Fredericks,Clear,Not Collision with Motor Vehicle in Transport,no,no,no,no,no,False
102517049,METROPOLITAN NASHVILLE POLICE DEPT,20190702746,Davidson,Nashville,9/22/2019 2:20:00 PM,2,0,0,36.168610,-86.776350,JAMES ROBERTSON PKWY,,,,358.00,Feet,East,GAY ST,,,,0.00,N,Not at Intersection, ,Non-Junction,None,,,         ,Joseph,Bingham,Clear,"Sideswipe, Same Direction",no,no,no,no,no,False
102517090,METROPOLITAN NASHVILLE POLICE DEPT,20190702713,Davidson,Not in City Limit,9/22/2019 3:07:00 PM,2,2,0,36.266520,-86.689920,N DUPONT AV,,,,55.00,Feet,East,MYATT DR,,,,0.00,N,Not at Intersection,N,Non-Junction,None,,,         ,Keith,Parlato,Clear,Front to Rear,no,no,no,no,no,False
102517109,METROPOLITAN NASHVILLE POLICE DEPT,20190702697,Davidson,Nashville,9/22/2019 3:00:00 PM,3,0,0,36.196660,-86.742250,CAHAL AV,,,,0.00,,,GALLATIN AV,,,,0.00,Y,T-Intersection,N,Intersection,None,,,         ,Christopher,Butner,Clear,Front to Rear,no,no,no,no,no,False
102517148,METROPOLITAN NASHVILLE POLICE DEPT,20190702869,Davidson,Nashville,9/22/2019 5:10:00 PM,2,0,0,36.052930,-86.696940,DELVIN DR,,,,0.00,,,TUSCULUM CT,,,,0.00,Y,Four-Way, ,Intersection-Related,None,,,         ,Eric,Wegener,Clear,Angle,no,no,no,no,no,False
102517151,METROPOLITAN NASHVILLE POLICE DEPT,20190702793,Davidson,Nashville,9/22/2019 2:29:00 PM,2,0,0,36.059720,-86.722880,CHERRYWOOD DR,,,,123.00,Feet,West,MCMURRAY DR,,,,0.00,N,Not at Intersection, ,"Driveway, Alley Access, etc",None,,,         ,John,Chambers,Clear,Angle,no,no,no,no,no,False
102517154,METROPOLITAN NASHVILLE POLICE DEPT,20190702918,Davidson,Nashville,9/22/2019 5:15:00 PM,2,0,0,36.181830,-86.765260,LISCHEY AV,,,,200.00,Feet,South,GRACE ST,,,,0.00,N,Not at Intersection,N,Non-Junction,None,,,         ,Tyler,Adcock,Clear,"Sideswipe, Same Direction",no,no,no,no,yes,False
102517156,METROPOLITAN NASHVILLE POLICE DEPT,20190702920,Davidson,Nashville,9/22/2019 5:53:00 PM,1,1,0,36.052410,-86.683890,TUSCULUM RD,,,,333.00,Feet,West,BENZING RD,,,,0.00,N,Not at Intersection,N,Non-Junction,None,,,         ,Eric,Wegener,Clear,Not Collision with Motor Vehicle in Transport,no,no,no,no,no,False
102517164,METROPOLITAN NASHVILLE POLICE DEPT,20190702989,Davidson,Nashville,9/22/2019 6:30:00 PM,2,0,0,36.151280,-86.786140,DIVISION ST,,,,120.00,Feet,East,I40 E ENT RAMP,,,,0.00,N,Not at Intersection,N,Non-Junction,None,,,         ,Catherine,Poole,Clear,"Sideswipe, Same Direction",no,no,no,no,yes,False
102517165,METROPOLITAN NASHVILLE POLICE DEPT,20190702916,Davidson,Nashville,9/22/2019 12:00:00 AM,1,0,0,36.057980,-86.668490,MOUNT VIEW RD,,,,551.00,Feet,South,OTTENVILLE AVE,,,,0.00,N,Not at Intersection,N,Non-Junction,None,,,         ,Madison,Meiss,Clear,Not Collision with Motor Vehicle in Transport,no,no,no,no,yes,False
102517166,METROPOLITAN NASHVILLE POLICE DEPT,20190702943,Davidson,Nashville,9/22/2019 6:20:00 PM,1,1,0,36.176960,-86.775350,SPRING ST,,,,229.00,Feet,West,N 1ST ST,,,,0.00,N,Not at Intersection,N,Non-Junction,None,,,         ,Joseph,Bingham,Clear,Not Collision with Motor Vehicle in Transport,yes,no,no,no,yes,False
102517167,METROPOLITAN NASHVILLE POLICE DEPT,20190702796,Davidson,Nashville,9/22/2019 3:30:00 PM,2,0,0,36.163860,-86.822350,ALBION ST,,,,0.00,Feet,,30TH AVN,,,,0.00,Y,T-Intersection,N,Intersection-Related,None,,,         ,Jonathan,Sharp,Clear,Angle,no,no,no,no,no,False
102517173,METROPOLITAN NASHVILLE POLICE DEPT,20190702680,Davidson,Nashville,9/22/2019 2:50:00 PM,2,1,0,36.244880,-86.832270,CLARKSVILLE PKE,,,,981.00,Feet,South,DRY FORK RD,,,,0.00,N,Not at Intersection,N,Non-Junction,None,,,         ,Cressie,Prill,Clear,Front to Rear,no,no,no,no,no,False
102517180,METROPOLITAN NASHVILLE POLICE DEPT,20190703014,Davidson,Antioch,9/22/2019 7:20:00 PM,2,0,0,36.025940,-86.633550,I 24,,,,0.00,,,,,,,61.40,N,Not at Intersection, ,Non-Junction,None,,,         ,Eric,Wegener,Clear,Front to Rear,no,no,no,no,no,False
102517190,METROPOLITAN NASHVILLE POLICE DEPT,20190703043,Davidson,Nashville,9/22/2019 7:45:00 PM,2,0,0,36.230710,-86.748240,BROADMOOR DR,,,,0.00,,,ELLINGTON PKWY S EXT RAMP,,,,0.00,Y,OTHER,Y,Entrance/Exit Ramp Related,None,,,         ,Chad,Connors,Clear,Angle,no,no,no,no,yes,False
102517205,METROPOLITAN NASHVILLE POLICE DEPT,20190703033,Davidson,Nashville,9/22/2019 7:35:00 PM,1,1,0,36.133280,-86.723050,PLUS PARK BLVD,,,,208.00,Feet,North,PAVILION BLVD,,,,0.00,N,Not at Intersection,N,Non-Junction,None,,,         ,Brian,Quigley,Clear,Not Collision with Motor Vehicle in Transport,no,no,no,no,no,False
102517226,METROPOLITAN NASHVILLE POLICE DEPT,20190702788,Davidson,Not in City Limit,9/22/2019 4:00:00 PM,2,2,0,36.261120,-86.724360,BEVERLY DR,,,,0.00,,,LINDA LN,,,,0.00,Y,Four-Way,N,Intersection,None,,,         ,Mary,Robinson,Clear,Angle,no,no,no,no,no,False
102517252,METROPOLITAN NASHVILLE POLICE DEPT,20190703110,Davidson,Nashville,9/22/2019 8:56:00 PM,2,2,0,36.154370,-86.759780,I 40,,,,0.00,,,,,,,211.00,N,Not at Intersection,Y,Entrance/Exit Ramp Related,None,,,         ,Gabriel,Vasquez,Clear,Angle,no,no,no,no,no,False
102517262,METROPOLITAN NASHVILLE POLICE DEPT,20190703069,Davidson,Nashville,9/22/2019 6:18:00 PM,2,0,0,36.172200,-86.601740,STATE HWY 45,,,,162.00,Feet,South,RAMP,,,,0.00,N,Not at Intersection,N,"Driveway, Alley Access, etc",None,,,         ,Steven,Powers,Cloudy,HeadOn,no,no,no,yes,yes,False
102517268,METROPOLITAN NASHVILLE POLICE DEPT,20190703159,Davidson,Antioch,9/22/2019 7:10:00 PM,2,0,0,36.056940,-86.590800,HAMILTON CHURCH RD,,,,0.00,,,MARHADEN DR,,,,0.00,Y,T-Intersection,N,Non-Junction,None,,,         ,Eric,Wegener,Clear,Angle,no,no,no,no,no,False
102517276,METROPOLITAN NASHVILLE POLICE DEPT,20190703099,Davidson,Nashville,9/22/2019 8:46:00 PM,1,1,0,36.199120,-86.777050,BRICK CHURCH PKE,,,,343.00,Feet,South,READ AV,,,,0.00,N,Not at Intersection,N,Non-Junction,None,,,         ,Cressie,Prill,Clear,Not Collision with Motor Vehicle in Transport,no,no,no,no,yes,False
102517287,METROPOLITAN NASHVILLE POLICE DEPT,20190702845,Davidson,Nashville,9/22/2019 4:49:00 PM,2,1,0,36.133240,-86.894274,6836 CHARLOTTE PK,,,,60.00,Feet,North,CHARLOTTE PK,,,,0.00,N,Not at Intersection, ,Non-Junction,None,,,         ,Jeremy,Huffine,Clear,Angle,no,no,no,yes,no,False
102517289,METROPOLITAN NASHVILLE POLICE DEPT,20190703195,Davidson,Nashville,9/22/2019 10:25:00 PM,2,0,0,36.163490,-86.761950,I24 W EXT RAMP,,,,0.00,,,I 24,,,,0.00,Y,Y-Intersection,Y,Entrance/Exit Ramp Related,None,,,         ,Nicolas,Pernell,Clear,Angle,no,no,no,no,yes,False
102517290,METROPOLITAN NASHVILLE POLICE DEPT,20190702962,Davidson,Nashville,9/22/2019 6:25:00 PM,2,1,0,36.131880,-86.895530,CHARLOTTE PKE,,,,0.00,,,I40 E ENT RAMP,,,,0.00,Y,Four-Way,Y,Intersection-Related,None,,,         ,Ty,Cummings,Clear,"Sideswipe, Opposite Direction",no,no,no,no,yes,False
102517308,METROPOLITAN NASHVILLE POLICE DEPT,20190703178,Davidson,Nashville,9/22/2019 10:05:00 PM,2,1,0,36.110940,-86.745220,THOMPSON LN,,,,0.00,,,NOLENSVILLE PKE,,,,0.00,Y,Four-Way,N,Intersection,None,,,         ,Sean,Weaver,Clear,Angle,no,no,no,no,no,False
102517309,METROPOLITAN NASHVILLE POLICE DEPT,20190703202,Davidson,Nashville,9/22/2019 10:30:00 PM,2,1,0,36.071880,-86.636180,BELL RD,,,,3.00,Feet,North,MURFREESBORO PKE,,,,0.00,N,Not at Intersection,N,Non-Junction,None,,,         ,Arend,Groeneweg,Clear,Angle,no,no,no,no,no,False
102517334,METROPOLITAN NASHVILLE POLICE DEPT,20190703394,Davidson,Nashville,9/22/2019 6:56:00 PM,2,0,0,36.069170,-86.690990,I24 E EXT RAMP,,,,0.00,,,I 24,,,,0.00,Y,OTHER,Y,Entrance/Exit Ramp Related,None,,,         ,Michael,Hunnicutt,Clear,Front to Rear,no,no,no,no,yes,False
102517342,METROPOLITAN NASHVILLE POLICE DEPT,20190703424,Davidson,Nashville,9/22/2019 5:25:00 PM,2,0,0,36.065380,-86.622290,CALAIS CIR,,,,98.00,Feet,West,OWENDALE DR,,,,0.00,N,Not at Intersection, ,Non-Junction,None,,,         ,Kyle,Burks,Clear,Angle,no,no,no,no,no,False
102517343,METROPOLITAN NASHVILLE POLICE DEPT,20190703247,Davidson,Nashville,9/22/2019 12:00:00 AM,2,0,0,36.087270,-86.692580,HARDING PL,,,,123.00,Feet,West,ANTIOCH PKE,,,,0.00,N,Not at Intersection,N,Non-Junction,None,,,         ,Daryn,Yentes,Clear,Front to Rear,no,no,no,no,yes,False
102517593,METROPOLITAN NASHVILLE POLICE DEPT,20190704197,Davidson,Nashville,9/22/2019 12:00:00 AM,2,0,0,36.048770,-86.665180,I 24,,,,0.00,,,,,,,59.00,N,Not at Intersection, ,Non-Junction,None,,,         ,Tien,Nguyen,Clear,"Sideswipe, Same Direction",no,no,no,no,no,False
102517737,Metro Park Police,20190702123,Davidson,Not in City Limit,9/21/2019 7:00:00 AM,1,0,0,36.262050,-86.891440,OLD HICKORY BLVD,,,,0.00,,,EATONS CREEK RD,,,,0.00,Y,T-Intersection, ,Non-Junction,None,,,         ,Aubrey,Whitworth JR,Clear,Not Collision with Motor Vehicle in Transport,no,no,no,no,no,False
102517916,METROPOLITAN NASHVILLE POLICE DEPT,20190704845,Davidson,Nashville,9/21/2019 10:15:00 PM,1,0,0,36.168660,-86.601390,MILLS RD,,,,314.00,Feet,West,OLD HICKORY BLVD,,,,0.00,N,Not at Intersection,N,Non-Junction,None,,,         ,Gordon,Stovall,Clear,Not Collision with Motor Vehicle in Transport,no,no,no,yes,yes,False
102520092,Nashville Airport Police,2019-03950,Davidson,Nashville,9/13/2019 7:49:00 PM,2,0,0,36.131830,-86.668780,TERMINAL DR,,,,1067.00,Feet,West,BNA DR,,,,0.00,N,Not at Intersection, ,Non-Junction,None,,,         ,Christopher,Kullman,Clear,"Sideswipe, Same Direction",no,no,no,no,no,False
102521697,Metro Park Police,19-0681722,Davidson,Nashville,9/13/2019 1:10:00 PM,2,0,0,36.085950,-86.871690,FORREST PARK DR,,,,0.00,Feet,East,MAYBELLE LN,,,,0.00,N,Not at Intersection,N,Non-Junction,None,,,         ,Roy,Lee,Clear,Rear to Rear,no,no,no,yes,yes,False
102523006,VANDERBILT UNIVERSITY POLICE,20190717112,Davidson,Nashville,9/10/2019 12:00:00 AM,2,0,0,36.140080,-86.805150,23RD AVS,,,,0.00,,,23RD AVS,,,,0.00,,OTHER,Y,Non-Junction,None,,,         ,Lakosha,Goodloe,Unknown,Unknown,no,no,no,yes,yes,Campus
102525615,METROPOLITAN NASHVILLE POLICE DEPT,20190701903,Davidson,Nashville,9/22/2019 2:03:00 AM,2,0,0,36.153960,-86.818220,28TH AVN,,,,0.00,,,CHARLOTTE AV,,,,0.00,Y,Four-Way, ,,None,,,         ,Joseph,Gawlowski,,,no,no,no,no,no,False
102525680,VANDERBILT UNIVERSITY POLICE,20190667267,Davidson,Nashville,9/7/2019 6:50:00 PM,2,0,0,36.138030,-86.805050,BLAKEMORE AV,,,,0.00,,,24TH AVS,,,,0.00,Y,OTHER,N,Intersection,None,,,         ,Sean,Hughes,Clear,Front to Rear,no,no,no,no,no,Campus
102526769,METROPOLITAN NASHVILLE POLICE DEPT,20190638167,Davidson,Nashville,8/26/2019 10:46:00 PM,1,1,1,36.073700,-86.926500,HICKS RD,,,,100.00,Feet,South,HIGHWAY 70S,,,,0.00,N,Not at Intersection,N,Non-Junction,None,,,19-0785  ,Kevin,Coleman,Clear,Not Collision with Motor Vehicle in Transport,no,no,no,no,no,False
102529109,METROPOLITAN NASHVILLE POLICE DEPT,20190731548,Davidson,Not in City Limit,9/19/2019 12:00:00 AM,1,0,0,36.283430,-86.879040,CANTARUTTI RD,,,,134.00,Feet,East,ALESSIO RD,,,,0.00,N,Not at Intersection,N,"Driveway, Alley Access, etc",None,,,         ,Kiana,Perry,Unknown,Not Collision with Motor Vehicle in Transport,no,no,no,yes,yes,False
102533247,METROPOLITAN NASHVILLE POLICE DEPT,20190680769,Davidson,Nashville,9/13/2019 6:53:00 AM,2,0,0,36.047840,-86.612050,MURFREESBORO PKE,,,,0.00,,,MOUNTAIN SPRINGS RD,,,,0.00,Y,T-Intersection, ,,None,,,         ,Steven,Williams,,,no,no,no,no,no,False
102546052,Metro Park Police,20190700549,Davidson,Nashville,9/21/2019 12:00:00 PM,2,0,0,36.053920,-86.898690,OLD HICKORY BLVD,,,,0.00,,,GAUCHO ROAD PVTDR,,,,0.00,Y,Four-Way, ,Intersection,None,,,         ,Kevin,Hooper,Clear,Front to Rear,no,no,no,no,no,False
102562662,TENNESSEE STATE UNIVERSITY ,19-TSU-43864,Davidson,Nashville,9/21/2019 6:00:00 PM,2,0,0,36.170900,-86.824370,SCHRADER LN,,,,454.00,Feet,West,SCHRADER ACRES DR,,,,0.00,N,Not at Intersection, ,Non-Junction,None,,,         ,Inice,Wagner,Clear,Other,no,no,no,no,no,False
102657996,VANDERBILT UNIVERSITY POLICE,20190705480,Davidson,Nashville,9/20/2019 12:00:00 AM,1,0,0,36.139540,-86.802050,PIERCE AV,,,,0.00,,,,,,,0.00,,Not at Intersection, ,,None,,,         ,David,Taliaferro,,,no,no,no,yes,no,Campus
102517354,METROPOLITAN NASHVILLE POLICE DEPT,20190703408,Davidson,Nashville,9/23/2019 12:25:00 AM,2,2,0,36.075650,-86.639720,US HWY 41,,,,541.00,Feet,North,RURAL HILL RD,,,,0.00,N,Not at Intersection,N,Non-Junction,None,,,         ,Douglas,Meringer,Clear,Front to Rear,no,no,no,no,no,False
102517374,METROPOLITAN NASHVILLE POLICE DEPT,20190703576,Davidson,Nashville,9/23/2019 1:50:00 AM,2,0,0,36.076370,-86.727250,EDMONDSON PKE,,,,0.00,Feet,East,NOLENSVILLE PKE,,,,0.00,N,Not at Intersection,N,Non-Junction,None,,,         ,Justan,Vance,Clear,Front to Rear,no,no,no,no,no,False
102517419,METROPOLITAN NASHVILLE POLICE DEPT,20190703618,Davidson,Antioch,9/23/2019 2:17:00 AM,1,1,0,36.047840,-86.612050,MURFREESBORO PKE,,,,1284.00,Feet,North,MOUNTAIN SPRINGS RD,,,,0.00,N,Not at Intersection,N,OtherLocation,None,,,         ,Mario,Diaz,Clear,Not Collision with Motor Vehicle in Transport,no,no,no,no,no,False
102517460,METROPOLITAN NASHVILLE POLICE DEPT,20190703859,Davidson,Nashville,9/23/2019 5:56:00 AM,3,0,0,36.148930,-86.746260,I 40,,,,0.00,,,,,,,211.85,N,Not at Intersection,N,Non-Junction,None,,,         ,Joseph,Patricio,Cloudy,Angle,no,no,no,no,no,False
102517463,METROPOLITAN NASHVILLE POLICE DEPT,20190703858,Davidson,Nashville,9/23/2019 5:55:00 AM,2,0,0,36.120900,-86.726690,I440 W ENT RAMP,,,,0.00,Feet,East,I 24,,,,0.00,N,Not at Intersection,N,Non-Junction,None,,,         ,Antoine,Maghamez,Clear,"Sideswipe, Same Direction",no,no,no,no,no,False
102517470,METROPOLITAN NASHVILLE POLICE DEPT,20190703922,Davidson,Nashville,9/23/2019 6:31:00 AM,2,0,0,36.228270,-86.772940,I 65,,,,0.00,,,,,,,88.85,N,Not at Intersection,N,Non-Junction,None,,,         ,Gabriel,Centeno,Cloudy,Front to Rear,no,no,no,no,yes,False
102517472,METROPOLITAN NASHVILLE POLICE DEPT,2019-0703966,Davidson,Goodlettsville,9/23/2019 7:05:00 AM,2,0,0,36.287150,-86.705270,GALLATIN PKEN,,,,139.00,Feet,North,EDENWOLD RD,,,,0.00,N,Not at Intersection, ,Non-Junction,None,,,         ,Travis,Baxter,Cloudy,Front to Rear,no,no,no,no,no,False
102517474,METROPOLITAN NASHVILLE POLICE DEPT,20190703990,Davidson,Nashville,9/23/2019 7:18:00 AM,2,0,0,36.209450,-86.776100,I 65,,,,0.00,,,,,,,87.55,N,Not at Intersection, ,Non-Junction,None,,,         ,Fabjan,Llukaj,Cloudy,Front to Rear,no,no,no,no,yes,False
102517477,METROPOLITAN NASHVILLE POLICE DEPT,20190703943,Davidson,Nashville,9/23/2019 6:50:00 AM,2,0,0,36.212440,-86.748750,ELLINGTON PKWYS,,,,1107.00,Feet,South,ELLINGTON PKWY S ENT RAMP,,,,0.00,N,Not at Intersection,N,Non-Junction,None,,,         ,Ethan,Usherwood,Cloudy,Front to Rear,no,no,no,no,no,False
102517490,METROPOLITAN NASHVILLE POLICE DEPT,20190703999,Davidson,Nashville,9/23/2019 7:20:00 AM,1,0,0,36.152100,-86.690650,BRILEY PKWYN,,,,0.00,,,ELM HILL PKE,,,,0.00,Y,OTHER, ,,None,,,         ,Samuel,Fredericks,,,no,no,no,no,no,False