master_record_number,agency,agency_tracking_number,county,city,collision_date,vehicles_involved,number_injured,number_dead,latitude,longitude,roadway_name,roadway_suffix,roadway_number,roadway_local_id,distance_from_reference,miles-feet_indicator,direction_from_reference,intersection_road_name,intersection_road_name_suffix,intersection_road_number,intersection_local_id,mile_marker,intersection_indicator,intersect_type,interchange_related_indicator,relation_to_junction,work_zone_type,construction_maintenance_zone,construction_maintenance_zone_location,fatal_case_number,officer_first_name,officer_last_name,weather_condition(s),manner_of_crash,pedestrian,bicycle,scooter,parking,hitrun,mou
102518175,METROPOLITAN NASHVILLE POLICE DEPT,20190705555,Davidson,Nashville,9/23/2019 8:05:00 PM,2,0,0,36.238120,-86.724050,GALLATIN PKES,,,,258.00,Feet,South,GALLATIN PKE,,,,0.00,N,Not at Intersection,N,Non-Junction,None,,,         ,Christopher,Littles,Clear,Angle,no,no,no,no,no,False
102518176,METROPOLITAN NASHVILLE POLICE DEPT,20190705312,Davidson,Nashville,9/23/2019 5:27:00 PM,2,0,0,36.142290,-86.666620,I40 W ENT RAMP,,,,0.00,Feet,,I 40,,,,0.00,Y,Four-Way,N,Intersection,None,,,         ,Tony,Mingsing,Clear,Front to Rear,no,no,no,no,yes,False
102518182,METROPOLITAN NASHVILLE POLICE DEPT,20190705523,Davidson,Nashville,9/23/2019 7:00:00 PM,2,0,0,36.182880,-86.738480,EASTLAND AV,,,,0.00,,,N 17TH ST,,,,0.00,Y,T-Intersection, ,Intersection,None,,,         ,Christopher,Butner,Clear,Front to Rear,no,no,no,no,no,False
102518185,METROPOLITAN NASHVILLE POLICE DEPT,20190705404,Davidson,Nashville,9/23/2019 5:34:00 PM,2,0,0,36.170410,-86.801060,14TH AVN,,,,160.00,Feet,South,JEFFERSON ST,,,,0.00,N,Not at Intersection, ,Non-Junction,None,,,         ,Justin,Vaughn,Clear,Angle,no,no,no,no,yes,False
102518186,METROPOLITAN NASHVILLE POLICE DEPT,20190705524,Davidson,Nashville,9/23/2019 7:45:00 PM,1,1,0,36.124510,-86.751920,NOLENSVILLE PKE,,,,191.00,Feet,South,ROSEDALE AV,,,,0.00,N,Not at Intersection,N,Non-Junction,None,,,         ,FELIKS,ABRAHAMYAN,Clear,Not Collision with Motor Vehicle in Transport,yes,no,no,no,no,False
102518195,METROPOLITAN NASHVILLE POLICE DEPT,20190705347,Davidson,Nashville,9/23/2019 5:43:00 PM,3,0,0,36.078590,-86.772930,LAMBERT DR,,,,0.00,,,FRANKLIN PKE,,,,0.00,Y,T-Intersection,N,Intersection,None,,,         ,William,King,Clear,Front to Rear,no,no,no,no,no,False
102518211,METROPOLITAN NASHVILLE POLICE DEPT,2019-0705598,Davidson,Nashville,9/23/2019 6:15:00 PM,2,1,0,36.096430,-86.737810,NOLENSVILLE PKE,,,,100.00,Feet,North,ALLIED DR,,,,0.00,N,Not at Intersection,N,Non-Junction,None,,,         ,William,King,Clear,Front to Rear,no,no,no,no,no,False
102518237,METROPOLITAN NASHVILLE POLICE DEPT,20190705507,Davidson,Not in City Limit,9/23/2019 7:36:00 PM,2,0,0,36.299040,-86.811570,I 24,,,,0.00,,,,,,,38.85,N,Not at Intersection, ,Non-Junction,None,,,         ,Justin,Vaughn,Clear,Angle,no,no,no,no,no,False
102518239,METROPOLITAN NASHVILLE POLICE DEPT,20190705636,Davidson,Nashville,9/23/2019 8:15:00 PM,2,0,0,36.122250,-86.705390,MURFREESBORO PKE,,,,227.00,Feet,West,KERMIT DR,,,,0.00,N,Not at Intersection, ,Non-Junction,None,,,         ,Laura,Williams,Clear,Front to Rear,no,no,no,no,yes,False
102518241,METROPOLITAN NASHVILLE POLICE DEPT,20190705310,Davidson,Nashville,9/23/2019 5:50:00 PM,2,1,0,36.126910,-86.709940,THOMPSON PL,,,,316.00,Feet,North,MURFREESBORO PKE,,,,0.00,N,Not at Intersection,N,Non-Junction,None,,,         ,Christian,Vanders,Cloudy,Angle,no,no,no,no,no,False
102518253,METROPOLITAN NASHVILLE POLICE DEPT,20190705629,Davidson,Nashville,9/23/2019 6:50:00 PM,2,0,0,36.136176,-86.832633,PRINCETON AV,,,,0.00,,,CHRISTOPHER ST,,,,0.00,Y,T-Intersection, ,Intersection,None,,,         ,Jeremy,Huffine,Clear,Angle,no,no,no,no,no,False
102518254,METROPOLITAN NASHVILLE POLICE DEPT,20190705665,Davidson,Nashville,9/23/2019 6:19:00 PM,2,0,0,36.088010,-86.646530,NASHBORO BLVD,,,,750.00,Feet,East,MURFREESBORO PKE,,,,0.00,N,Not at Intersection, ,Non-Junction,None,,,         ,Steven,Powers,Cloudy,Front to Rear,no,no,no,yes,yes,False
102518266,METROPOLITAN NASHVILLE POLICE DEPT,20190705584,Davidson,Nashville,9/23/2019 6:16:00 PM,2,0,0,36.130580,-86.706580,PATRICIA DR,,,,246.00,Feet,South,HAROLD DR,,,,0.00,N,Not at Intersection,N,Non-Junction,None,,,         ,Dontaveous,Eubanks,Cloudy,"Sideswipe, Opposite Direction",no,no,no,no,no,False
102518282,METROPOLITAN NASHVILLE POLICE DEPT,20190705492,Davidson,Nashville,9/23/2019 6:05:00 PM,2,0,0,36.169500,-86.678790,LEBANON PKE,,,,328.00,Feet,East,MCGAVOCK PKE,,,,0.00,N,Not at Intersection, ,Non-Junction,None,,,         ,Kyle,Berkheiser,Clear,Front to Rear,no,no,no,no,yes,False
102518283,METROPOLITAN NASHVILLE POLICE DEPT,20190705781,Davidson,Nashville,9/23/2019 10:32:00 PM,1,0,0,36.238330,-86.723990,GALLATIN PKES,,,,178.00,Feet,South,GALLATIN PKE,,,,0.00,N,Not at Intersection,N,Non-Junction,None,,,         ,Christopher,Littles,Cloudy,Not Collision with Motor Vehicle in Transport,no,no,no,yes,no,False
102518292,METROPOLITAN NASHVILLE POLICE DEPT,20190705786,Davidson,Not in City Limit,9/23/2019 10:45:00 PM,1,0,0,36.092870,-86.976320,CHARLOTTE PKE,,,,1501.00,Feet,East,HIGHWAY 70S,,,,0.00,N,Not at Intersection, ,Non-Junction,None,,,         ,Aaron,Wigginton,Clear,Not Collision with Motor Vehicle in Transport,no,no,no,no,no,False
102518301,METROPOLITAN NASHVILLE POLICE DEPT,20190705797,Davidson,Nashville,9/23/2019 10:46:00 PM,1,1,0,36.074530,-86.748760,BLACKMAN,DR,,382,50.00,Feet,East,,,,,380.00,N,Not at Intersection,N,Non-Junction,None,,,         ,William,Hamblen,Clear,Not Collision with Motor Vehicle in Transport,no,no,no,no,no,False
102518307,METROPOLITAN NASHVILLE POLICE DEPT,20190705874,Davidson,Nashville,9/23/2019 10:30:00 PM,2,0,0,36.163640,-86.796470,14TH AVN,,,,35.00,Feet,North,MILSON AV,,,,0.00,N,Not at Intersection, ,Non-Junction,None,,,         ,Joshua,Green,Clear,"Sideswipe, Same Direction",no,no,no,no,no,False
102518308,METROPOLITAN NASHVILLE POLICE DEPT,20190705800,Davidson,Nashville,9/23/2019 9:15:00 PM,2,0,0,36.173610,-86.602200,CENTRAL PKE,,,,14.00,Feet,West,OLD HICKORY BLVD,,,,0.00,N,Not at Intersection,N,Non-Junction,None,,,         ,Joshua,Dale,Clear,"Sideswipe, Same Direction",no,no,no,no,no,False
102518310,METROPOLITAN NASHVILLE POLICE DEPT,20190705812,Davidson,Antioch,9/23/2019 12:00:00 AM,2,0,0,36.047840,-86.612050,MURFREESBORO PKE,,,,1284.00,Feet,North,MOUNTAIN SPRINGS RD,,,,0.00,N,Not at Intersection,N,Non-Junction,None,,,         ,Maccio,Hightower,Clear,Front to Rear,no,no,no,no,no,False
102518338,METROPOLITAN NASHVILLE POLICE DEPT,20190705940,Davidson,Nashville,9/23/2019 11:00:00 PM,2,0,0,36.153100,-86.764740,I 40,,,,0.00,,,,,,,210.70,N,Not at Intersection, ,Non-Junction,None,,,         ,Meghan,Pope,Clear,Front to Rear,no,no,no,no,no,False
102518359,METROPOLITAN NASHVILLE POLICE DEPT,20190706141,Davidson,Nashville,9/23/2019 11:55:00 PM,2,0,0,36.052240,-86.653200,MT VIEW RD,,,,3.00,Feet,West,RURAL HILL RD,,,,0.00,N,Not at Intersection,N,Non-Junction,None,,,         ,Alex,DiBernardo,Clear,Front to Rear,no,no,no,no,no,False
102518362,METROPOLITAN NASHVILLE POLICE DEPT,20190706205,Davidson,Nashville,9/24/2019 2:26:00 AM,1,0,0,36.191780,-86.782810,I 65,,,,0.00,,,,,,,86.15,N,Not at Intersection,N,Non-Junction,None,,,         ,Jonathan,Watch,Clear,Not Collision with Motor Vehicle in Transport,no,no,no,no,no,False
102518370,METROPOLITAN NASHVILLE POLICE DEPT,20190706275,Davidson,Nashville,9/24/2019 3:24:00 AM,1,0,0,36.154620,-86.630870,I 40,,,,0.00,,,,,,,218.85,N,Not at Intersection,N,Non-Junction,None,,,         ,Tyler,Manivong,Clear,Not Collision with Motor Vehicle in Transport,no,no,no,no,yes,False
102518401,METROPOLITAN NASHVILLE POLICE DEPT,2019-0706415,Davidson,Nashville,9/24/2019 4:55:00 AM,2,0,0,36.174980,-86.771430,I 24,,,,0.00,,,,,,,48.05,N,Not at Intersection, ,Non-Junction,None,,,         ,Christopher,Beery,Clear,Front to Rear,no,no,no,no,no,False
102518414,BERRY HILL POLICE DEPT,19-4005,Davidson,Berry Hill,9/23/2019 7:53:00 AM,2,0,0,36.125790,-86.765870,BRANSFORD AV,,,,0.00,,,CRAIGHEAD ST,,,,0.00,Y,Four-Way, ,Intersection,None,,,         ,Ronnie,Hill,Cloudy,"Sideswipe, Same Direction",no,no,no,no,no,False
102518428,METROPOLITAN NASHVILLE POLICE DEPT,20190706599,Davidson,Nashville,9/24/2019 7:03:00 AM,2,0,0,36.131310,-86.896930,I40 E EXT RAMP,,,,0.00,,,I 40,,,,0.00,Y,Y-Intersection, ,Entrance/Exit Ramp Related,None,,,         ,Curtis,Rich,Clear,Front to Rear,no,no,no,no,no,False
102518431,METROPOLITAN NASHVILLE POLICE DEPT,20190706506,Davidson,Nashville,9/24/2019 5:52:00 AM,1,0,0,36.133640,-86.722000,MURFREESBORO PKE,,,,214.00,Feet,East,PLUS PARK BLVD,,,,0.00,N,Not at Intersection,N,Non-Junction,None,,,         ,Cassandra,Del Bosco,Clear,Not Collision with Motor Vehicle in Transport,no,no,no,no,yes,False
102518436,METROPOLITAN NASHVILLE POLICE DEPT,20190706584,Davidson,Not in City Limit,9/24/2019 6:30:00 AM,2,0,0,36.323510,-86.864940,I 24,,,,0.00,,,,,,,35.15,N,Not at Intersection, ,,None,,,         ,Jonathon,Sheppard,,,no,no,no,no,no,False
102518442,METROPOLITAN NASHVILLE POLICE DEPT,20190706698,Davidson,Nashville,9/24/2019 7:33:00 AM,2,0,0,36.124980,-86.847640,WOODMONT BLVD,,,,0.00,,,HARDING PKE,,,,0.00,Y,Four-Way, ,Intersection,None,,,         ,Curtis,Rich,Clear,Angle,no,no,no,no,yes,False
102518452,METROPOLITAN NASHVILLE POLICE DEPT,20190706717,Davidson,Nashville,9/24/2019 7:40:00 AM,2,0,0,36.126580,-86.805980,WESTWOOD AV,,,,356.00,Feet,East,25TH AVS,,,,0.00,N,Not at Intersection,N,Non-Junction,None,,,         ,Nathan,Glass,Clear,"Sideswipe, Same Direction",no,no,no,no,yes,False
102518454,METROPOLITAN NASHVILLE POLICE DEPT,20190706747,Davidson,Nashville,9/24/2019 8:05:00 AM,2,0,0,36.204920,-86.754870,E TRINITY LN,,,,356.00,Feet,West,EDWIN ST,,,,0.00,N,Not at Intersection, ,,None,,,         ,Ethan,Usherwood,,,no,no,no,no,no,False
102518460,METROPOLITAN NASHVILLE POLICE DEPT,20190706691,Davidson,Nashville,9/24/2019 7:40:00 AM,2,0,0,36.200920,-86.776780,I 65,,,,0.00,,,,,,,86.95,N,Not at Intersection, ,Non-Junction,None,,,         ,Corey,Reed,Clear,Front to Rear,no,no,no,no,no,False
102518464,METROPOLITAN NASHVILLE POLICE DEPT,20190706794,Davidson,Nashville,9/24/2019 8:30:00 AM,2,0,0,36.090330,-86.626500,SMITH SPRINGS RD,,,,0.00,,,BELL RD,,,,0.00,Y,Four-Way, ,Intersection-Related,None,,,         ,Tien,Nguyen,Clear,Front to Rear,no,no,no,no,no,False
102518465,METROPOLITAN NASHVILLE POLICE DEPT,20190706583,Davidson,Nashville,9/24/2019 6:11:00 AM,2,0,0,36.200540,-86.776720,I 65,,,,0.00,,,,,,,86.90,N,Not at Intersection, ,Non-Junction,None,,,         ,Isaac,Wood,Clear,Front to Rear,no,no,no,no,no,False
102518466,METROPOLITAN NASHVILLE POLICE DEPT,20190706624,Davidson,Nashville,9/24/2019 6:30:00 AM,2,0,0,36.200160,-86.776660,I 65,,,,0.00,,,,,,,86.90,N,Not at Intersection,N,Non-Junction,None,,,         ,Isaac,Wood,Clear,Front to Rear,no,no,no,no,no,False
102518477,METROPOLITAN NASHVILLE POLICE DEPT,20190706612,Davidson,Nashville,9/24/2019 7:11:00 AM,2,1,0,36.069420,-86.729890,BONERWOOD DR,,,,0.00,,,WHISPERING HILLS DR,,,,0.00,Y,Four-Way,N,Intersection,None,,,         ,Earl,Davis,Clear,Angle,no,no,no,no,no,False
102518489,METROPOLITAN NASHVILLE POLICE DEPT,20190706816,Davidson,Nashville,9/24/2019 8:38:00 AM,2,0,0,36.155640,-86.789710,14TH AVE,,,,0.00,,,US HWY 70,,,,0.00,Y,Four-Way,N,Intersection,None,,,         ,William,Caillouette,Clear,Angle,no,no,no,no,yes,False
102518500,METROPOLITAN NASHVILLE POLICE DEPT,20190706779,Davidson,Nashville,9/24/2019 8:11:00 AM,2,0,0,36.204330,-86.745790,E TRINITY LN,,,,494.00,Feet,East,DR RICHARD G ADAMS DR,,,,0.00,N,Not at Intersection, ,Non-Junction,None,,,         ,Doyle,Price,Clear,Front to Rear,no,no,no,no,no,False
102518508,METROPOLITAN NASHVILLE POLICE DEPT,20190706736,Davidson,Nashville,9/24/2019 8:01:00 AM,1,1,0,36.169210,-86.779660,GAY ST,,,,0.00,,,2ND AVN,,,,0.00,Y,Four-Way,N,Intersection,None,,,         ,Frank,Campbell,Clear,Not Collision with Motor Vehicle in Transport,yes,no,no,no,no,False
102518511,METROPOLITAN NASHVILLE POLICE DEPT,20190706751,Davidson,Nashville,9/24/2019 8:18:00 AM,2,0,0,36.111630,-86.811240,HILLSBORO PKE,,,,100.00,Feet,North,GRAYBAR LN,,,,0.00,N,Not at Intersection,N,Non-Junction,None,,,         ,Earl,Davis,Clear,Front to Rear,no,no,no,no,no,False
102518516,METROPOLITAN NASHVILLE POLICE DEPT,20190706864,Davidson,Nashville,9/24/2019 8:55:00 AM,2,1,0,36.101810,-86.827640,HOBBS RD,,,,0.00,,,THE COMMONS DR,,,,0.00,Y,T-Intersection,N,Intersection,None,,,         ,Curtis,Rich,Clear,Angle,no,no,no,no,no,False
102518517,VANDERBILT UNIVERSITY POLICE,20190704503,Davidson,Nashville,9/23/2019 11:07:00 AM,2,0,0,36.108790,-86.764590,POWELL AV,,,,0.00,,,,,,,0.00,,Not at Intersection, ,OtherLocation,None,,,         ,Tiffany,Alexander,Rain,Angle,no,no,no,yes,yes,OHO
102518532,METROPOLITAN NASHVILLE POLICE DEPT,20190706566,Davidson,Nashville,9/24/2019 6:48:00 AM,2,0,0,36.155160,-86.823070,I40 W EXT RAMP,,,,0.00,,,I 440,,,,0.00,Y,OTHER,Y,Entrance/Exit Ramp Related,Construction Zone,,,         ,Earl,Davis,Clear,"Sideswipe, Same Direction",no,no,no,no,yes,False
102518534,METROPOLITAN NASHVILLE POLICE DEPT,20190706782,Davidson,Nashville,9/24/2019 8:17:00 AM,2,0,0,36.085620,-86.763440,I 65,,,,0.00,,,,,,,78.05,N,Not at Intersection,N,Non-Junction,None,,,         ,Gary,Sneed,Clear,"Sideswipe, Same Direction",no,no,no,no,yes,False
102518536,METROPOLITAN NASHVILLE POLICE DEPT,20190706795,Davidson,Nashville,9/24/2019 7:55:00 AM,2,0,0,36.052910,-86.687470,TUSCULUM RD,,,,0.00,,,OCALA DR,,,,0.00,Y,T-Intersection,N,Intersection,None,,,         ,Charles,Coe,Clear,Front to Rear,no,no,no,no,no,False
102518539,METROPOLITAN NASHVILLE POLICE DEPT,20190706813,Davidson,Nashville,9/24/2019 8:37:00 AM,2,0,0,36.110570,-86.770700,I 65,,,,0.00,,,,,,,79.80,N,Not at Intersection,N,Non-Junction,None,,,         ,Earl,Davis,Clear,Front to Rear,no,no,no,no,no,False
102518550,THP District 9 - Administrative,319062133,Davidson,Nashville,9/24/2019 7:40:00 AM,2,0,0,36.134710,-86.741340,TPS COMPLEX PVTDR,,,,0.00,,,FOSTER AV,,,,0.00,Y,T-Intersection, ,Non-Junction,None,,,         ,Michael,Lowe,Clear,Angle,no,no,no,no,no,False
102518552,METROPOLITAN NASHVILLE POLICE DEPT,20190706960,Davidson,Nashville,9/24/2019 8:29:00 AM,2,0,0,36.184220,-86.760600,ELLINGTON PKWYS,,,,374.00,Feet,South,CLEVELAND ST,,,,0.00,N,Not at Intersection,N,Non-Junction,None,,,         ,Doyle,Price,Clear,Front to Rear,no,no,no,no,no,False
102518574,METROPOLITAN NASHVILLE POLICE DEPT,20190706972,Davidson,Nashville,9/24/2019 9:51:00 AM,2,0,0,36.117650,-86.800140,I 440,,,,0.00,,,,,,,3.20,N,Not at Intersection, ,Non-Junction,None,,,         ,Timothy,Edwards,Clear,Front to Rear,no,no,no,no,no,False
102518575,METROPOLITAN NASHVILLE POLICE DEPT,20190707042,Davidson,Nashville,9/24/2019 10:24:00 AM,2,1,0,36.169470,-86.806620,DR D B TODD JR BLVD,,,,0.00,,,JEFFERSON ST,,,,0.00,Y,Four-Way,N,Intersection,None,,,         ,Jean,McCormack,Clear,HeadOn,no,no,no,no,no,False
102518586,METROPOLITAN NASHVILLE POLICE DEPT,20190706987,Davidson,Nashville,9/24/2019 9:57:00 AM,2,0,0,36.154560,-86.762130,I 40,,,,0.00,,,,,,,210.85,N,Not at Intersection, ,Non-Junction,None,,,         ,Bianca,Crawford,Clear,Front to Rear,no,no,no,no,no,False
102518599,METROPOLITAN NASHVILLE POLICE DEPT,20190706636,Davidson,Nashville,9/24/2019 7:18:00 AM,1,1,0,36.155550,-86.828230,I 40,,,,0.00,,,,,,,205.60,N,Not at Intersection,N,Non-Junction,None,,,         ,Brian,Myatt,Clear,Not Collision with Motor Vehicle in Transport,no,no,no,no,no,False
102518603,METROPOLITAN NASHVILLE POLICE DEPT,20190707125,Davidson,Nashville,9/24/2019 11:15:00 AM,2,0,0,36.138740,-86.800610,21ST AVS,,,,0.00,,,21ST AVS,,,,0.00,Y,T-Intersection, ,,None,,,         ,Nathan,Glass,,,no,no,no,no,no,Campus
102518604,METROPOLITAN NASHVILLE POLICE DEPT,20190706931,Davidson,Nashville,9/24/2019 9:30:00 AM,2,0,0,36.160110,-86.799080,PEARL ST,,,,0.00,,,17TH AVN,,,,0.00,Y,Four-Way, ,Non-Junction,None,,,         ,Jonathon,Sheppard,Clear,HeadOn,no,no,no,no,no,False
102518605,METROPOLITAN NASHVILLE POLICE DEPT,20190707090,Davidson,Nashville,9/24/2019 11:01:00 AM,2,2,0,36.110260,-86.922480,I40 E ENT RAMP,,,,0.00,Feet,East,I 40,,,,0.00,N,Not at Intersection,N,Non-Junction,None,,,         ,Curtis,Rich,Clear,Angle,no,no,no,no,no,False
102518616,METROPOLITAN NASHVILLE POLICE DEPT,20190706703,Davidson,Nashville,9/24/2019 7:49:00 AM,2,1,0,36.239770,-86.772570,BRILEY PKWYW,,,,139.00,Feet,East,BRILEY PKWYE,,,,0.00,N,Not at Intersection,N,Non-Junction,None,,,         ,Cyretha,Frazier,Clear,Front to Rear,no,no,no,no,yes,False
102518638,METROPOLITAN NASHVILLE POLICE DEPT,20190707213,Davidson,Nashville,9/24/2019 11:47:00 AM,2,0,0,36.088200,-86.788010,BATTERY LN,,,,100.00,Feet,West,SOPER AV,,,,0.00,N,Not at Intersection, ,Non-Junction,None,,,         ,Earl,Davis,Clear,Front to Rear,no,no,no,no,no,False
102518653,METROPOLITAN NASHVILLE POLICE DEPT,20190704632,Davidson,Nashville,9/23/2019 12:39:00 PM,1,1,0,36.099100,-86.739190,NOLENSVILLE PKE,,,,127.00,Feet,North,RAYMOND ST,,,,0.00,N,Not at Intersection,N,Non-Junction,None,,,         ,Raymond,Flaherty,Clear,Not Collision with Motor Vehicle in Transport,yes,no,no,yes,no,False
102518665,METROPOLITAN NASHVILLE POLICE DEPT,20190706980,Davidson,Nashville,9/24/2019 9:18:00 AM,2,0,0,36.039970,-86.742790,OLD HICKORY BLVD,,,,203.00,Feet,East,EDMONDSON PKE,,,,0.00,N,Not at Intersection,N,Non-Junction,None,,,         ,Raymond,Flaherty,Clear,Unknown,no,no,no,yes,yes,False
102518670,METROPOLITAN NASHVILLE POLICE DEPT,20190706754,Davidson,Nashville,9/24/2019 8:09:00 AM,2,2,0,36.154630,-86.779160,8TH AVS,,,,0.00,,,LAFAYETTE ST,,,,0.00,Y,Roundabout,N,Intersection,None,,,         ,Michael,Schlegel,Clear,Angle,no,no,no,no,no,False
102518686,METROPOLITAN NASHVILLE POLICE DEPT,20190707326,Davidson,Antioch,9/24/2019 1:00:00 PM,1,1,0,35.991990,-86.658470,BURKITT RD,,,,1077.00,Feet,West,WHITTEMORE LN,,,,0.00,N,Not at Intersection,N,Non-Junction,None,,,         ,Thomas,White,Clear,Not Collision with Motor Vehicle in Transport,no,no,no,no,no,False
102518743,METROPOLITAN NASHVILLE POLICE DEPT,20190707051,Davidson,Nashville,9/24/2019 10:29:00 AM,2,0,0,36.135000,-86.727080,I 24,,,,0.00,,,,,,,52.15,N,Not at Intersection, ,Non-Junction,None,,,         ,Todd,Watson,Clear,Front to Rear,no,no,no,no,no,False
102518760,METROPOLITAN NASHVILLE POLICE DEPT,20190707200,Davidson,Nashville,9/24/2019 11:42:00 AM,2,0,0,36.251920,-86.717690,W WEBSTER ST,,,,0.00,,,GALLATIN PKES,,,,0.00,Y,Four-Way, ,Intersection,None,,,         ,Joshua,Borum,Clear,Front to Rear,no,no,no,no,no,False
102518761,METROPOLITAN NASHVILLE POLICE DEPT,20190707390,Davidson,Nashville,9/24/2019 1:11:00 PM,2,2,0,36.164160,-86.584710,HAMPTON HALL WAY,,,,0.00,,,S NEW HOPE RD,,,,0.00,Y,Four-Way,N,Non-Junction,None,,,         ,MIchael,Mihajlov,Clear,Angle,no,no,no,no,no,False
102518763,METROPOLITAN NASHVILLE POLICE DEPT,20190707283,Davidson,Nashville,9/24/2019 12:10:00 PM,2,0,0,36.161870,-86.779340,COMMERCE ST,,,,0.00,Feet,West,5TH AVN,,,,0.00,N,Not at Intersection, ,Unknown,None,,,         ,Mark,Anderson,Clear,"Sideswipe, Same Direction",no,no,no,no,yes,False
102518773,METROPOLITAN NASHVILLE POLICE DEPT,20190707096,Davidson,Nashville,9/24/2019 10:51:00 AM,2,0,0,36.073450,-86.689610,BAKERTOWN RD,,,,213.00,Feet,South,RADER DR,,,,0.00,N,Not at Intersection,N,Non-Junction,None,,,         ,Stanley,Collins,Clear,Angle,no,no,no,yes,yes,False
102518776,METROPOLITAN NASHVILLE POLICE DEPT,20190707468,Davidson,Nashville,9/24/2019 1:55:00 PM,2,0,0,36.134020,-86.826820,WEST END AV,,,,284.00,Feet,East,CRAIGHEAD AV,,,,0.00,N,Not at Intersection, ,Non-Junction,None,,,         ,Curtis,Rich,Clear,"Sideswipe, Same Direction",no,no,no,no,no,False
102518777,METROPOLITAN NASHVILLE POLICE DEPT,20190707309,Davidson,Madison,9/24/2019 12:07:00 PM,2,2,0,36.273710,-86.689450,MYATT DR,,,,579.00,Feet,North,ANDERSON LN,,,,0.00,N,Not at Intersection, ,Non-Junction,None,,,         ,Cyretha,Frazier,Clear,Front to Rear,no,no,no,no,no,False
102518780,METROPOLITAN NASHVILLE POLICE DEPT,20190707340,Davidson,Nashville,9/24/2019 12:43:00 PM,2,2,0,36.154750,-86.676290,LAKELAND DR,,,,0.00,,,EMERY DR,,,,0.00,Y,Four-Way,N,Intersection,None,,,         ,Michael,Dance,Clear,Angle,no,no,no,no,no,False
102518785,METROPOLITAN NASHVILLE POLICE DEPT,20190707429,Davidson,Nashville,9/24/2019 12:15:00 PM,2,0,0,36.149670,-86.779180,8TH AVS,,,,0.00,,,DIVISION ST,,,,0.00,Y,Four-Way, ,Intersection-Related,None,,,         ,Bianca,Crawford,Clear,Front to Rear,no,no,no,no,no,False
102518787,METROPOLITAN NASHVILLE POLICE DEPT,20190707139,Davidson,Nashville,9/24/2019 10:16:00 AM,2,0,0,36.166400,-86.787220,ROSA L PARKS BLVD,,,,60.00,Feet,East,JAMES ROBERTSON PKWY,,,,0.00,N,Not at Intersection,N,Non-Junction,None,,,         ,James,Hill,Clear,Angle,no,no,no,no,yes,False
102518803,METROPOLITAN NASHVILLE POLICE DEPT,20190707122,Davidson,Nashville,9/24/2019 11:04:00 AM,3,0,0,36.084830,-86.728190,NOLENSVILLE PKE,,,,0.00,,,PARAGON MILLS RD,,,,0.00,Y,T-Intersection,Y,Intersection,None,,,         ,Joseph,Simon,Clear,"Sideswipe, Same Direction",no,no,no,no,no,False
102518811,METROPOLITAN NASHVILLE POLICE DEPT,20190707482,Davidson,Nashville,9/24/2019 2:01:00 PM,2,0,0,36.157590,-86.801430,CHARLOTTE AV,,,,0.00,,,19TH AVN,,,,0.00,Y,Four-Way, ,Intersection,None,,,         ,Earl,Davis,Clear,Angle,no,no,no,no,no,False
102518814,METROPOLITAN NASHVILLE POLICE DEPT,20190707349,Davidson,Nashville,9/24/2019 12:50:00 PM,2,1,0,36.138260,-86.700000,BRILEY PKWYN,,,,393.00,Feet,North,GLASTONBURY RD,,,,0.00,N,Not at Intersection, ,Non-Junction,None,,,         ,Terry,Denton,Clear,Front to Rear,no,no,no,no,no,False
102518837,METROPOLITAN NASHVILLE POLICE DEPT,20190707511,Davidson,Nashville,9/24/2019 2:13:00 PM,3,0,0,36.082890,-86.709800,HARDING PL,,,,221.00,Feet,East,TAMPA DR,,,,0.00,N,Not at Intersection, ,Non-Junction,None,,,         ,Jason,Hees,Clear,Front to Rear,no,no,no,no,no,False
102518847,METROPOLITAN NASHVILLE POLICE DEPT,20190707362,Davidson,Nashville,9/24/2019 12:45:00 PM,2,0,0,36.207810,-86.786060,W TRINITY LN,,,,156.00,Feet,West,LIBERIA ST,,,,0.00,N,Not at Intersection, ,Non-Junction,None,,,         ,Jamel,Griffin,Clear,Rear to Side,no,no,no,yes,yes,False
102518848,METROPOLITAN NASHVILLE POLICE DEPT,20190705544,Davidson,Nashville,9/23/2019 7:57:00 PM,1,1,0,36.039860,-86.782330,I65 N EXT RAMP,,,,0.00,,,I 65,,,,0.00,Y,OTHER,N,Entrance/Exit Ramp Related,None,,,         ,David,Lang,Clear,Not Collision with Motor Vehicle in Transport,no,no,no,no,no,False
102518859,METROPOLITAN NASHVILLE POLICE DEPT,20190707584,Davidson,Nashville,9/24/2019 2:58:00 PM,1,1,0,36.075760,-86.648660,DOVER GLEN DR,,,,100.00,Feet,East,GROVESNOR RD,,,,0.00,N,Not at Intersection,N,Non-Junction,None,,,         ,Patrick,Martin,Clear,Not Collision with Motor Vehicle in Transport,yes,no,no,no,yes,False
102518862,METROPOLITAN NASHVILLE POLICE DEPT,20190707532,Davidson,Nashville,9/24/2019 2:37:00 PM,3,0,0,36.158280,-86.799450,CHARLOTTE AV,,,,130.00,Feet,West,FISK ST,,,,0.00,N,Not at Intersection,N,Non-Junction,None,,,         ,Kiana,Perry,Clear,Front to Rear,no,no,no,no,yes,False
102518863,METROPOLITAN NASHVILLE POLICE DEPT,20190707617,Davidson,Nashville,9/24/2019 1:58:00 PM,2,0,0,36.168090,-86.680010,CROSSFIELD DR,,,,0.00,Feet,East,MCGAVOCK PIKE,,,,0.00,N,Not at Intersection,N,Non-Junction,None,,,         ,Tony,Mingsing,Clear,"Sideswipe, Same Direction",no,no,no,no,no,False