master_record_number,agency,agency_tracking_number,county,city,collision_date,vehicles_involved,number_injured,number_dead,latitude,longitude,roadway_name,roadway_suffix,roadway_number,roadway_local_id,distance_from_reference,miles-feet_indicator,direction_from_reference,intersection_road_name,intersection_road_name_suffix,intersection_road_number,intersection_local_id,mile_marker,intersection_indicator,intersect_type,interchange_related_indicator,relation_to_junction,work_zone_type,construction_maintenance_zone,construction_maintenance_zone_location,fatal_case_number,officer_first_name,officer_last_name,weather_condition(s),manner_of_crash,pedestrian,bicycle,scooter,parking,hitrun,mou
102521103,METROPOLITAN NASHVILLE POLICE DEPT,20190712811,Davidson,Nashville,9/26/2019 3:20:00 PM,2,0,0,36.139540,-86.700440,KAREN DR,,,,41.00,Feet,West,STATE HWY 155,,,,0.00,N,Not at Intersection, ,Non-Junction,None,,,         ,Andrew,Anoskey,Clear,Front to Rear,no,no,no,no,no,False
102521106,METROPOLITAN NASHVILLE POLICE DEPT,20190712868,Davidson,Nashville,9/26/2019 3:55:00 PM,2,2,0,36.142920,-86.683750,I 40,,,,0.00,,,,,,,215.65,N,Not at Intersection,N,Non-Junction,None,,,         ,Torry,Hill,Cloudy,Front to Rear,no,no,no,no,no,False
102521123,METROPOLITAN NASHVILLE POLICE DEPT,20190712869,Davidson,Nashville,9/26/2019 3:45:00 PM,2,0,0,36.150540,-86.770730,I 40,,,,0.00,,,,,,,210.40,N,Not at Intersection, ,,None,,,         ,Heather,Fox,,,no,no,no,no,no,False
102521124,METROPOLITAN NASHVILLE POLICE DEPT,20190712847,Davidson,Nashville,9/26/2019 3:45:00 PM,2,1,0,36.185880,-86.676170,FERNBROOK LN,,,,0.00,,,MCGAVOCK PKE,,,,0.00,Y,Four-Way,Y,Intersection,None,,,         ,John,Kelley,Clear,Angle,no,no,no,no,no,False
102521131,BERRY HILL POLICE DEPT,19-4046,Davidson,Berry Hill,9/26/2019 3:50:00 PM,2,0,0,36.119740,-86.770580,BERRY RD,,,,34.00,Feet,South,FESSEY PARK RD,,,,0.00,N,Not at Intersection,N,Non-Junction,None,,,         ,John,Gleixner,Cloudy,Angle,no,no,no,no,no,False
102521144,METROPOLITAN NASHVILLE POLICE DEPT,20190711040,Davidson,Nashville,9/25/2019 9:43:00 PM,2,0,0,36.130610,-86.792320,15TH AVS,,,,0.00,Feet,East,COMPTON AV,,,,0.00,N,Not at Intersection,N,Non-Junction,None,,,         ,Darryl,Williams,Clear,Angle,no,no,no,no,yes,False
102521148,METROPOLITAN NASHVILLE POLICE DEPT,20190712702,Davidson,Nashville,9/26/2019 2:42:00 PM,2,1,0,36.062960,-86.682670,I 24,,,,0.00,,,,,,,57.60,N,Not at Intersection,N,Non-Junction,None,,,         ,Patrick,Martin,Cloudy,Angle,no,no,no,no,no,False
102521160,METROPOLITAN NASHVILLE POLICE DEPT,20190712809,Davidson,Nashville,9/26/2019 3:20:00 PM,2,2,0,36.071900,-86.698180,WILLARD DR,,,,0.00,,,EAST RIDGE DR,,,,0.00,Y,Four-Way,Y,Intersection,None,,,         ,Jesse,Cox,Cloudy,Angle,no,no,no,no,no,False
102521169,METROPOLITAN NASHVILLE POLICE DEPT,20190705154,Davidson,Nashville,9/23/2019 4:30:00 PM,2,0,0,36.187990,-86.821560,CLARKSVILLE PKE,,,,0.00,,,ROSA L PARKS BLVD,,,,0.00,Y,Four-Way, ,Non-Junction,None,,,         ,Torian,Cox,Clear,Front to Rear,no,no,no,no,yes,False
102521170,METROPOLITAN NASHVILLE POLICE DEPT,20190712855,Davidson,Nashville,9/26/2019 12:00:00 AM,2,0,0,36.099790,-86.820090,HILLSBORO PKE,,,,228.00,Feet,East,CASTLEMAN DR,,,,0.00,N,Not at Intersection,N,Non-Junction,None,,,         ,Joel,Cottrill,Cloudy,Angle,no,no,no,no,no,False
102521172,METROPOLITAN NASHVILLE POLICE DEPT,20190712823,Davidson,Nashville,9/26/2019 3:16:00 PM,4,0,0,36.166120,-86.764670,I 24,,,,0.00,,,,,,,49.00,N,Not at Intersection,N,Non-Junction,None,,,         ,Roy,Sain Jr.,Cloudy,Front to Rear,no,no,no,no,no,False
102521174,METROPOLITAN NASHVILLE POLICE DEPT,20190713024,Davidson,Nashville,9/26/2019 3:05:00 PM,2,0,0,36.134850,-86.741370,WOODYCREST AV,,,,13.00,Feet,West,FOSTER AV,,,,0.00,N,Not at Intersection, ,Non-Junction,None,,,         ,Ciarra,Rench,Clear,Angle,no,no,no,no,no,False
102521175,METROPOLITAN NASHVILLE POLICE DEPT,20190712952,Davidson,Nashville,9/26/2019 4:21:00 PM,2,0,0,36.044620,-86.659390,I24 E ENT RAMP,,,,0.00,Feet,East,I 24,,,,0.00,N,Not at Intersection,N,Entrance/Exit Ramp Related,None,,,         ,Taylor,Hurley,Cloudy,Angle,no,no,no,no,no,False
102521177,METROPOLITAN NASHVILLE POLICE DEPT,20190712961,Davidson,Not in City Limit,9/26/2019 4:30:00 PM,1,3,0,36.002650,-86.630450,OLD HICKORY BLVD,,,,122.00,Feet,West,RED APPLE RD,,,,0.00,N,Not at Intersection,N,Non-Junction,None,,,         ,Jesse,Cox,Clear,Not Collision with Motor Vehicle in Transport,no,no,no,no,no,False
102521179,METROPOLITAN NASHVILLE POLICE DEPT,20190713095,Davidson,Not in City Limit,9/26/2019 5:37:00 PM,1,1,0,36.276220,-86.746850,NESBITT CT,,,,352.00,Feet,South,CURTIS DR,,,,0.00,N,Not at Intersection,N,Non-Junction,None,,,         ,Christopher,Littles,Cloudy,Not Collision with Motor Vehicle in Transport,no,no,no,no,no,False
102521192,METROPOLITAN NASHVILLE POLICE DEPT,20190713146,Davidson,Nashville,9/26/2019 5:45:00 PM,2,0,0,36.153640,-86.794300,17TH AVS,,,,63.00,Feet,South,WEST END AV,,,,0.00,N,Not at Intersection, ,Non-Junction,None,,,         ,Randall,Ward,Clear,"Sideswipe, Same Direction",no,no,no,no,no,False
102521202,METROPOLITAN NASHVILLE POLICE DEPT,20190713005,Davidson,Nashville,9/26/2019 12:00:00 AM,2,0,0,36.105910,-86.813840,HILLSBORO PKE,,,,23.00,Feet,North,ABBOTT MARTIN RD,,,,0.00,N,Not at Intersection, ,,None,,,         ,Joel,Cottrill,,,no,no,no,no,no,False
102521203,METROPOLITAN NASHVILLE POLICE DEPT,20190713093,Davidson,Not in City Limit,9/26/2019 5:02:00 PM,2,0,0,36.044640,-86.955180,HIGHWAY 100,,,,317.00,Feet,East,OLD HARDING PKE,,,,0.00,N,Not at Intersection, ,"Driveway, Alley Access, etc",None,,,         ,Ryan,Allen,Clear,Angle,no,no,no,no,no,False
102521219,METROPOLITAN NASHVILLE POLICE DEPT,20190712912,Davidson,Nashville,9/26/2019 3:46:00 PM,2,0,0,36.154260,-86.785980,12TH AVS,,,,140.00,Feet,South,DEMONBREUN ST,,,,0.00,N,Not at Intersection, ,,None,,,         ,Derek,Betty,,,no,no,no,no,no,False
102521222,METROPOLITAN NASHVILLE POLICE DEPT,20190713076,Davidson,Nashville,9/26/2019 5:31:00 PM,1,0,0,36.119510,-86.801780,I 440,,,,0.00,,,,,,,3.05,N,Not at Intersection,N,Non-Junction,None,,,         ,Darryl,Williams,Clear,Not Collision with Motor Vehicle in Transport,no,no,no,no,no,False
102521224,METROPOLITAN NASHVILLE POLICE DEPT,20190713151,Davidson,Nashville,9/26/2019 4:20:00 PM,2,0,0,36.197400,-86.691370,OPRY MILLS DR,,,,228.00,Feet,North,GAYLORD DR,,,,0.00,N,Not at Intersection, ,Non-Junction,None,,,         ,Jeffrey,Mullins,Clear,Front to Rear,no,no,no,no,no,False
102521225,METROPOLITAN NASHVILLE POLICE DEPT,20190713220,Davidson,Not in City Limit,9/26/2019 6:56:00 PM,2,0,0,36.263910,-86.690300,STATE RT 45,,,,0.00,,,MYATT DR,,,,0.00,Y,Four-Way, ,Intersection,None,,,         ,Christopher,Littles,Cloudy,Front to Rear,no,no,no,no,no,False
102521232,METROPOLITAN NASHVILLE POLICE DEPT,20190712889,Davidson,Nashville,9/26/2019 4:05:00 PM,3,3,0,36.171450,-86.769030,INTERSTATE DR,,,,0.00,,,,,,,0.00,,,N,Intersection-Related,None,,,         ,Phillip,Burke,Clear,Angle,no,no,no,no,no,False
102521236,METROPOLITAN NASHVILLE POLICE DEPT,20190713140,Davidson,Nashville,9/26/2019 6:09:00 PM,2,1,0,36.151400,-86.822470,I 440,,,,0.00,,,,,,,1.55,N,Not at Intersection,N,Non-Junction,None,,,         ,FELIKS,ABRAHAMYAN,Clear,Front to Rear,no,no,no,no,no,False
102521240,METROPOLITAN NASHVILLE POLICE DEPT,20190713143,Davidson,Nashville,9/26/2019 5:25:00 PM,2,0,0,36.133230,-86.801310,21ST AVS,,,,0.00,,,PORTLAND AV,,,,0.00,Y,Four-Way,N,Intersection,None,,,         ,John,Roberson,Cloudy,Angle,no,no,no,no,no,False
102521243,METROPOLITAN NASHVILLE POLICE DEPT,20190713020,Davidson,Nashville,9/26/2019 5:06:00 PM,1,1,0,36.182520,-86.772320,LANE GARDEN APTS PVTDR,,,,205.00,Feet,North,JOSEPH AV,,,,0.00,N,Not at Intersection,N,Non-Junction,None,,,         ,Amanda,Fox,Clear,Not Collision with Motor Vehicle in Transport,yes,no,no,yes,yes,False
102521260,METROPOLITAN NASHVILLE POLICE DEPT,20190713299,Davidson,Nashville,9/26/2019 7:25:00 PM,2,1,0,36.047820,-86.663010,I 24,,,,0.00,,,,,,,59.15,N,Not at Intersection,N,Non-Junction,None,,,         ,Jesse,Cox,Clear,Front to Rear,no,no,no,no,yes,False
102521267,METROPOLITAN NASHVILLE POLICE DEPT,20190713103,Davidson,Nashville,9/26/2019 4:52:00 PM,2,0,0,36.053930,-86.673510,I 24,,,,0.00,,,,,,,58.40,N,Not at Intersection, ,,None,,,         ,Patrick,Martin,,,no,no,no,no,no,False
102521301,METROPOLITAN NASHVILLE POLICE DEPT,20190713188,Davidson,Nashville,9/26/2019 6:40:00 PM,2,1,0,36.248630,-86.719910,US HWY 31E,,,,252.00,Feet,North,DUE WEST AVE E,,,,0.00,N,Not at Intersection,N,Non-Junction,None,,,         ,Evan,Grace,Clear,"Sideswipe, Same Direction",no,no,no,no,no,False
102521303,METROPOLITAN NASHVILLE POLICE DEPT,20190713310,Davidson,Not in City Limit,9/26/2019 12:00:00 AM,2,0,0,36.070140,-86.933640,COLICE JEANNE RD,,,,351.00,Feet,North,BAUGH RD,,,,0.00,N,Not at Intersection,N,Non-Junction,None,,,         ,Jeremy,Huffine,Clear,"Sideswipe, Same Direction",no,no,no,yes,yes,False
102521305,METROPOLITAN NASHVILLE POLICE DEPT,20190713305,Davidson,Antioch,9/26/2019 7:34:00 PM,2,1,0,36.028900,-86.608660,LOGISTICS WAY,,,,1267.00,Feet,East,OLD HICKORY BLVD,,,,0.00,N,Not at Intersection,N,Non-Junction,None,,,         ,Patrick,Martin,Cloudy,Angle,no,no,no,no,no,False
102521309,METROPOLITAN NASHVILLE POLICE DEPT,20190713272,Davidson,Nashville,9/26/2019 7:21:00 PM,1,0,0,36.073410,-86.769070,I 65,,,,0.00,,,,,,,77.20,N,Not at Intersection, ,Non-Junction,None,,,         ,John,Chambers,Cloudy,Not Collision with Motor Vehicle in Transport,no,no,no,no,no,False
102521322,METROPOLITAN NASHVILLE POLICE DEPT,20190713134,Davidson,Nashville,9/26/2019 5:45:00 PM,1,0,0,36.087690,-86.647230,NASHBORO BLVD,,,,511.00,Feet,East,MURFREESBORO PKE,,,,0.00,N,Not at Intersection,N,Non-Junction,None,,,         ,Cheri,Cox,Clear,Not Collision with Motor Vehicle in Transport,no,no,no,no,no,False
102521323,METROPOLITAN NASHVILLE POLICE DEPT,20190713345,Davidson,Nashville,9/26/2019 5:55:00 PM,2,0,0,36.157110,-86.774670,4TH AVS,,,,0.00,,,KOREAN VETERANS BLVD,,,,0.00,Y,Four-Way, ,Intersection,Construction Zone,,,         ,Derek,Betty,Clear,Angle,no,no,no,no,yes,False
102521340,METROPOLITAN NASHVILLE POLICE DEPT,20190713271,Davidson,Nashville,9/26/2019 12:00:00 AM,4,0,0,36.073310,-86.718380,HOPEWOOD DR,,,,191.00,Feet,East,HOPEWOOD CT,,,,0.00,N,Not at Intersection,N,Non-Junction,None,,,         ,Jesse,Cox,Clear,Angle,no,no,no,no,yes,False
102521381,METROPOLITAN NASHVILLE POLICE DEPT,20190713361,Davidson,Goodlettsville,9/26/2019 7:59:00 PM,2,0,0,36.302750,-86.691850,RIVERGATE MARKETPLACE PVTDR,,,,0.00,,,GALLATIN PKEN,,,,0.00,Y,Four-Way,N,Intersection,None,,,         ,Christopher,Littles,Cloudy,HeadOn,no,no,no,no,no,False
102521397,METROPOLITAN NASHVILLE POLICE DEPT,20190713343,Davidson,Nashville,9/26/2019 6:17:00 PM,2,0,0,36.040590,-86.771070,OLD HICKORY BLVD,,,,0.00,,,SEVEN SPRINGS WAY PVTDR,,,,0.00,Y,Four-Way,N,Non-Junction,None,,,         ,Darryl,Williams,Clear,Front to Rear,no,no,no,no,no,False
102521401,METROPOLITAN NASHVILLE POLICE DEPT,20190713443,Davidson,Nashville,9/26/2019 8:36:00 PM,2,0,0,36.189560,-86.627380,US HWY 70,,,,733.00,Feet,East,HICKORY HILL LN,,,,0.00,N,Not at Intersection, ,Non-Junction,None,,,         ,Jason,Milyaro Lucas,Clear,Front to Rear,no,no,no,yes,yes,False
102521402,METROPOLITAN NASHVILLE POLICE DEPT,20190713480,Davidson,Nashville,9/26/2019 9:00:00 PM,2,0,0,36.153270,-86.756410,I 40,,,,0.00,,,,,,,211.20,N,Not at Intersection, ,Non-Junction,None,,,         ,Darci,Stechman,Clear,"Sideswipe, Same Direction",no,no,no,no,no,False
102521411,METROPOLITAN NASHVILLE POLICE DEPT,20190712985,Davidson,Nashville,9/26/2019 4:40:00 PM,2,1,0,36.129100,-86.841020,HARDING PKE,,,,413.00,Feet,West,BRIXWORTH LN,,,,0.00,N,Not at Intersection,N,Non-Junction,None,,,         ,Torian,Cox,Clear,Front to Rear,no,no,no,no,no,False
102521412,METROPOLITAN NASHVILLE POLICE DEPT,20190711107,Davidson,Nashville,9/25/2019 10:55:00 PM,2,0,0,36.249260,-86.735190,DUE WEST AVW,,,,96.00,Feet,East,BRIARVILLE RD,,,,0.00,N,Not at Intersection, ,Non-Junction,None,,,         ,Rudy,Basaldua,Clear,"Sideswipe, Same Direction",no,no,no,no,no,False
102521413,METROPOLITAN NASHVILLE POLICE DEPT,20190713447,Davidson,Not in City Limit,9/26/2019 8:44:00 PM,3,3,0,36.273440,-86.710040,ANDERSON LN,,,,0.00,Feet,East,GALLATIN PKEN,,,,0.00,N,Not at Intersection,N,Non-Junction,None,,,         ,Peter,Vaught,Clear,Front to Rear,no,no,no,no,no,False
102521415,METROPOLITAN NASHVILLE POLICE DEPT,20190713417,Davidson,Nashville,9/26/2019 8:31:00 PM,1,1,0,36.186590,-86.709560,ROSEBANK AV,,,,77.00,Feet,North,ROSE PARK DR,,,,0.00,N,Not at Intersection,N,Non-Junction,None,,,         ,Brynn,Cellan,Clear,Not Collision with Motor Vehicle in Transport,no,no,no,no,no,False
102521417,METROPOLITAN NASHVILLE POLICE DEPT,20190713518,Davidson,Nashville,9/26/2019 12:00:00 AM,3,0,0,36.151730,-86.752530,I 40,,,,0.00,,,,,,,211.45,N,Not at Intersection,N,Non-Junction,None,,,         ,Darci,Stechman,Clear,Front to Rear,no,no,no,no,yes,False
102521425,METROPOLITAN NASHVILLE POLICE DEPT,20190713496,Davidson,Not in City Limit,9/26/2019 9:13:00 PM,2,0,0,36.022580,-86.629900,I 24,,,,0.00,,,,,,,61.80,N,Not at Intersection,N,Non-Junction,Work Zone,Work On Shoulder Or Median,Advanced Warning Area,         ,Patrick,Martin,Clear,Front to Rear,no,no,no,no,yes,False
102521491,METROPOLITAN NASHVILLE POLICE DEPT,20190713141,Davidson,Not in City Limit,9/26/2019 6:04:00 PM,3,0,0,36.078140,-86.991850,I 40,,,,0.00,,,,,,,194.10,N,Not at Intersection,N,Non-Junction,None,,,         ,Jeremy,Huffine,Clear,Front to Rear,no,no,no,no,yes,False
102521493,METROPOLITAN NASHVILLE POLICE DEPT,20190713747,Davidson,Nashville,9/26/2019 11:41:00 PM,1,1,0,36.174000,-86.801110,I40 W ENT RAMP,,,,0.00,Feet,East,I40 E ENT RAMP,,,,0.00,N,Not at Intersection,N,Non-Junction,None,,,         ,Timothy,Skopek,Clear,Not Collision with Motor Vehicle in Transport,no,no,no,no,no,False
102521514,METROPOLITAN NASHVILLE POLICE DEPT,20190713680,Davidson,Nashville,9/26/2019 10:58:00 PM,2,1,0,36.216910,-86.739700,HART LN,,,,0.00,Feet,East,EDWARDS AV,,,,0.00,N,Not at Intersection,N,Non-Junction,None,,,         ,Reginald,Pierre-Paul,Clear,HeadOn,no,no,no,no,no,False
102521517,METROPOLITAN NASHVILLE POLICE DEPT,20190713899,Davidson,Not in City Limit,9/27/2019 12:00:00 AM,2,0,0,36.264210,-86.734460,OLD HICKORY BLVDW,,,,175.00,Feet,West,HEAD DR,,,,0.00,N,Not at Intersection,N,Non-Junction,None,,,         ,Brandon,Wood,Clear,"Sideswipe, Same Direction",no,no,no,no,yes,False
102521519,METROPOLITAN NASHVILLE POLICE DEPT,20190713853,Davidson,Nashville,9/27/2019 12:45:00 AM,2,0,0,36.238590,-86.723920,GALLATIN PKES,,,,82.00,Feet,South,GALLATIN PKE,,,,0.00,N,Not at Intersection,N,Non-Junction,None,,,         ,Chad,Mahoney,Clear,Front to Rear,no,no,no,no,yes,False
102521523,METROPOLITAN NASHVILLE POLICE DEPT,20190713763,Davidson,Nashville,9/26/2019 11:57:00 PM,1,1,0,36.123330,-86.717260,EAST THOMPSON LN,,,,379.00,Feet,North,EAST THOMPSON LN,,,,0.00,N,Not at Intersection,N,Non-Junction,None,,,         ,Corey,Eldridge,Clear,Not Collision with Motor Vehicle in Transport,no,no,no,no,no,False
102521541,METROPOLITAN NASHVILLE POLICE DEPT,20190714050,Davidson,Nashville,9/27/2019 2:00:00 AM,1,0,0,36.216090,-86.775680,SOUTHERLAND DR,,,,1312.00,Feet,East,BRICK CHURCH PKE,,,,0.00,N,Not at Intersection,N,Non-Junction,None,,,         ,Daniel,Garrett,Clear,Not Collision with Motor Vehicle in Transport,no,no,no,no,no,False
102521542,METROPOLITAN NASHVILLE POLICE DEPT,20190713846,Davidson,Nashville,9/27/2019 12:50:00 AM,2,2,0,36.147660,-86.768470,4TH AVS,,,,0.00,Feet,,CAMERON ST,,,,0.00,Y,T-Intersection,N,Non-Junction,None,,,         ,Mario,Diaz,Clear,Angle,no,no,no,no,no,False
102521564,METROPOLITAN NASHVILLE POLICE DEPT,20190714045,Davidson,Nashville,9/27/2019 2:40:00 AM,2,0,0,36.061670,-86.681640,I 24,,,,0.00,,,,,,,57.70,N,Not at Intersection,Y,Non-Junction,None,,,         ,Derrick,Toney,Clear,Front to Rear,no,no,no,no,no,False
102521603,METROPOLITAN NASHVILLE POLICE DEPT,20190712454,Davidson,Not in City Limit,9/26/2019 11:50:00 AM,2,0,0,36.258920,-86.738450,I 65,,,,0.00,,,,,,,91.85,N,Not at Intersection,N,Non-Junction,None,,,         ,Brian,Otto,Rain,"Sideswipe, Same Direction",no,no,no,no,no,False
102521608,METROPOLITAN NASHVILLE POLICE DEPT,20190713690,Davidson,Nashville,9/26/2019 12:00:00 AM,1,0,0,36.121180,-86.776790,KIRKWOOD AV,,,,394.00,Feet,South,FRANKLIN PKE,,,,0.00,N,Not at Intersection,N,Non-Junction,None,,,         ,Jose,Salazar,Clear,Not Collision with Motor Vehicle in Transport,no,no,no,no,no,False
102521609,METROPOLITAN NASHVILLE POLICE DEPT,20190714238,Davidson,Nashville,9/27/2019 5:29:00 AM,2,0,0,36.061550,-86.681210,I 24,,,,0.00,,,,,,,57.70,N,Not at Intersection,N,Non-Junction,None,,,         ,Kyle,Burks,Fog,Front to Rear,no,no,no,no,no,False
102521616,METROPOLITAN NASHVILLE POLICE DEPT,20190714190,Davidson,Nashville,9/27/2019 4:51:00 AM,2,2,0,36.106430,-86.819430,ABBOTT MARTIN RD,,,,0.00,,,CLEGHORN AV,,,,0.00,Y,Four-Way,N,Intersection,None,,,         ,Joshua,Asbell,Fog,Angle,no,no,no,no,no,False
102521621,METROPOLITAN NASHVILLE POLICE DEPT,20190712602,Davidson,Nashville,9/26/2019 2:19:00 PM,2,0,0,36.154510,-86.815630,CHARLOTTE AV,,,,0.00,,,26TH AVN,,,,0.00,Y,Four-Way, ,Intersection,None,,,         ,Fabjan,Llukaj,Rain,Angle,no,no,no,no,no,False
102521626,METROPOLITAN NASHVILLE POLICE DEPT,20190714414,Davidson,Nashville,9/27/2019 7:24:00 AM,2,0,0,36.149330,-86.629610,NORWALK DR,,,,119.00,Feet,South,BLACKWOOD DR,,,,0.00,N,Not at Intersection, ,"Driveway, Alley Access, etc",None,,,         ,Michael,Dance,Clear,Rear to Side,no,no,no,no,no,False
102521629,METROPOLITAN NASHVILLE POLICE DEPT,20190714353,Davidson,Nashville,9/27/2019 6:15:00 AM,2,0,0,36.070960,-86.723150,NOLENSVILLE PKE,,,,206.00,Feet,South,BASS AV,,,,0.00,N,Not at Intersection,N,Non-Junction,None,,,         ,Gerald,Gomes,Clear,Front to Rear,no,no,no,no,yes,False
102521631,METROPOLITAN NASHVILLE POLICE DEPT,20190714413,Davidson,Nashville,9/27/2019 7:22:00 AM,2,0,0,36.131520,-86.811890,BLAIR BLVD,,,,0.00,,,NATCHEZ TRC,,,,0.00,Y,Five Point Or More, ,Non-Junction,None,,,         ,Justin,Pinkelton,Clear,Angle,no,no,no,no,no,False
102521632,METROPOLITAN NASHVILLE POLICE DEPT,20190714436,Davidson,Nashville,9/27/2019 7:33:00 AM,3,1,0,36.155840,-86.827130,I 40,,,,0.00,,,,,,,205.65,N,Not at Intersection,N,Non-Junction,None,,,         ,Curtis,Rich,Cloudy,Front to Rear,no,no,no,no,no,False
102521633,METROPOLITAN NASHVILLE POLICE DEPT,20190714287,Davidson,Nashville,9/27/2019 6:09:00 AM,1,1,0,36.173170,-86.601370,CENTRAL PKE,,,,155.00,Feet,West,BURNING TREE DR,,,,0.00,N,Not at Intersection,N,Non-Junction,None,,,         ,Graham,Binkley,Fog,Not Collision with Motor Vehicle in Transport,yes,no,no,no,no,False
102521639,METROPOLITAN NASHVILLE POLICE DEPT,20190712438,Davidson,Nashville,9/26/2019 11:48:00 AM,2,0,0,36.206270,-86.773480,W TRINITY LN,,,,0.00,,,LUCAS LN,,,,0.00,Y,T-Intersection,N,Intersection-Related,None,,,         ,Bonita,Blue,Rain,Front to Rear,no,no,no,no,no,False
102521640,METROPOLITAN NASHVILLE POLICE DEPT,20190714340,Davidson,Nashville,9/27/2019 6:10:00 AM,2,0,0,36.125880,-86.732160,I440 W ENT RAMP,,,,0.00,Feet,East,I 440,,,,0.00,N,Not at Intersection, ,Entrance/Exit Ramp Related,Construction Zone,,,         ,Todd,Watson,Fog,Front to Rear,no,no,no,no,no,False
102521643,METROPOLITAN NASHVILLE POLICE DEPT,20190714344,Davidson,Nashville,9/27/2019 6:30:00 AM,2,0,0,36.156230,-86.800370,19TH AVN,,,,0.00,,,PATTERSON ST,,,,0.00,Y,Four-Way,N,Intersection,None,,,         ,Donovan,Coble,Clear,Angle,no,no,no,no,no,False
102521646,METROPOLITAN NASHVILLE POLICE DEPT,20190714345,Davidson,Not in City Limit,9/27/2019 6:17:00 AM,2,1,0,35.995880,-86.690900,CONCORD RD,,,,467.00,Feet,South,NOLENSVILLE PKE,,,,0.00,N,Not at Intersection,N,Non-Junction,None,,,         ,Jose,Oliveros,Clear,Angle,no,no,no,no,no,False
102521651,METROPOLITAN NASHVILLE POLICE DEPT,20190714330,Davidson,Nashville,9/27/2019 6:44:00 AM,2,2,0,36.159070,-86.760460,I 24,,,,0.00,,,,,,,49.50,N,Not at Intersection,N,Non-Junction,None,,,         ,Bianca,Crawford,Clear,Front to Rear,no,no,no,no,no,False
102521655,METROPOLITAN NASHVILLE POLICE DEPT,20190714501,Davidson,Nashville,9/27/2019 7:16:00 AM,2,0,0,36.130930,-86.806520,BLAIR BLVD,,,,132.00,Feet,East,25TH AVS,,,,0.00,N,Not at Intersection, ,Non-Junction,None,,,         ,Justin,Pinkelton,Clear,Angle,no,no,no,no,no,False
102521656,METROPOLITAN NASHVILLE POLICE DEPT,20190714491,Davidson,Nashville,9/27/2019 8:04:00 AM,2,1,0,36.143020,-86.736490,I 40,,,,0.00,,,,,,,212.70,N,Not at Intersection,N,Non-Junction,None,,,         ,Michael,Dance,Clear,Front to Rear,no,no,no,no,no,False
102521683,METROPOLITAN NASHVILLE POLICE DEPT,20190714503,Davidson,Nashville,9/27/2019 8:10:00 AM,2,1,0,36.170550,-86.653440,LEBANON PKE,,,,8.00,Feet,East,RIVERSTONE BLVD,,,,0.00,N,Not at Intersection,N,Non-Junction,None,,,         ,Lee,Davis,Clear,Front to Rear,no,no,no,no,no,False
102521699,METROPOLITAN NASHVILLE POLICE DEPT,20190714482,Davidson,Nashville,9/27/2019 7:39:00 AM,2,0,0,36.239580,-86.674520,SCHOOL PASS,,,,498.00,Feet,North,MANN RD,,,,0.00,N,Not at Intersection,N,Non-Junction,None,,,         ,Eric,Richardson,Fog,"Sideswipe, Same Direction",no,no,no,yes,yes,False
102521715,METROPOLITAN NASHVILLE POLICE DEPT,2019-0714556,Davidson,Nashville,9/27/2019 8:39:00 AM,2,0,0,36.293440,-86.810410,I 24,,,,0.00,,,,,,,39.25,N,Not at Intersection,N,Non-Junction,None,,,         ,Arthur,Hipp,Cloudy,"Sideswipe, Same Direction",no,no,no,no,no,False
102521740,METROPOLITAN NASHVILLE POLICE DEPT,20190714511,Davidson,Not in City Limit,9/27/2019 7:40:00 AM,2,0,0,36.266900,-86.710910,DUPONT AV,,,,0.00,,,GALLATIN PKEN,,,,0.00,Y,Four-Way,Y,Intersection-Related,None,,,         ,Samuel,Kersten,Cloudy,Front to Rear,no,no,no,no,no,False
102521750,METROPOLITAN NASHVILLE POLICE DEPT,20190714528,Davidson,Nashville,9/27/2019 6:38:00 AM,2,0,0,36.048410,-86.657400,HICKORY HOLLOW PKWY,,,,0.00,Feet,,HICKORY HOLLOW MALL PVTDR PL,,,,0.00,Y,Four-Way, ,Intersection,None,,,         ,Melissa,Lomax,Clear,Angle,no,no,no,no,no,False
102521763,METROPOLITAN NASHVILLE POLICE DEPT,20190714411,Davidson,Nashville,9/27/2019 7:22:00 AM,2,0,0,36.077060,-86.736640,HARDING PL,,,,0.00,,,SHADESCREST DR,,,,0.00,Y,T-Intersection,N,Intersection,None,,,         ,Raymond,Flaherty,Clear,Angle,no,no,no,no,no,False
102521769,METROPOLITAN NASHVILLE POLICE DEPT,20190714512,Davidson,Nashville,9/27/2019 8:18:00 AM,2,1,0,36.071000,-86.635220,MURFREESBORO PKE,,,,425.00,Feet,South,BELL RD,,,,0.00,N,Not at Intersection,N,Non-Junction,None,,,         ,James,Thomas,Clear,Angle,no,no,no,no,no,False
102521786,METROPOLITAN NASHVILLE POLICE DEPT,20190714364,Davidson,Nashville,9/27/2019 8:18:00 AM,2,0,0,36.040350,-86.745200,OLD HICKORY BLVD,,,,523.00,Feet,West,EDMONDSON PKE,,,,0.00,N,Not at Intersection, ,Non-Junction,None,,,         ,Ian,Hammond,Clear,Angle,no,no,no,yes,yes,False
102521787,METROPOLITAN NASHVILLE POLICE DEPT,20190714652,Davidson,Nashville,9/27/2019 9:42:00 AM,2,0,0,36.236810,-86.729630,BRILEY,PKWY,,,0.00,,East,,,,,14.00,N,Not at Intersection, ,Non-Junction,None,,,         ,David,Collins,Clear,"Sideswipe, Same Direction",no,no,no,no,no,False