master_record_number,agency,agency_tracking_number,county,city,collision_date,vehicles_involved,number_injured,number_dead,latitude,longitude,roadway_name,roadway_suffix,roadway_number,roadway_local_id,distance_from_reference,miles-feet_indicator,direction_from_reference,intersection_road_name,intersection_road_name_suffix,intersection_road_number,intersection_local_id,mile_marker,intersection_indicator,intersect_type,interchange_related_indicator,relation_to_junction,work_zone_type,construction_maintenance_zone,construction_maintenance_zone_location,fatal_case_number,officer_first_name,officer_last_name,weather_condition(s),manner_of_crash,pedestrian,bicycle,scooter,parking,hitrun,mou
102522626,METROPOLITAN NASHVILLE POLICE DEPT,20190715991,Davidson,Nashville,9/27/2019 8:39:00 PM,1,0,0,36.089720,-86.638900,NASHBORO BLVD PVTDR,,,,8.00,Feet,South,NASHBORO BLVD,,,,0.00,N,Not at Intersection,N,Non-Junction,None,,,         ,Carey,Steel,Clear,Not Collision with Motor Vehicle in Transport,no,no,no,no,yes,False
102522627,METROPOLITAN NASHVILLE POLICE DEPT,20190716126,Davidson,Nashville,9/27/2019 7:19:00 PM,3,0,0,36.151890,-86.768320,I40 W EXT RAMP,,,,0.00,Feet,East,I 40,,,,0.00,N,Not at Intersection,N,Entrance/Exit Ramp Related,None,,,         ,Nicolas,Pernell,Clear,Front to Rear,no,no,no,no,yes,False
102522629,METROPOLITAN NASHVILLE POLICE DEPT,20190716027,Davidson,Nashville,9/27/2019 8:51:00 PM,2,0,0,36.045600,-86.658470,I24 W EXT RAMP,,,,0.00,,,I 24,,,,0.00,Y,Four-Way,N,Intersection,None,,,         ,Taylor,Hurley,Clear,Angle,no,no,no,no,no,False
102522642,METROPOLITAN NASHVILLE POLICE DEPT,20190715939,Davidson,Nashville,9/27/2019 7:56:00 PM,3,1,0,36.066670,-86.686540,I 24,,,,0.00,,,,,,,57.25,N,Not at Intersection, ,Non-Junction,None,,,         ,Jesse,Cox,Clear,"Sideswipe, Same Direction",no,no,no,no,no,False
102522646,METROPOLITAN NASHVILLE POLICE DEPT,20190716150,Davidson,Nashville,9/27/2019 8:27:00 PM,2,0,0,36.183650,-86.610660,OLD HICKORY BLVD,,,,0.00,,,ANDREW JACKSON PKWY,,,,0.00,Y,Four-Way,N,Non-Junction,None,,,         ,Terence,Mitchell,Clear,"Sideswipe, Same Direction",no,no,no,no,yes,False
102522651,METROPOLITAN NASHVILLE POLICE DEPT,20190716089,Davidson,Nashville,9/27/2019 9:17:00 PM,2,0,0,36.038280,-86.647460,I 24,,,,0.00,,,,,,,60.20,N,Not at Intersection, ,,Work Zone,,,         ,Patrick,Martin,,,no,no,no,no,no,False
102522652,METROPOLITAN NASHVILLE POLICE DEPT,20190716171,Davidson,Nashville,9/27/2019 10:03:00 PM,2,0,0,36.158840,-86.776240,DEMONBREUN ST,,,,116.00,Feet,West,4TH AVS,,,,0.00,N,Not at Intersection, ,Non-Junction,None,,,         ,Nicolas,Pernell,Clear,Front to Rear,no,no,no,no,no,False
102522659,METROPOLITAN NASHVILLE POLICE DEPT,20190716133,Davidson,Nashville,9/27/2019 9:41:00 PM,1,0,0,36.064350,-86.693070,PACKARD DR,,,,388.00,Feet,East,CREEKSIDE DR,,,,0.00,N,Not at Intersection,N,Non-Junction,None,,,         ,Richard,Olive,Clear,Not Collision with Motor Vehicle in Transport,no,no,no,no,yes,False
102522660,METROPOLITAN NASHVILLE POLICE DEPT,20190716213,Davidson,Nashville,9/27/2019 12:00:00 AM,1,0,0,36.152820,-86.729000,LEBANON PKE,,,,2220.00,Feet,West,SPENCE LN,,,,0.00,N,Not at Intersection,N,Non-Junction,None,,,         ,Torry,Hill,Clear,Unknown,no,no,no,no,yes,False
102522701,METROPOLITAN NASHVILLE POLICE DEPT,20190716155,Davidson,Nashville,9/27/2019 9:38:00 PM,2,2,0,36.148730,-86.745920,I 40,,,,0.00,,,,,,,211.85,N,Not at Intersection,N,Non-Junction,None,,,         ,Joseph,Patricio,Clear,Front to Rear,no,no,no,no,no,False
102522722,METROPOLITAN NASHVILLE POLICE DEPT,20190716109,Davidson,Nashville,9/27/2019 9:23:00 PM,3,0,0,36.153300,-86.798200,19TH AVN,,,,0.00,Feet,East,HAYES ST,,,,0.00,N,Not at Intersection,N,Non-Junction,None,,,         ,Darryl,Williams,Clear,Angle,no,no,no,no,yes,False
102522758,METROPOLITAN NASHVILLE POLICE DEPT,20190716351,Davidson,Nashville,9/27/2019 11:48:00 PM,2,1,0,36.157650,-86.773410,3RD AVS,,,,0.00,,,KOREAN VETERANS BLVD,,,,0.00,Y,Four-Way,N,Intersection,None,,,         ,Gabriel,Hamilton,Clear,Angle,no,no,no,no,no,False
102522777,METROPOLITAN NASHVILLE POLICE DEPT,20190716249,Davidson,Not in City Limit,9/27/2019 8:00:00 PM,2,0,0,36.048360,-86.952900,TEMPLE RD,,,,0.00,,,OLD HARDING PIKE,,,,0.00,Y,T-Intersection, ,Intersection,None,,,         ,Joshua,Asbell,Clear,Angle,no,no,no,no,no,False
102522782,METROPOLITAN NASHVILLE POLICE DEPT,20190716274,Davidson,Nashville,9/27/2019 10:35:00 PM,2,0,0,36.182540,-86.799250,I 65,,,,0.00,,,,,,,85.20,N,Not at Intersection, ,Non-Junction,None,,,         ,Christopher,Royer,Clear,Front to Rear,no,no,no,no,no,False
102522785,METROPOLITAN NASHVILLE POLICE DEPT,20190716282,Davidson,Nashville,9/27/2019 11:15:00 PM,2,1,0,36.137370,-86.891140,I 40,,,,0.00,,,,,,,201.75,N,Not at Intersection,N,Non-Junction,None,,,         ,Melvin,Brown III,Clear,Angle,no,no,no,no,no,False
102522788,METROPOLITAN NASHVILLE POLICE DEPT,20190716505,Davidson,Nashville,9/28/2019 1:20:00 AM,1,0,0,36.244420,-86.747680,I65 S EXT RAMP,,,,0.00,,,I 65,,,,0.00,Y,Y-Intersection,N,Entrance/Exit Ramp Related,None,,,         ,Jeffrey,Mullins,Clear,Not Collision with Motor Vehicle in Transport,no,no,no,no,no,False
102522790,METROPOLITAN NASHVILLE POLICE DEPT,20190716464,Davidson,Nashville,9/27/2019 11:19:00 PM,2,0,0,36.032930,-86.641430,I 24,,,,0.00,,,,,,,60.75,N,Not at Intersection, ,Non-Junction,Work Zone,,,         ,Holly,Davis,Clear,Other,no,no,no,no,no,False
102522791,METROPOLITAN NASHVILLE POLICE DEPT,20190716543,Davidson,Nashville,9/28/2019 1:34:00 AM,2,0,0,36.148700,-86.640830,I 40,,,,0.00,,,,,,,218.20,N,Not at Intersection,N,Non-Junction,None,,,         ,Curtis,Fisher,Clear,Front to Rear,no,no,no,no,yes,False
102522792,GOODLETTSVILLE POLICE DEPT,19-36367,Davidson,Goodlettsville,9/27/2019 6:06:00 PM,2,0,0,36.322260,-86.713310,S MAIN ST,,,,0.00,,,LONG HOLLOW PKE,,,,0.00,Y,Four-Way,N,Intersection,None,,,         ,Kenneth,Parks,Clear,Angle,no,no,no,no,no,False
102522793,METROPOLITAN NASHVILLE POLICE DEPT,20190716289,Davidson,Nashville,9/27/2019 11:20:00 PM,3,0,0,36.154950,-86.788180,I40 W EXT RAMP,,,,0.00,Feet,,I 40,,,,0.00,Y,Y-Intersection,Y,Entrance/Exit Ramp Related,None,,,         ,Thomas,Parsons,Clear,Front to Rear,no,no,no,no,no,False
102522802,METROPOLITAN NASHVILLE POLICE DEPT,20190716521,Davidson,Nashville,9/27/2019 9:44:00 PM,2,0,0,36.000040,-86.692970,CONCORD HILLS DR,,,,255.00,Feet,North,NOLENSVILLE PKE,,,,0.00,N,Not at Intersection,N,Non-Junction,None,,,         ,Kevin,Breeding,Clear,Rear to Rear,no,no,no,yes,yes,False
102522808,METROPOLITAN NASHVILLE POLICE DEPT,20190716643,Davidson,Nashville,9/28/2019 2:50:00 AM,1,1,0,36.177280,-86.807240,16TH AVN,,,,64.00,Feet,North,WHELESS ST,,,,0.00,N,Not at Intersection,N,Non-Junction,None,,,         ,Timothy,Skopek,Cloudy,Not Collision with Motor Vehicle in Transport,no,no,no,no,no,False
102522818,METROPOLITAN NASHVILLE POLICE DEPT,20190716603,Davidson,Nashville,9/28/2019 2:20:00 AM,2,4,0,36.180590,-86.796350,GARFIELD ST,,,,0.00,,,ROSA L PARKS BLVD,,,,0.00,Y,Four-Way,Y,Intersection,None,,,         ,Myriah,Iles,Clear,Angle,no,no,no,no,no,False
102522836,METROPOLITAN NASHVILLE POLICE DEPT,20190716669,Davidson,Nashville,9/28/2019 2:54:00 AM,2,0,0,36.170590,-86.805100,I 40,,,,0.00,,,,,,,207.40,N,Not at Intersection,N,Non-Junction,None,,,         ,Bobby,Samuels,Clear,Front to Rear,no,no,no,no,yes,False
102522841,METROPOLITAN NASHVILLE POLICE DEPT,20190716614,Davidson,Nashville,9/28/2019 2:37:00 AM,2,2,0,36.059580,-86.641070,THE OVERLOOK PVTDR,,,,2.00,Feet,West,CAMBRIDGE APTS PVTDR,,,,0.00,N,Not at Intersection,N,Non-Junction,None,,,         ,Holly,Davis,Clear,Front to Rear,no,no,no,no,no,False
102522842,METROPOLITAN NASHVILLE POLICE DEPT,20190716698,Davidson,Nashville,9/28/2019 3:40:00 AM,2,0,0,36.173220,-86.765680,MAIN ST ENT RAMP,,,,0.00,Feet,East,SPRING ST,,,,0.00,N,Not at Intersection, ,Entrance/Exit Ramp Related,None,,,         ,Shaquille,Graham,Clear,"Sideswipe, Same Direction",no,no,no,no,no,False
102522859,METROPOLITAN NASHVILLE POLICE DEPT,20190716718,Davidson,Nashville,9/28/2019 4:06:00 AM,1,0,0,36.160530,-86.796420,CAPITOL PT,,,,118.00,Feet,East,16TH AVN,,,,0.00,N,Not at Intersection, ,Non-Junction,None,,,         ,Joel,Bennett,Clear,Not Collision with Motor Vehicle in Transport,no,no,no,yes,no,False
102522864,METROPOLITAN NASHVILLE POLICE DEPT,20190716625,Davidson,Nashville,9/28/2019 2:45:00 AM,2,0,0,36.060090,-86.716400,NOLENSVILLE PKE,,,,0.00,,,STRASSER DR,,,,0.00,Y,T-Intersection,N,Intersection,None,,,         ,Robert,Erickson,Clear,Angle,no,no,no,no,no,False
102522865,METROPOLITAN NASHVILLE POLICE DEPT,20190716364,Davidson,Nashville,9/27/2019 11:54:00 PM,4,5,0,36.155090,-86.790990,BROADWAY,,,,116.00,Feet,West,15TH AVN,,,,0.00,N,Not at Intersection,N,Non-Junction,None,,,         ,Dakota,Vermillion,Clear,HeadOn,no,no,no,no,no,False
102522879,METROPOLITAN NASHVILLE POLICE DEPT,20190716733,Davidson,Nashville,9/28/2019 3:20:00 AM,3,0,0,36.179660,-86.789240,4TH AVN,,,,79.00,Feet,South,VAN BUREN ST,,,,0.00,N,Not at Intersection,N,Non-Junction,None,,,         ,Christopher,Royer,Clear,Angle,no,no,no,no,yes,False
102522918,METROPOLITAN NASHVILLE POLICE DEPT,20190716875,Davidson,Nashville,9/28/2019 6:15:00 AM,2,0,0,36.156570,-86.775870,5TH AVS,,,,0.00,,,KOREAN VETERANS BLVD,,,,0.00,Y,Four-Way, ,Intersection,None,,,         ,Destiny,Zunic,Clear,Angle,no,no,no,no,no,False
102522919,METROPOLITAN NASHVILLE POLICE DEPT,20190716853,Davidson,Nashville,9/28/2019 6:00:00 AM,1,0,0,36.044090,-86.717170,KNOLLS PL,,,,430.00,Feet,South,OLD HICKORY BLVD,,,,0.00,N,Not at Intersection,N,Non-Junction,None,,,         ,Caleb,Jernigan,Clear,Not Collision with Motor Vehicle in Transport,no,no,no,yes,no,False
102522991,METROPOLITAN NASHVILLE POLICE DEPT,20190717067,Davidson,Nashville,9/28/2019 9:15:00 AM,3,0,0,36.044800,-86.662070,BELL RD,,,,162.00,Feet,West,CANE RIDGE RD,,,,0.00,N,Not at Intersection, ,,None,,,         ,Brandon,Evans,,,no,no,no,no,no,False
102522994,METROPOLITAN NASHVILLE POLICE DEPT,20190717113,Davidson,Nashville,9/28/2019 9:50:00 AM,2,0,0,36.082100,-86.761700,I65 N EXT RAMP,,,,0.00,,,HARDING PL,,,,0.00,Y,Four-Way, ,,None,,,         ,Jose,Oliveros,,,no,no,no,no,no,False
102523008,METROPOLITAN NASHVILLE POLICE DEPT,20190717035,Davidson,Nashville,9/28/2019 8:58:00 AM,2,2,0,36.152380,-86.837060,CHARLOTTE AV,,,,0.00,Feet,,42ND AVN,,,,0.00,Y,Four-Way,N,Intersection,None,,,         ,Darren,Key,Clear,Angle,no,no,no,no,no,False
102523016,METROPOLITAN NASHVILLE POLICE DEPT,20190717088,Davidson,Nashville,9/28/2019 9:40:00 AM,3,0,0,36.144000,-86.691030,I 40,,,,0.00,,,,,,,215.25,N,Not at Intersection, ,Non-Junction,None,,,         ,Gerry,Hutcheson,Clear,Front to Rear,no,no,no,no,no,False
102523030,METROPOLITAN NASHVILLE POLICE DEPT,20190717176,Davidson,Nashville,9/28/2019 10:00:00 AM,2,0,0,36.045480,-86.647290,CROSSINGS BLVD,,,,0.00,,,MT VIEW RD,,,,0.00,Y,Four-Way,N,Intersection,None,,,         ,Brandon,Evans,Clear,Angle,no,no,no,no,no,False
102523047,METROPOLITAN NASHVILLE POLICE DEPT,20190717208,Davidson,Nashville,9/28/2019 10:59:00 AM,2,0,0,36.146500,-86.742510,I 40,,,,0.00,,,,,,,212.10,N,Not at Intersection, ,Non-Junction,None,,,         ,Zachary,Plese,Clear,Front to Rear,no,no,no,no,no,False
102523053,METROPOLITAN NASHVILLE POLICE DEPT,20190717184,Davidson,Nashville,9/28/2019 10:41:00 AM,2,0,0,36.195780,-86.776120,I 65,,,,0.00,,,,,,,86.60,N,Not at Intersection,N,Non-Junction,None,,,         ,James,Wray,Clear,"Sideswipe, Same Direction",no,no,no,no,yes,False
102523066,METROPOLITAN NASHVILLE POLICE DEPT,20190717257,Davidson,Nashville,9/28/2019 11:45:00 AM,2,0,0,36.183650,-86.610660,OLD HICKORY BLVD,,,,0.00,,,ANDREW JACKSON PKWY,,,,0.00,Y,Four-Way, ,Intersection-Related,None,,,         ,William,Mckay,Clear,Front to Rear,no,no,no,no,no,False
102523075,METROPOLITAN NASHVILLE POLICE DEPT,20190717249,Davidson,Not in City Limit,9/28/2019 11:28:00 AM,2,0,0,36.272120,-86.689560,ANDERSON LN,,,,0.00,,,MYATT DR,,,,0.00,Y,OTHER, ,Intersection-Related,None,,,         ,Eric,Richardson,Clear,Angle,no,no,no,no,no,False
102523083,METROPOLITAN NASHVILLE POLICE DEPT,20190717180,Davidson,Nashville,9/28/2019 10:35:00 AM,2,0,0,36.196060,-86.758710,CROCKETT ST,,,,133.00,Feet,East,JONES AV,,,,0.00,N,Not at Intersection, ,Non-Junction,None,,,         ,Michael,Agee,Clear,Angle,no,no,no,no,no,False
102523095,METROPOLITAN NASHVILLE POLICE DEPT,20190717225,Davidson,Nashville,9/28/2019 11:04:00 AM,2,0,0,36.148950,-86.787550,HAWKINS ST,,,,259.00,Feet,West,13TH AVS,,,,0.00,N,Not at Intersection,N,Non-Junction,None,,,         ,Devin,Mabry,Clear,Front to Rear,no,no,no,no,no,False
102523107,METROPOLITAN NASHVILLE POLICE DEPT,20190717276,Davidson,Nashville,9/28/2019 12:00:00 PM,3,2,0,36.204700,-86.750700,E TRINITY LN,,,,66.00,Feet,East,ELLINGTON PKWY S EXT RAMP,,,,0.00,N,Not at Intersection,N,Non-Junction,None,,,         ,Zachary,Carter,Clear,Front to Rear,no,no,no,no,no,False
102523108,METROPOLITAN NASHVILLE POLICE DEPT,20190717237,Davidson,Nashville,9/28/2019 11:23:00 AM,2,3,0,36.174400,-86.774190,OLDHAM ST,,,,0.00,,,N 1ST ST,,,,0.00,Y,Four-Way,N,Intersection,None,,,         ,Kyle,Eicholtz,Clear,Angle,no,no,no,no,no,False
102523109,METROPOLITAN NASHVILLE POLICE DEPT,20190717338,Davidson,Nashville,9/28/2019 12:50:00 PM,2,0,0,36.198440,-86.620270,LEBANON PKE,,,,0.00,,,OLD HICKORY BLVD,,,,0.00,Y,Four-Way, ,Intersection-Related,None,,,         ,William,Mckay,Clear,Front to Rear,no,no,no,no,no,False
102523111,METROPOLITAN NASHVILLE POLICE DEPT,20190717081,Davidson,Nashville,9/28/2019 9:35:00 AM,2,0,0,36.129700,-86.792420,15TH AVS,,,,0.00,,,DELMAR AV,,,,0.00,Y,T-Intersection,N,Intersection,None,,,         ,David,Barras,Clear,Angle,no,no,no,no,no,False
102523112,METROPOLITAN NASHVILLE POLICE DEPT,20190717288,Davidson,Nashville,9/28/2019 12:18:00 PM,2,0,0,36.187630,-86.794500,I 65,,,,0.00,,,,,,,85.45,N,Not at Intersection, ,Non-Junction,None,,,         ,Fabjan,Llukaj,Clear,Front to Rear,no,no,no,no,yes,False
102523130,METROPOLITAN NASHVILLE POLICE DEPT,20190717332,Davidson,Nashville,9/28/2019 12:40:00 PM,2,0,0,36.143590,-86.701940,I 40,,,,0.00,,,,,,,214.60,N,Not at Intersection, ,Non-Junction,None,,,         ,Mathew,Clement,Clear,"Sideswipe, Same Direction",no,no,no,no,no,False
102523131,METROPOLITAN NASHVILLE POLICE DEPT,20190717322,Davidson,Nashville,9/28/2019 12:47:00 PM,2,1,0,36.173830,-86.790260,7TH AVN,,,,106.00,Feet,North,JEFFERSON ST,,,,0.00,N,Not at Intersection,N,Non-Junction,None,,,         ,Jonathon,Sheppard,Clear,Front to Rear,no,no,no,no,yes,False
102523144,METROPOLITAN NASHVILLE POLICE DEPT,20190717373,Davidson,Nashville,9/28/2019 1:20:00 PM,1,1,0,36.099650,-86.924330,OLD HICKORY BLVD,,,,826.00,Feet,North,RIDGELAKE PKWY,,,,0.00,N,Not at Intersection,N,Non-Junction,None,,,         ,Douglas,Atwood,Clear,Not Collision with Motor Vehicle in Transport,no,no,no,yes,no,False
102523145,METROPOLITAN NASHVILLE POLICE DEPT,20190717368,Davidson,Nashville,9/28/2019 11:56:00 AM,2,0,0,36.205890,-86.768610,E TRINITY LN,,,,0.00,,,W TRINITY LN,,,,0.00,Y,Four-Way,N,Intersection,None,,,         ,Ethan,Usherwood,Clear,Angle,no,no,no,no,yes,False
102523150,METROPOLITAN NASHVILLE POLICE DEPT,20190717349,Davidson,Not in City Limit,9/28/2019 1:03:00 PM,2,0,0,36.013570,-86.672940,OLD HICKORY BLVD,,,,1729.00,Feet,West,BROKEN BOW DR,,,,0.00,N,Not at Intersection, ,Non-Junction,None,,,         ,Jason,Kedzierski,Clear,"Sideswipe, Same Direction",no,no,no,no,no,False
102523179,METROPOLITAN NASHVILLE POLICE DEPT,20190717243,Davidson,Nashville,9/28/2019 11:26:00 AM,4,2,0,36.142960,-86.705940,I 40,,,,0.00,,,,,,,214.45,N,Not at Intersection,N,Non-Junction,None,,,         ,Terry,Denton,Clear,Front to Rear,no,no,no,no,no,False
102523235,METROPOLITAN NASHVILLE POLICE DEPT,20190717393,Davidson,Nashville,9/28/2019 1:19:00 PM,3,1,0,36.187280,-86.794900,I 65,,,,0.00,,,,,,,85.40,N,Not at Intersection, ,Non-Junction,None,,,         ,Fabjan,Llukaj,Clear,Front to Rear,no,no,no,no,yes,False
102523243,METROPOLITAN NASHVILLE POLICE DEPT,20190717366,Davidson,Nashville,9/28/2019 1:15:00 PM,2,0,0,36.176950,-86.775250,SPRING ST,,,,196.00,Feet,West,N 1ST ST,,,,0.00,N,Not at Intersection, ,Non-Junction,None,,,         ,Mark,Anderson,Clear,"Sideswipe, Same Direction",no,no,no,no,yes,False
102523244,METROPOLITAN NASHVILLE POLICE DEPT,20190717320,Davidson,Nashville,9/28/2019 11:45:00 AM,2,1,0,36.070820,-86.636570,BELL RD,,,,399.00,Feet,South,MURFREESBORO PKE,,,,0.00,N,Not at Intersection,N,Non-Junction,None,,,         ,Melissa,Lomax,Clear,Angle,no,no,no,no,no,False
102523268,METROPOLITAN NASHVILLE POLICE DEPT,20190716115,Davidson,Not in City Limit,9/27/2019 9:20:00 PM,2,1,0,36.093600,-86.933910,SAWYER BROWN RD,,,,920.00,Feet,South,GLENWOOD TRACE PVTDR,,,,0.00,N,Not at Intersection,N,Non-Junction,None,,,         ,Edward,Starke,Clear,"Sideswipe, Opposite Direction",no,no,no,no,no,False
102523292,METROPOLITAN NASHVILLE POLICE DEPT,20190717437,Davidson,Nashville,9/28/2019 2:41:00 PM,2,1,0,36.149670,-86.769810,4TH AVS,,,,0.00,,,MCCANN ST,,,,0.00,Y,T-Intersection,N,Intersection,None,,,         ,Randy,Puckett,Clear,Angle,no,no,no,no,no,False
102523293,METROPOLITAN NASHVILLE POLICE DEPT,20190717399,Davidson,Nashville,9/28/2019 1:40:00 PM,4,1,0,36.130300,-86.726630,I440 E EXT RAMP,,,,0.00,,,I 24,,,,0.00,Y,OTHER,Y,Non-Junction,None,,,         ,Jason,Hees,Clear,Front to Rear,no,no,no,no,no,False
102523296,METROPOLITAN NASHVILLE POLICE DEPT,20190717433,Davidson,Antioch,9/28/2019 2:38:00 PM,2,2,0,36.028290,-86.590400,MURFREESBORO PKE,,,,31.00,Feet,South,LAVERGNE COUCHVILLE PKE,,,,0.00,N,Not at Intersection,N,Non-Junction,None,,,         ,Carey,Steel,Clear,Front to Rear,no,no,no,no,yes,False
102523306,METROPOLITAN NASHVILLE POLICE DEPT,20190717449,Davidson,Antioch,9/28/2019 2:46:00 PM,2,1,0,36.035130,-86.598140,MURFREESBORO PKE,,,,1650.00,Feet,West,MAXWELL RD,,,,0.00,N,Not at Intersection, ,Non-Junction,None,,,         ,YUNUS,ADAK,Clear,"Sideswipe, Same Direction",no,no,no,no,no,False
102523312,METROPOLITAN NASHVILLE POLICE DEPT,20190717487,Davidson,Nashville,9/28/2019 3:03:00 PM,2,0,0,36.141690,-86.713510,I 40,,,,0.00,,,,,,,214.00,N,Not at Intersection,N,Non-Junction,None,,,         ,Steven,Powers,Cloudy,Front to Rear,no,no,no,no,no,False
102523315,METROPOLITAN NASHVILLE POLICE DEPT,20190717489,Davidson,Nashville,9/28/2019 2:57:00 PM,2,0,0,36.131890,-86.726890,I24E,,,,583.00,Feet,North,I24 W EXT RAMP,,,,0.00,N,Not at Intersection,Y,Entrance/Exit Ramp Related,None,,,         ,Andrew,Brazee,Cloudy,Front to Rear,no,no,no,no,no,False
102523328,METROPOLITAN NASHVILLE POLICE DEPT,20190717482,Davidson,Nashville,9/28/2019 2:30:00 PM,2,0,0,36.109470,-86.811690,HILLSBORO PKE,,,,134.00,Feet,North,CRESTMOOR RD,,,,0.00,N,Not at Intersection, ,,None,,,         ,Heather,Fox,,,no,no,no,no,no,False
102523332,VANDERBILT UNIVERSITY POLICE,20190717340,Davidson,Nashville,9/28/2019 12:44:00 PM,2,0,0,36.108070,-86.765610,POWELL AV,,,,639.00,Feet,North,POWELL PL,,,,0.00,N,Not at Intersection, ,Non-Junction,None,,,         ,Devon,Ross,Clear,Rear to Side,no,no,no,yes,no,False
102523352,METROPOLITAN NASHVILLE POLICE DEPT,20190717532,Davidson,Nashville,9/28/2019 3:39:00 PM,2,1,0,36.168920,-86.683600,US HWY 70,,,,361.00,Feet,West,FAIRWAY DR,,,,0.00,N,Not at Intersection,N,Non-Junction,None,,,         ,Jason,Milyaro Lucas,Clear,"Sideswipe, Same Direction",no,no,no,no,no,False
102523353,METROPOLITAN NASHVILLE POLICE DEPT,20190717460,Davidson,Nashville,9/28/2019 1:50:00 PM,2,0,0,36.131460,-86.713970,MILLWOOD DR,,,,751.00,Feet,North,MURFREESBORO PKE,,,,0.00,N,Not at Intersection, ,Non-Junction,None,,,         ,Andrew,Anoskey,Clear,Angle,no,no,no,yes,no,False
102523389,METROPOLITAN NASHVILLE POLICE DEPT,20190717514,Davidson,Nashville,9/28/2019 3:01:00 PM,2,0,0,36.111240,-86.722820,I 24,,,,0.00,,,,,,,53.60,N,Not at Intersection, ,Non-Junction,None,,,         ,Ryan,Sherry,Clear,Front to Rear,no,no,no,no,no,False
102523395,GOODLETTSVILLE POLICE DEPT,19-36534,Davidson,Goodlettsville,9/28/2019 3:45:00 PM,2,0,0,36.306530,-86.694180,CONFERENCE DR,,,,124.00,Feet,South,VIETNAM VETERANS BLVD NB ENT R,,,,0.00,N,Not at Intersection,N,Non-Junction,None,,,         ,George,Forbes,Clear,"Sideswipe, Same Direction",no,no,no,no,no,False
102523396,METROPOLITAN NASHVILLE POLICE DEPT,20190717559,Davidson,Nashville,9/28/2019 3:48:00 PM,2,0,0,36.124790,-86.847910,HARDING PKE,,,,108.00,Feet,West,WOODMONT BLVD,,,,0.00,N,Not at Intersection, ,Non-Junction,None,,,         ,Robert,Crow,Clear,Front to Rear,no,no,no,no,no,False
102523406,METROPOLITAN NASHVILLE POLICE DEPT,20190717608,Davidson,Nashville,9/28/2019 3:27:00 PM,2,0,0,36.163950,-86.778360,PRINTERS ALY,,,,0.00,,,CHURCH ST,,,,0.00,Y,Four-Way, ,,None,,,         ,Joseph,Bingham,,,no,no,no,no,no,False
102523407,METROPOLITAN NASHVILLE POLICE DEPT,20190717594,Davidson,Nashville,9/28/2019 4:00:00 PM,2,0,0,36.069560,-86.686880,I24 W EXT RAMP,,,,0.00,Feet,East,I 24,,,,0.00,N,Not at Intersection, ,,None,,,         ,Brian,Quigley,,,no,no,no,no,no,False
102523408,VANDERBILT UNIVERSITY POLICE,20190717503,Davidson,Nashville,9/28/2019 3:02:00 PM,2,0,0,36.143370,-86.811300,VANDERBILT PL,,,,0.00,,,,,,,0.00,,,N,Non-Junction,None,,,         ,Christopher,Dion,Clear,Rear to Rear,no,no,no,yes,yes,Campus
102523409,METROPOLITAN NASHVILLE POLICE DEPT,20190717595,Davidson,Nashville,9/28/2019 4:13:00 PM,2,0,0,36.246660,-86.756610,DICKERSON PKE,,,,0.00,,,SKYLINE COMMONS PVTDR,,,,0.00,Y,Four-Way,Y,Intersection,None,,,         ,Peter,Vaught,Clear,Angle,no,no,no,no,no,False
102523411,METROPOLITAN NASHVILLE POLICE DEPT,20190717653,Davidson,Nashville,9/28/2019 4:45:00 PM,2,0,0,36.183960,-86.814200,CLARKSVILLE PIKE,,,,0.00,,,23RD AVE N,,,,0.00,Y,Four-Way, ,Intersection,None,,,         ,Luke,Steigerwalt,Clear,Angle,no,no,no,no,no,False
102523412,METROPOLITAN NASHVILLE POLICE DEPT,20190717605,Davidson,Nashville,9/28/2019 3:15:00 PM,2,0,0,36.080410,-86.721810,HARDING PL,,,,441.00,Feet,East,HARDING MALL DR,,,,0.00,N,Not at Intersection,N,Non-Junction,None,,,         ,Ryan,Sherry,Clear,"Sideswipe, Same Direction",no,no,no,yes,yes,False
102523420,METROPOLITAN NASHVILLE POLICE DEPT,20190717615,Davidson,Nashville,9/28/2019 3:26:00 PM,2,1,0,36.155520,-86.771230,LEA AV,,,,80.00,Feet,West,2ND AVS,,,,0.00,N,Not at Intersection, ,Non-Junction,None,,,         ,Steffani,Dahlstrom,Clear,"Sideswipe, Same Direction",no,no,no,no,no,False
102523423,METROPOLITAN NASHVILLE POLICE DEPT,20190717578,Davidson,Not in City Limit,9/28/2019 4:04:00 PM,1,1,0,36.043670,-86.957300,HIGHWAY 100,,,,427.00,Feet,West,OLD HARDING PKE,,,,0.00,N,Not at Intersection,N,OtherLocation,None,,,         ,Katelyn,Argeroplos,Clear,Not Collision with Motor Vehicle in Transport,yes,no,no,yes,no,False
102523448,METROPOLITAN NASHVILLE POLICE DEPT,20190717800,Davidson,Nashville,9/28/2019 5:50:00 PM,2,0,0,36.134280,-86.774730,WEDGEWOOD AV,,,,0.00,,,I65 N ENT RAMP,,,,0.00,Y,Four-Way,Y,Intersection,None,,,         ,Heather,Fox,Clear,Angle,no,no,no,no,yes,False
102523455,METROPOLITAN NASHVILLE POLICE DEPT,20190717738,Davidson,Nashville,9/28/2019 4:45:00 PM,2,0,0,36.190620,-86.798780,ROSA L PARKS BLVD,,,,151.00,Feet,South,VANTAGE WAY CT,,,,0.00,N,Not at Intersection,N,Non-Junction,None,,,         ,Khalid,Abbady,Clear,"Sideswipe, Same Direction",no,no,no,no,yes,False