master_record_number,agency,agency_tracking_number,county,city,collision_date,vehicles_involved,number_injured,number_dead,latitude,longitude,roadway_name,roadway_suffix,roadway_number,roadway_local_id,distance_from_reference,miles-feet_indicator,direction_from_reference,intersection_road_name,intersection_road_name_suffix,intersection_road_number,intersection_local_id,mile_marker,intersection_indicator,intersect_type,interchange_related_indicator,relation_to_junction,work_zone_type,construction_maintenance_zone,construction_maintenance_zone_location,fatal_case_number,officer_first_name,officer_last_name,weather_condition(s),manner_of_crash,pedestrian,bicycle,scooter,parking,hitrun,mou
102524418,METROPOLITAN NASHVILLE POLICE DEPT,20190719414,Davidson,Nashville,9/29/2019 2:36:00 PM,2,0,0,36.089250,-86.606820,OLD SMITH SPRINGS RD,,,,0.00,,,ANDERSON RD,,,,0.00,Y,T-Intersection,N,Intersection,None,,,         ,Christian,Vanders,Clear,"Sideswipe, Opposite Direction",no,no,no,no,no,False
102524431,METROPOLITAN NASHVILLE POLICE DEPT,20190719709,Davidson,Nashville,9/29/2019 4:25:00 PM,1,0,0,36.059730,-86.704860,TUSCULUM RD,,,,20.00,Feet,East,HICKORY GLADE DR,,,,0.00,N,Not at Intersection,N,Non-Junction,None,,,         ,William,Cleveland,Clear,Not Collision with Motor Vehicle in Transport,no,no,no,no,yes,False
102524437,METROPOLITAN NASHVILLE POLICE DEPT,20190719657,Davidson,Nashville,9/29/2019 2:19:00 PM,2,0,0,36.161710,-86.792880,I40 W ENT RAMP,,,,0.00,Feet,East,I 40,,,,0.00,N,Not at Intersection,N,Non-Junction,None,,,         ,Joseph,Bingham,Clear,Other,no,no,no,no,yes,False
102524465,METROPOLITAN NASHVILLE POLICE DEPT,20190719530,Davidson,Not in City Limit,9/29/2019 6:12:00 PM,2,1,0,36.263090,-86.690490,MYATT DR,,,,1.00,Feet,North,E OLD HICKORY BLVD,,,,0.00,N,Not at Intersection,N,Non-Junction,None,,,         ,DuJuan,Kendrick,Clear,Angle,no,no,no,no,yes,False
102524466,METROPOLITAN NASHVILLE POLICE DEPT,20190719665,Davidson,Nashville,9/29/2019 5:56:00 PM,2,0,0,36.071030,-86.684310,ANTIOCH PKE,,,,81.00,Feet,South,HAYSTACK LN,,,,0.00,N,Not at Intersection, ,Non-Junction,None,,,         ,Taylor,Hurley,Clear,Front to Rear,no,no,no,no,no,False
102524467,METROPOLITAN NASHVILLE POLICE DEPT,20190719674,Davidson,Antioch,9/29/2019 12:00:00 AM,2,0,0,36.066880,-86.599780,MT VIEW RD,,,,10.00,Feet,West,TRU LONG DR,,,,0.00,N,Not at Intersection,N,Non-Junction,None,,,         ,Wesley,Carver,Clear,HeadOn,no,no,no,no,no,False
102524481,VANDERBILT UNIVERSITY POLICE,20190719758,Davidson,Nashville,9/29/2019 7:00:00 PM,2,0,0,36.147430,-86.799390,21ST AVS,,,,0.00,,,GRAND AV,,,,0.00,Y,Four-Way, ,Intersection-Related,None,,,         ,O'Darra,Beauvais,Clear,Angle,no,no,no,no,yes,Campus
102524482,METROPOLITAN NASHVILLE POLICE DEPT,20190719746,Davidson,Nashville,9/29/2019 7:30:00 PM,2,1,0,36.192320,-86.616300,JUAREZ DR,,,,0.00,,,OLD HICKORY BLVD,,,,0.00,Y,Four-Way,N,Non-Junction,None,,,         ,Ricki,Armstrong,Clear,"Sideswipe, Opposite Direction",no,no,no,no,no,False
102524515,METROPOLITAN NASHVILLE POLICE DEPT,20190719741,Davidson,Nashville,9/29/2019 7:27:00 PM,2,1,0,36.156190,-86.767660,HERMITAGE AV,,,,220.00,Feet,West,MIDDLETON ST,,,,0.00,N,Not at Intersection,N,Non-Junction,None,,,         ,Nicolas,Pernell,Clear,Front to Rear,no,no,no,no,no,False
102524525,METROPOLITAN NASHVILLE POLICE DEPT,20190719826,Davidson,Nashville,9/29/2019 8:12:00 PM,1,0,0,36.121820,-86.759000,I 440,,,,0.00,,,,,,,5.85,N,Not at Intersection,N,Non-Junction,None,,,         ,Randy,Puckett,Clear,Not Collision with Motor Vehicle in Transport,no,no,no,no,no,False
102524533,METROPOLITAN NASHVILLE POLICE DEPT,20190719756,Davidson,Not in City Limit,9/29/2019 5:15:00 PM,2,0,0,36.071410,-86.946920,SAWYER BROWN RD,,,,115.00,Feet,North,TODD PREIS DR,,,,0.00,N,Not at Intersection, ,Non-Junction,None,,,         ,Edward,Starke,Clear,Front to Rear,no,no,no,no,yes,False
102524593,METROPOLITAN NASHVILLE POLICE DEPT,20190719380,Davidson,Nashville,9/29/2019 2:33:00 PM,2,2,0,36.141950,-86.712040,I 40,,,,0.00,,,,,,,214.10,N,Not at Intersection, ,Entrance/Exit Ramp Related,None,,,         ,Dontaveous,Eubanks,Clear,Front to Rear,no,no,no,no,no,False
102524594,METROPOLITAN NASHVILLE POLICE DEPT,20190719829,Davidson,Nashville,9/29/2019 5:14:00 PM,2,0,0,36.139690,-86.700310,BRILEY PKWY,,,,65.00,Feet,North,I40 E ENT RAMP,,,,0.00,N,Not at Intersection, ,Non-Junction,None,,,         ,Dontaveous,Eubanks,Clear,"Sideswipe, Same Direction",no,no,no,no,no,False
102524598,METROPOLITAN NASHVILLE POLICE DEPT,20190719906,Davidson,Nashville,9/29/2019 9:10:00 PM,2,0,0,36.197010,-86.742060,GALLATIN AV,,,,0.00,,,GALLATIN PKE,,,,0.00,Y,T-Intersection,N,Intersection,None,,,         ,Christopher,Butner,Clear,Front to Rear,no,no,no,no,yes,False
102524602,METROPOLITAN NASHVILLE POLICE DEPT,20190719817,Davidson,Not in City Limit,9/29/2019 8:23:00 PM,2,0,0,35.999450,-86.693430,NOLENSVILLE PKE,,,,0.00,Feet,,CONCORD HILLS DR,,,,0.00,Y,T-Intersection,N,Non-Junction,None,,,         ,Alberta,Auguste,Clear,Angle,no,no,no,no,no,False
102524603,METROPOLITAN NASHVILLE POLICE DEPT,20190719924,Davidson,Nashville,9/29/2019 9:38:00 PM,2,1,0,36.153200,-86.764980,I 40,,,,0.00,,,,,,,210.70,N,Not at Intersection,N,Non-Junction,None,,,         ,Steffani,Dahlstrom,Clear,Front to Rear,no,no,no,no,no,False
102524613,METROPOLITAN NASHVILLE POLICE DEPT,20190719876,Davidson,Nashville,9/29/2019 7:37:00 PM,2,0,0,36.175810,-86.781240,JEFFERSON ST,,,,305.00,Feet,East,1ST AVN,,,,0.00,N,Not at Intersection, ,Non-Junction,None,,,         ,Joseph,Bingham,Clear,"Sideswipe, Same Direction",no,no,no,no,no,False
102524638,METROPOLITAN NASHVILLE POLICE DEPT,20190719593,Davidson,Not in City Limit,9/29/2019 5:13:00 PM,2,1,0,36.078800,-86.951710,HIGHWAY 70S,,,,283.00,Feet,West,BELLEVUE CTR PVTDR,,,,0.00,N,Not at Intersection,N,Non-Junction,None,,,         ,Jeremy,Huffine,Clear,Front to Rear,no,no,no,no,yes,False
102524639,METROPOLITAN NASHVILLE POLICE DEPT,20190719934,Davidson,Nashville,9/29/2019 10:09:00 PM,1,1,0,36.159830,-86.865980,BRILEY PKWYN,,,,747.00,Feet,East,BRILEY PKWYS,,,,0.00,N,Not at Intersection,N,Non-Junction,None,,,         ,Molly,Page,Clear,Not Collision with Motor Vehicle in Transport,no,no,no,no,no,False
102524640,METROPOLITAN NASHVILLE POLICE DEPT,20190720000,Davidson,Nashville,9/29/2019 12:00:00 AM,1,0,0,36.146240,-86.705250,ELM HILL PIKE,,,,283.00,Feet,East,AIR LANE DR,,,,0.00,N,Not at Intersection,N,Non-Junction,None,,,         ,Meghan,Pope,Clear,Not Collision with Motor Vehicle in Transport,no,no,no,no,yes,False
102524676,METROPOLITAN NASHVILLE POLICE DEPT,20190719704,Davidson,Nashville,9/29/2019 6:49:00 PM,2,2,0,36.135844,-86.885231,CHARLOTTE PK,,,,0.00,,,NASHVILLE WEST PRIVATE DR,,,,0.00,Y,Four-Way,N,Intersection,None,,,         ,Jeremy,Huffine,Clear,Angle,no,no,no,no,no,False
102524678,METROPOLITAN NASHVILLE POLICE DEPT,20190719972,Davidson,Nashville,9/29/2019 7:20:00 PM,3,0,0,36.077090,-86.725560,EDMONDSON PKE,,,,0.00,Feet,North,WALLACE RD,,,,0.00,N,Not at Intersection,N,Non-Junction,None,,,         ,Justan,Vance,Clear,Front to Rear,no,no,no,no,yes,False
102524688,METROPOLITAN NASHVILLE POLICE DEPT,20190720067,Davidson,Nashville,9/29/2019 11:00:00 PM,1,0,0,36.206700,-86.779180,W TRINITY LN,,,,220.00,Feet,West,HAMPTON ST,,,,0.00,N,Not at Intersection,N,Non-Junction,None,,,         ,Jacob,Dick,Clear,Not Collision with Motor Vehicle in Transport,no,no,no,yes,yes,False
102524703,METROPOLITAN NASHVILLE POLICE DEPT,20190720199,Davidson,Nashville,9/30/2019 1:20:00 AM,1,1,0,36.149930,-86.625440,BELL RD,,,,844.00,Feet,South,TRAILS CIR,,,,0.00,N,Not at Intersection,N,Non-Junction,None,,,         ,Bradley,Pope,Clear,Not Collision with Motor Vehicle in Transport,no,no,no,no,no,False
102524704,METROPOLITAN NASHVILLE POLICE DEPT,20190720080,Davidson,Nashville,9/29/2019 12:00:00 AM,2,0,0,36.063120,-86.630290,HAMILTON CHURCH RD,,,,225.00,Feet,North,HAMILTON CROSSINGS,,,,0.00,N,Not at Intersection,N,Non-Junction,None,,,         ,Maccio,Hightower,Clear,Unknown,no,no,no,yes,yes,False
102524706,METROPOLITAN NASHVILLE POLICE DEPT,20190720086,Davidson,Nashville,9/29/2019 11:33:00 PM,1,0,0,36.141250,-86.733550,I 40,,,,0.00,,,,,,,212.90,N,Not at Intersection, ,,Work Zone,,,         ,Sarah,Cartwright,,,no,no,no,no,no,False
102524726,METROPOLITAN NASHVILLE POLICE DEPT,20190720417,Davidson,Nashville,9/30/2019 3:45:00 AM,1,0,0,36.153420,-86.650840,IRONWOOD DR,,,,0.00,Feet,West,LAKELAND DR,,,,0.00,N,Not at Intersection,N,Non-Junction,None,,,         ,Joseph,Patricio,Clear,Not Collision with Motor Vehicle in Transport,no,no,no,no,yes,False
102524737,METROPOLITAN NASHVILLE POLICE DEPT,20190719222,Davidson,Nashville,9/29/2019 12:20:00 PM,2,2,0,36.075190,-86.639320,MURFREESBORO PKE,,,,326.00,Feet,North,RURAL HILL RD,,,,0.00,N,Not at Intersection,N,Non-Junction,None,,,         ,Amy,Hirschmann,Clear,Front to Rear,no,no,no,no,no,False
102524765,METROPOLITAN NASHVILLE POLICE DEPT,20190720281,Davidson,Nashville,9/30/2019 2:30:00 AM,2,1,0,36.209050,-86.766750,DICKERSON PKE,,,,118.00,Feet,South,KINGSTON ST,,,,0.00,N,Not at Intersection,N,Non-Junction,None,,,         ,Andrew,Richey,Clear,"Sideswipe, Opposite Direction",no,no,no,no,yes,False
102524808,METROPOLITAN NASHVILLE POLICE DEPT,20190720599,Davidson,Nashville,9/30/2019 6:30:00 AM,2,0,0,36.186870,-86.608570,JACKSON PASS,,,,0.00,,,ANDREW JACKSON PKWY,,,,0.00,Y,T-Intersection, ,Intersection-Related,None,,,         ,Tien,Nguyen,Clear,"Sideswipe, Same Direction",no,no,no,no,no,False
102524820,METROPOLITAN NASHVILLE POLICE DEPT,20190720623,Davidson,Nashville,9/30/2019 6:39:00 AM,2,1,0,36.171270,-86.870980,CENTENNIAL BLVD,,,,0.00,,,BRILEY PKWY S EXT RAMP,,,,0.00,Y,T-Intersection, ,Entrance/Exit Ramp Related,None,,,         ,Curtis,Rich,Clear,Front to Rear,no,no,no,no,yes,False
102524824,METROPOLITAN NASHVILLE POLICE DEPT,20190720575,Davidson,Nashville,9/30/2019 6:15:00 AM,2,3,0,36.120530,-86.750020,MELROSE AV,,,,0.00,,,I440 E ENT RAMP,,,,0.00,Y,Four-Way,N,Intersection,None,,,         ,Eric,Schaefer,Clear,Front to Rear,no,no,no,no,no,False
102524847,METROPOLITAN NASHVILLE POLICE DEPT,20190720711,Davidson,Not in City Limit,9/30/2019 7:48:00 AM,2,0,0,36.272560,-86.736130,I 65,,,,0.00,,,,,,,92.80,N,Not at Intersection,N,Non-Junction,None,,,         ,Spencer,Pittman,Cloudy,Front to Rear,no,no,no,no,no,False
102524851,METROPOLITAN NASHVILLE POLICE DEPT,20190720729,Davidson,Nashville,9/30/2019 7:56:00 AM,2,0,0,36.169490,-86.678810,LEBANON PKE,,,,322.00,Feet,East,MCGAVOCK PKE,,,,0.00,N,Not at Intersection, ,Non-Junction,None,,,         ,Tien,Nguyen,Clear,Front to Rear,no,no,no,no,no,False
102524853,METROPOLITAN NASHVILLE POLICE DEPT,20190720706,Davidson,Nashville,9/30/2019 7:30:00 AM,2,0,0,36.043870,-86.713090,NOLENSVILLE PKE,,,,138.00,Feet,South,BRENTWOOD EAST DR,,,,0.00,N,Not at Intersection, ,Non-Junction,None,,,         ,Natalia,Johnson,Clear,Angle,no,no,no,no,no,False
102524859,METROPOLITAN NASHVILLE POLICE DEPT,20190720786,Davidson,Antioch,9/30/2019 8:15:00 AM,2,0,0,36.046220,-86.610210,MURFREESBORO PKE,,,,480.00,Feet,North,MOUNTAIN SPRINGS RD,,,,0.00,N,Not at Intersection, ,Non-Junction,None,,,         ,Nelson,Hemingway,Clear,Front to Rear,no,no,no,no,no,False
102524863,METROPOLITAN NASHVILLE POLICE DEPT,20190720797,Davidson,Nashville,9/30/2019 8:22:00 AM,3,0,0,36.126650,-86.908570,CHARLOTTE PKE,,,,185.00,Feet,North,LILLY VALLEY WAY,,,,0.00,N,Not at Intersection, ,Non-Junction,None,,,         ,Curtis,Rich,Cloudy,Front to Rear,no,no,no,no,no,False
102524865,METROPOLITAN NASHVILLE POLICE DEPT,20190720621,Davidson,Nashville,9/30/2019 6:40:00 AM,1,1,0,36.122840,-86.773200,I 65,,,,0.00,,,,,,,80.55,N,Not at Intersection,N,Non-Junction,None,,,         ,David,Barras,Clear,Not Collision with Motor Vehicle in Transport,no,no,no,no,no,False
102524874,METROPOLITAN NASHVILLE POLICE DEPT,20190720808,Davidson,Nashville,9/30/2019 8:36:00 AM,1,1,0,36.156310,-86.807250,22ND AVN,,,,0.00,,,CHARLOTTE AV,,,,0.00,Y,Four-Way,N,Intersection,None,,,         ,Justin,Pinkelton,Clear,Not Collision with Motor Vehicle in Transport,no,yes,no,no,no,False
102524890,METROPOLITAN NASHVILLE POLICE DEPT,20190720699,Davidson,Nashville,9/30/2019 7:44:00 AM,2,0,0,36.248270,-86.742780,I 65,,,,0.00,,,,,,,91.05,N,Not at Intersection, ,Non-Junction,None,,,         ,Gabriel,Centeno,Clear,Front to Rear,no,no,no,no,no,False
102524893,METROPOLITAN NASHVILLE POLICE DEPT,20190720800,Davidson,Nashville,9/30/2019 7:40:00 AM,2,0,0,36.219540,-86.727250,ARDEE AV,,,,59.00,Feet,East,GALLATIN PKE,,,,0.00,N,Not at Intersection, ,,None,,,         ,Eric,Knight,,,no,no,no,no,no,False
102524926,METROPOLITAN NASHVILLE POLICE DEPT,20190720789,Davidson,Nashville,9/30/2019 8:13:00 AM,2,0,0,36.150630,-86.767790,LAFAYETTE ST,,,,37.00,Feet,North,2ND AVS,,,,0.00,N,Not at Intersection, ,Non-Junction,None,,,         ,Zachary,Maxa,Clear,"Sideswipe, Same Direction",no,no,no,no,no,False
102524927,METROPOLITAN NASHVILLE POLICE DEPT,20190720862,Davidson,Nashville,9/30/2019 9:15:00 AM,2,0,0,36.041150,-86.712830,NOLENSVILLE PKE,,,,457.00,Feet,North,MILL CREEK WHITTEMORE GRNWY,,,,0.00,N,Not at Intersection, ,Non-Junction,None,,,         ,Nelson,Hemingway,Clear,Angle,no,no,no,no,no,False
102524929,METROPOLITAN NASHVILLE POLICE DEPT,20190720841,Davidson,Antioch,9/30/2019 7:14:00 AM,2,0,0,36.030480,-86.612490,OLD HICKORY BLVD,,,,93.00,Feet,North,LOGISTICS WAY,,,,0.00,N,Not at Intersection, ,Non-Junction,None,,,         ,Amy,Hirschmann,Clear,Front to Rear,no,no,no,no,no,False
102524940,METROPOLITAN NASHVILLE POLICE DEPT,20190720613,Davidson,Nashville,9/30/2019 7:00:00 AM,2,0,0,36.103720,-86.714980,I 24,,,,0.00,,,,,,,54.30,N,Not at Intersection, ,Non-Junction,None,,,         ,Jessie,Meadows,Clear,"Sideswipe, Same Direction",no,no,no,no,no,False
102524941,METROPOLITAN NASHVILLE POLICE DEPT,20190720652,Davidson,Nashville,9/30/2019 6:53:00 AM,2,1,0,36.045610,-86.710760,OLD HICKORY BLVD,,,,744.00,Feet,East,NOLENSVILLE PKE,,,,0.00,N,Not at Intersection,N,Non-Junction,None,,,         ,Jessie,Meadows,Clear,Angle,no,no,no,no,no,False
102524950,METROPOLITAN NASHVILLE POLICE DEPT,20190720672,Davidson,Nashville,9/30/2019 7:24:00 AM,2,1,0,36.075060,-86.724920,NOLENSVILLE PKE,,,,0.00,,,FLORA MAXWELL RD,,,,0.00,Y,T-Intersection,N,Intersection,None,,,         ,Jason,Hees,Clear,"Sideswipe, Opposite Direction",no,no,no,no,no,False
102524962,METROPOLITAN NASHVILLE POLICE DEPT,20190720940,Davidson,Nashville,9/30/2019 9:50:00 AM,2,1,0,36.134510,-86.727110,I 24,,,,0.00,,,,,,,52.10,N,Not at Intersection,N,Non-Junction,None,,,         ,Theodore,Flick,Clear,Front to Rear,no,no,no,no,no,False
102524970,METROPOLITAN NASHVILLE POLICE DEPT,20190720974,Davidson,Nashville,9/30/2019 10:15:00 AM,3,1,0,36.172230,-86.807770,DR D B TODD JR BLVD,,,,56.00,Feet,South,KNOWLES ST,,,,0.00,N,Not at Intersection,N,Non-Junction,None,,,         ,Kevin,Reynolds,Clear,Front to Rear,no,no,no,no,no,False
102524973,METROPOLITAN NASHVILLE POLICE DEPT,20190721038,Davidson,Nashville,9/30/2019 6:30:00 AM,2,0,0,36.142990,-86.820310,ACKLEN PARK DR,,,,136.00,Feet,West,WEST END CIR,,,,0.00,N,Not at Intersection,N,Non-Junction,None,,,         ,Donovan,Coble,Clear,Angle,no,no,no,no,yes,False
102524974,METROPOLITAN NASHVILLE POLICE DEPT,20190721109,Davidson,Nashville,9/30/2019 11:33:00 AM,2,0,0,36.149920,-86.858940,CHARLOTTE PKE,,,,142.00,Feet,East,MIDLAND AV,,,,0.00,N,Not at Intersection, ,Non-Junction,None,,,         ,Curtis,Rich,Clear,Angle,no,no,no,no,no,False
102524977,METROPOLITAN NASHVILLE POLICE DEPT,20190721080,Davidson,Nashville,9/30/2019 11:16:00 AM,2,0,0,36.135150,-86.701880,GLASTONBURY RD,,,,0.00,,,SOUTHWOOD PARK PL,,,,0.00,Y,Four-Way,N,Intersection-Related,None,,,         ,Tien,Nguyen,Clear,Angle,no,no,no,no,no,False
102524984,METROPOLITAN NASHVILLE POLICE DEPT,20190720934,Davidson,Not in City Limit,9/30/2019 9:45:00 AM,2,1,0,36.259670,-86.713120,GALLATIN PKES,,,,82.00,Feet,South,WOODRUFF ST,,,,0.00,N,Not at Intersection,N,Non-Junction,None,,,         ,Nathaniel,Carroll,Clear,Front to Rear,no,no,no,no,no,False
102524988,METROPOLITAN NASHVILLE POLICE DEPT,20190720866,Davidson,Nashville,9/30/2019 9:01:00 AM,1,0,0,36.252990,-86.716730,GALLATIN PKES,,,,0.00,,,,,,,0.00,,,N,Non-Junction,None,,,         ,Samuel,Kersten,Clear,Not Collision with Motor Vehicle in Transport,no,no,no,yes,no,False
102524998,METROPOLITAN NASHVILLE POLICE DEPT,20190721105,Davidson,Nashville,9/30/2019 11:26:00 AM,3,1,0,36.150020,-86.771920,I 40,,,,0.00,,,,,,,210.30,N,Not at Intersection,N,Non-Junction,None,,,         ,Justin,Pinkelton,Clear,Front to Rear,no,no,no,no,no,False
102525001,METROPOLITAN NASHVILLE POLICE DEPT,20190721008,Davidson,Nashville,9/30/2019 9:40:00 AM,2,0,0,36.065010,-86.717300,NOLENSVILLE PKE,,,,561.00,Feet,East,NORTHCREST DR,,,,0.00,N,Not at Intersection,N,Non-Junction,None,,,         ,Jessie,Meadows,Clear,Angle,no,no,no,no,yes,False
102525005,METROPOLITAN NASHVILLE POLICE DEPT,20190721160,Davidson,Nashville,9/30/2019 12:01:00 PM,2,0,0,36.186080,-86.798320,I65 S EXT RAMP,,,,0.00,,,ROSA L PARKS BLVD,,,,0.00,Y,T-Intersection, ,Intersection,None,,,         ,Ronald,Bright,Cloudy,Front to Rear,no,no,no,no,no,False
102525057,METROPOLITAN NASHVILLE POLICE DEPT,20190721179,Davidson,Nashville,9/30/2019 11:59:00 AM,2,0,0,36.183650,-86.610660,OLD HICKORY BLVD,,,,0.00,,,ANDREW JACKSON PKWY,,,,0.00,Y,Four-Way, ,Intersection-Related,None,,,         ,Tien,Nguyen,Clear,Front to Rear,no,no,no,no,no,False
102525066,METROPOLITAN NASHVILLE POLICE DEPT,20190721005,Davidson,Nashville,9/30/2019 10:35:00 AM,2,0,0,36.243500,-86.758050,DOVERSIDE DR,,,,456.00,Feet,West,DICKERSON PKE,,,,0.00,N,Not at Intersection,N,Non-Junction,None,,,         ,Gabriel,Centeno,Clear,"Sideswipe, Same Direction",no,no,no,no,yes,False
102525076,METROPOLITAN NASHVILLE POLICE DEPT,20190715072,Davidson,Nashville,9/29/2019 1:22:00 PM,2,1,0,36.074460,-86.920940,US HWY 70S,,,,10.00,Feet,West,STATE HWY 251,,,,0.00,N,Not at Intersection,N,Non-Junction,None,,,         ,Terrence,Bradley,Clear,Angle,no,no,no,no,no,False
102525077,METROPOLITAN NASHVILLE POLICE DEPT,20190720835,Davidson,Nashville,9/30/2019 8:43:00 AM,2,3,0,36.121690,-86.896520,CLEMATIS DR,,,,226.00,Feet,South,DAVIDSON RD,,,,0.00,N,Not at Intersection,N,Non-Junction,None,,,         ,Terrence,Bradley,Clear,Angle,no,no,no,no,no,False
102525089,METROPOLITAN NASHVILLE POLICE DEPT,20190721250,Davidson,Nashville,9/30/2019 12:28:00 PM,2,0,0,36.065010,-86.717300,NOLENSVILLE PKE,,,,561.00,Feet,East,NORTHCREST DR,,,,0.00,N,Not at Intersection, ,Non-Junction,None,,,         ,Jessie,Meadows,Clear,Front to Rear,no,no,no,no,no,False
102525091,METROPOLITAN NASHVILLE POLICE DEPT,20190721192,Davidson,Nashville,9/30/2019 12:22:00 PM,2,1,0,36.186860,-86.773430,DICKERSON PKE,,,,210.00,Feet,South,CLEVELAND ST,,,,0.00,N,Not at Intersection,N,Non-Junction,None,,,         ,Ethan,Usherwood,Clear,"Sideswipe, Same Direction",no,no,no,no,yes,False
102525103,METROPOLITAN NASHVILLE POLICE DEPT,20190721259,Davidson,Nashville,9/30/2019 12:34:00 PM,2,1,0,36.142290,-86.666610,I40 W ENT RAMP,,,,0.00,,,I 40,,,,0.00,Y,Four-Way,N,Intersection-Related,None,,,         ,Tien,Nguyen,Clear,Front to Rear,no,no,no,no,no,False
102525130,METROPOLITAN NASHVILLE POLICE DEPT,20190721045,Davidson,Nashville,9/30/2019 10:32:00 AM,2,0,0,36.086420,-86.729730,NOLENSVILLE PKE,,,,141.00,Feet,North,ELYSIAN FIELDS RD,,,,0.00,N,Not at Intersection, ,Non-Junction,None,,,         ,Ian,Hammond,Clear,"Sideswipe, Same Direction",no,no,no,yes,yes,False
102525131,METROPOLITAN NASHVILLE POLICE DEPT,20190721276,Davidson,Nashville,9/30/2019 12:46:00 PM,3,0,0,36.125540,-86.814130,I 440,,,,0.00,,,,,,,2.35,N,Not at Intersection,N,Non-Junction,Construction Zone,Work On Shoulder Or Median,Activity Area,         ,Justin,Pinkelton,Clear,Front to Rear,no,no,no,no,yes,False
102525141,METROPOLITAN NASHVILLE POLICE DEPT,20190721360,Davidson,Nashville,9/30/2019 12:00:00 PM,2,0,0,36.160760,-86.793690,14TH AVN,,,,0.00,,,CHARLOTTE AV,,,,0.00,Y,Four-Way, ,Intersection-Related,None,,,         ,Kevin,Reynolds,Clear,"Sideswipe, Same Direction",no,no,no,no,no,False
102525150,METROPOLITAN NASHVILLE POLICE DEPT,20190721194,Davidson,Nashville,9/30/2019 11:45:00 AM,2,0,0,36.169470,-86.811980,I 40,,,,0.00,,,,,,,207.00,N,Not at Intersection,N,Non-Junction,None,,,         ,Garrett,Short,Clear,"Sideswipe, Same Direction",no,no,no,no,yes,False
102525159,METROPOLITAN NASHVILLE POLICE DEPT,20190721152,Davidson,Nashville,9/30/2019 11:55:00 AM,2,0,0,36.153310,-86.764750,I 40,,,,0.00,,,,,,,210.70,N,Not at Intersection,N,Non-Junction,None,,,         ,Destiny,Zunic,Clear,Angle,no,no,no,no,yes,False
102525168,METROPOLITAN NASHVILLE POLICE DEPT,20190721404,Davidson,Nashville,9/30/2019 2:00:00 PM,2,2,0,36.150150,-86.857950,WHITE BRIDGE PKE,,,,0.00,,,CHARLOTTE PKE,,,,0.00,Y,T-Intersection,N,Intersection,None,,,         ,Curtis,Rich,Cloudy,Angle,no,no,no,no,no,False
102525183,METROPOLITAN NASHVILLE POLICE DEPT,20190721258,Davidson,Nashville,9/30/2019 12:33:00 PM,2,0,0,36.201040,-86.617930,LEBANON PKE,,,,86.00,Feet,South,TYLER DR,,,,0.00,N,Not at Intersection,N,Non-Junction,None,,,         ,Cassandra,Del Bosco,Clear,"Sideswipe, Same Direction",no,no,no,yes,yes,False
102525207,METROPOLITAN NASHVILLE POLICE DEPT,20190720750,Davidson,Nashville,9/30/2019 8:00:00 AM,2,0,0,36.152780,-86.778770,DREXEL ST,,,,162.00,Feet,East,8TH AVS,,,,0.00,N,Not at Intersection,N,Non-Junction,None,,,         ,Jacob,Robbins,Clear,"Sideswipe, Same Direction",no,no,no,no,no,False
102525210,METROPOLITAN NASHVILLE POLICE DEPT,20190721446,Davidson,Not in City Limit,9/30/2019 2:47:00 PM,2,0,0,36.264210,-86.734670,OLD HICKORY BLVDW,,,,238.00,Feet,West,HEAD DR,,,,0.00,N,Not at Intersection,N,Non-Junction,None,,,         ,Christopher,Littles,Clear,Front to Rear,no,no,no,no,no,False
102525211,METROPOLITAN NASHVILLE POLICE DEPT,20190721476,Davidson,Nashville,9/30/2019 2:50:00 PM,2,1,0,36.166620,-86.820440,28TH AVN,,,,4.00,Feet,North,MEHARRY BLVD,,,,0.00,N,Not at Intersection,N,Non-Junction,None,,,         ,Justin,Vaughn,Clear,Angle,no,no,no,no,no,False
102525212,METROPOLITAN NASHVILLE POLICE DEPT,20190715880,Davidson,Nashville,9/27/2019 7:47:00 PM,2,1,0,36.200750,-86.776750,I 65,,,,0.00,,,,,,,86.90,N,Not at Intersection, ,Non-Junction,None,,,         ,Justin,Vaughn,Clear,Front to Rear,no,no,no,no,no,False
102525213,METROPOLITAN NASHVILLE POLICE DEPT,20190721497,Davidson,Nashville,9/30/2019 2:18:00 PM,2,0,0,36.149430,-86.857920,WHITE BRIDGE PKE,,,,261.00,Feet,South,CHARLOTTE PKE,,,,0.00,N,Not at Intersection, ,Non-Junction,None,,,         ,Molly,Page,Clear,Angle,no,no,no,no,no,False
102525224,METROPOLITAN NASHVILLE POLICE DEPT,20190721426,Davidson,Nashville,9/30/2019 2:14:00 PM,1,0,0,36.169800,-86.614990,DODSON CHAPEL RD,,,,0.00,,,HOGGETT FORD RD,,,,0.00,Y,T-Intersection, ,Intersection,None,,,         ,Larry,Benz,Clear,Not Collision with Motor Vehicle in Transport,no,no,no,no,no,False
102525231,METROPOLITAN NASHVILLE POLICE DEPT,20190721449,Davidson,Nashville,9/30/2019 2:40:00 PM,1,1,0,36.027780,-86.635310,I 24,,,,0.00,,,,,,,61.20,N,Not at Intersection,N,Non-Junction,None,,,         ,Jessie,Meadows,Clear,Not Collision with Motor Vehicle in Transport,no,no,no,no,no,False