master_record_number,agency,agency_tracking_number,county,city,collision_date,vehicles_involved,number_injured,number_dead,latitude,longitude,roadway_name,roadway_suffix,roadway_number,roadway_local_id,distance_from_reference,miles-feet_indicator,direction_from_reference,intersection_road_name,intersection_road_name_suffix,intersection_road_number,intersection_local_id,mile_marker,intersection_indicator,intersect_type,interchange_related_indicator,relation_to_junction,work_zone_type,construction_maintenance_zone,construction_maintenance_zone_location,fatal_case_number,officer_first_name,officer_last_name,weather_condition(s),manner_of_crash,pedestrian,bicycle,scooter,parking,hitrun,mou
102525234,METROPOLITAN NASHVILLE POLICE DEPT,20190721605,Davidson,Nashville,9/30/2019 12:47:00 PM,2,0,0,36.165170,-86.805570,MORENA ST,,,,191.00,Feet,West,DR D B TODD JR BLVD,,,,0.00,N,Not at Intersection, ,Non-Junction,None,,,         ,Justin,Vaughn,Clear,Unknown,no,no,no,no,yes,False
102525247,METROPOLITAN NASHVILLE POLICE DEPT,20190721586,Davidson,OTHER,9/30/2019 2:58:00 PM,2,0,0,36.257520,-86.650850,BRYAN ST,,,,0.00,,,13TH ST,,,,0.00,Y,Four-Way,N,Intersection,None,,,         ,Tony,Mingsing,Clear,Angle,no,no,no,no,yes,False
102525252,METROPOLITAN NASHVILLE POLICE DEPT,20190721464,Davidson,Nashville,9/30/2019 2:00:00 PM,2,0,0,36.079480,-86.726680,HARDING PL,,,,115.00,Feet,West,NOLENSVILLE PKE,,,,0.00,N,Not at Intersection,N,Non-Junction,None,,,         ,FELIKS,ABRAHAMYAN,Clear,Front to Rear,no,no,no,no,yes,False
102525254,METROPOLITAN NASHVILLE POLICE DEPT,20190721437,Davidson,Nashville,9/30/2019 2:17:00 PM,3,1,0,36.166770,-86.764870,I 24,,,,0.00,,,,,,,48.95,N,Not at Intersection,N,Non-Junction,None,,,         ,James,Hill,Clear,Front to Rear,no,no,no,no,no,False
102525265,THP District 2 - Chattanooga,319062475,Davidson,Nashville,9/25/2019 3:24:00 PM,1,0,0,36.136200,-86.741170,FOSTER AV,,,,132.00,Feet,North,TPS COMPLEX PVTDR,,,,0.00,N,Not at Intersection, ,Non-Junction,None,,,         ,Kurt,Parsley,Clear,Not Collision with Motor Vehicle in Transport,no,no,no,no,no,False
102525269,METROPOLITAN NASHVILLE POLICE DEPT,20190721663,Davidson,Nashville,9/30/2019 4:11:00 PM,2,0,0,36.144820,-86.711280,ELM HILL PKE,,,,71.00,Feet,West,MASSMAN DR,,,,0.00,N,Not at Intersection, ,Non-Junction,None,,,         ,Samuel,Sundra,Clear,Front to Rear,no,no,no,no,no,False
102525270,METROPOLITAN NASHVILLE POLICE DEPT,20190721492,Davidson,Nashville,9/30/2019 2:50:00 PM,2,0,0,36.159480,-86.792340,I 40,,,,0.00,,,,,,,208.85,N,Not at Intersection, ,Non-Junction,None,,,         ,John,Roberson,Clear,Front to Rear,no,no,no,no,no,False
102525271,METROPOLITAN NASHVILLE POLICE DEPT,20190721483,Davidson,Nashville,9/30/2019 2:45:00 PM,2,0,0,36.213410,-86.731330,GALLATIN PKE,,,,53.00,Feet,North,MCCHESNEY AV,,,,0.00,N,Not at Intersection,N,Non-Junction,None,,,         ,Wade,Johnson,Clear,HeadOn,no,no,no,no,yes,False
102525272,METROPOLITAN NASHVILLE POLICE DEPT,20190721627,Davidson,Nashville,9/30/2019 3:55:00 PM,2,3,0,36.067410,-86.631250,MURFREESBORO PKE,,,,0.00,Feet,,FOREST VIEW DR,,,,0.00,Y,Four-Way,N,Intersection,None,,,         ,William,Cleveland,Clear,Other,no,no,no,no,no,False
102525274,METROPOLITAN NASHVILLE POLICE DEPT,20190721644,Davidson,Nashville,9/30/2019 4:08:00 PM,1,0,0,36.176640,-86.773830,I24 E ENT RAMP,,,,0.00,Feet,East,I24 E EXT RAMP,,,,0.00,N,Not at Intersection,N,Non-Junction,None,,,         ,Jordan,Vrbas,Clear,Not Collision with Motor Vehicle in Transport,no,no,no,no,no,False
102525275,METROPOLITAN NASHVILLE POLICE DEPT,20190721641,Davidson,Nashville,9/30/2019 3:50:00 PM,2,1,0,36.098270,-86.656290,OLD MURFREESBORO PKE,,,,667.00,Feet,North,MURFREESBORO PKE,,,,0.00,N,Not at Intersection,N,Non-Junction,None,,,         ,Steven,Powers,Clear,Front to Rear,no,no,no,no,no,False
102525279,METROPOLITAN NASHVILLE POLICE DEPT,20190721494,Davidson,Nashville,9/30/2019 2:45:00 PM,2,0,0,36.192630,-86.623280,JUAREZ DR,,,,187.00,Feet,East,LEBANON PKE,,,,0.00,N,Not at Intersection, ,Non-Junction,None,,,         ,Michael,Suagua,Clear,"Sideswipe, Opposite Direction",no,no,no,no,no,False
102525287,METROPOLITAN NASHVILLE POLICE DEPT,20190721549,Davidson,Nashville,9/30/2019 1:55:00 PM,2,0,0,36.166400,-86.795850,12TH AVN,,,,311.00,Feet,South,HERMAN ST,,,,0.00,N,Not at Intersection,N,Non-Junction,None,,,         ,Peter,Kinsey,Clear,Front to Rear,no,no,no,no,no,False
102525288,METROPOLITAN NASHVILLE POLICE DEPT,20190721684,Davidson,Nashville,9/30/2019 3:20:00 PM,2,0,0,36.130660,-86.792770,COMPTON AV,,,,134.00,Feet,West,15TH AVS,,,,0.00,N,Not at Intersection, ,,Construction Zone,,,         ,Heather,Fox,,,no,no,no,no,no,False
102525289,METROPOLITAN NASHVILLE POLICE DEPT,20190719719,Davidson,Nashville,9/29/2019 7:04:00 PM,2,0,1,36.046050,-86.713340,NOLENSVILLE PKE,,,,253.00,Feet,North,OLD HICKORY BLVD,,,,0.00,N,Not at Intersection,N,Non-Junction,None,,,19-0831  ,Ryan,Allen,Clear,Not Collision with Motor Vehicle in Transport,yes,no,no,no,no,False
102525305,METROPOLITAN NASHVILLE POLICE DEPT,20190721524,Davidson,Nashville,9/30/2019 3:00:00 PM,2,1,0,36.191750,-86.772730,DICKERSON PKE,,,,0.00,Feet,East,RICHARDSON AV,,,,0.00,N,Not at Intersection,N,Non-Junction,None,,,         ,Chad,Connors,Clear,Angle,no,no,no,no,no,False
102525317,METROPOLITAN NASHVILLE POLICE DEPT,20190721634,Davidson,Nashville,9/30/2019 4:10:00 PM,2,1,0,36.209800,-86.871570,BRILEY PKWYN,,,,4.00,Feet,North,ASHLAND CITY HWY,,,,0.00,N,Not at Intersection,N,Non-Junction,None,,,         ,Bryan,Musgrave,Clear,Front to Rear,no,no,no,no,no,False
102525320,VANDERBILT UNIVERSITY POLICE,20190721770,Davidson,Nashville,9/30/2019 12:00:00 AM,2,0,0,36.109270,-86.761710,THOMPSON LN,,,,0.00,,,,,,,0.00,,, ,Non-Junction,None,,,         ,Nancy,Douglas,Clear,Unknown,no,no,no,yes,yes,False
102525323,METROPOLITAN NASHVILLE POLICE DEPT,20190721811,Davidson,Nashville,9/30/2019 4:29:00 PM,2,1,0,36.045480,-86.647290,CROSSINGS BLVD,,,,0.00,,,MT VIEW RD,,,,0.00,Y,Four-Way,N,Intersection,None,,,         ,YUNUS,ADAK,Clear,Angle,no,no,no,no,no,False
102525324,METROPOLITAN NASHVILLE POLICE DEPT,20190721802,Davidson,Nashville,9/30/2019 4:46:00 PM,2,0,0,36.124260,-86.744600,I 440,,,,0.00,,,,,,,6.60,N,Not at Intersection,N,Non-Junction,Construction Zone,Work On Shoulder Or Median,Activity Area,         ,Jarret,Sonnenberg,Clear,Front to Rear,no,no,no,no,no,False
102525325,METROPOLITAN NASHVILLE POLICE DEPT,20190721743,Davidson,Nashville,9/30/2019 5:43:00 PM,2,1,0,36.164260,-86.819900,28TH AVN,,,,4.00,Feet,North,ALBION ST,,,,0.00,N,Not at Intersection, ,Non-Junction,None,,,         ,Justin,Vaughn,Clear,Front to Rear,no,no,no,no,no,False
102525328,METROPOLITAN NASHVILLE POLICE DEPT,20190721848,Davidson,Nashville,9/30/2019 4:52:00 PM,2,0,0,36.154810,-86.763410,LINDSLEY AVE,,,,29.00,Feet,South,US HWY 70,,,,0.00,N,Not at Intersection, ,Non-Junction,None,,,         ,Jason,Milyaro Lucas,Clear,Front to Rear,no,no,no,no,no,False
102525330,METROPOLITAN NASHVILLE POLICE DEPT,20190721745,Davidson,Nashville,9/30/2019 4:55:00 PM,3,0,0,36.042770,-86.654350,I 24,,,,0.00,,,,,,,59.70,N,Not at Intersection,N,Non-Junction,None,,,         ,Brian,Quigley,Clear,Front to Rear,no,no,no,no,no,False
102525345,METROPOLITAN NASHVILLE POLICE DEPT,20190721763,Davidson,Not in City Limit,9/30/2019 5:10:00 PM,2,0,0,36.268220,-86.792420,I 24,,,,0.00,,,,,,,41.25,N,Not at Intersection, ,,None,,,         ,Christopher,Littles,,,no,no,no,no,no,False
102525346,METROPOLITAN NASHVILLE POLICE DEPT,20190721806,Davidson,Nashville,9/30/2019 5:18:00 PM,2,0,0,36.239670,-86.780780,BRILEY PKWY W EXT RAMP,,,,0.00,,,BRICK CHURCH PKE,,,,0.00,Y,T-Intersection, ,,None,,,         ,Christopher,Littles,,,no,no,no,no,no,False
102525347,METROPOLITAN NASHVILLE POLICE DEPT,20190721859,Davidson,Not in City Limit,9/30/2019 5:45:00 PM,2,0,0,36.272120,-86.689560,ANDERSON LN,,,,0.00,,,MYATT DR,,,,0.00,Y,Four-Way, ,,None,,,         ,Christopher,Littles,,,no,no,no,no,no,False
102525348,METROPOLITAN NASHVILLE POLICE DEPT,20190721672,Davidson,Nashville,9/30/2019 4:15:00 PM,2,2,0,36.180200,-86.774270,N 1ST ST,,,,19.00,Feet,East,DICKERSON PKE ENT RAMP,,,,0.00,N,Not at Intersection,N,Non-Junction,None,,,         ,Brent,Morris,Clear,Angle,no,no,no,no,no,False
102525351,METROPOLITAN NASHVILLE POLICE DEPT,20190721570,Davidson,Nashville,9/30/2019 2:57:00 PM,2,0,0,36.109510,-86.744460,NOLENSVILLE PKE,,,,100.00,Feet,South,COLLIER AV,,,,0.00,N,Not at Intersection,N,Non-Junction,None,,,         ,William,King,Clear,"Sideswipe, Same Direction",no,no,no,no,no,False
102525352,METROPOLITAN NASHVILLE POLICE DEPT,20190721346,Davidson,Nashville,9/30/2019 1:29:00 PM,2,0,0,36.135180,-86.886830,CHARLOTTE PKE,,,,403.00,Feet,East,W HILLWOOD DR,,,,0.00,N,Not at Intersection,N,Non-Junction,None,,,         ,Walter,Gray II,Clear,Front to Rear,no,no,no,no,no,False
102525363,METROPOLITAN NASHVILLE POLICE DEPT,20190715935,Davidson,Nashville,9/27/2019 8:10:00 PM,1,0,1,36.175240,-86.759110,MAIN ST,,,,93.00,Feet,West,N 8TH ST,,,,0.00,N,Not at Intersection,N,Non-Junction,None,,,19-0775  ,Christopher,Augustin,Cloudy,Not Collision with Motor Vehicle in Transport,yes,no,no,no,yes,False
102525364,METROPOLITAN NASHVILLE POLICE DEPT,20190721866,Davidson,Nashville,9/30/2019 2:02:00 PM,2,0,0,36.040580,-86.740350,HIGHLAND VILLA CT,,,,0.00,,,,,,,0.00,,,N,Non-Junction,None,,,         ,FELIKS,ABRAHAMYAN,Clear,"Sideswipe, Same Direction",no,no,no,yes,yes,False
102525365,METROPOLITAN NASHVILLE POLICE DEPT,20190721878,Davidson,Nashville,9/30/2019 5:53:00 PM,2,0,0,36.142110,-86.666600,DONELSON PKE,,,,32.00,Feet,South,I40 W EXT RAMP,,,,0.00,N,Not at Intersection, ,Non-Junction,None,,,         ,Christian,Vanders,Clear,"Sideswipe, Same Direction",no,no,no,no,no,False
102525366,METROPOLITAN NASHVILLE POLICE DEPT,20190721933,Davidson,Nashville,9/30/2019 5:20:00 PM,2,0,0,36.162420,-86.790770,11TH AVN,,,,121.00,Feet,North,CHARLOTTE AV,,,,0.00,N,Not at Intersection,N,Non-Junction,None,,,         ,Steffani,Dahlstrom,Clear,Angle,no,no,no,no,no,False
102525367,METROPOLITAN NASHVILLE POLICE DEPT,20190721458,Davidson,Nashville,9/30/2019 2:13:00 PM,2,0,0,36.148420,-86.857900,WHITE BRIDGE PKE,,,,0.00,,,LENOX AV,,,,0.00,Y,Four-Way, ,Intersection,None,,,         ,Walter,Gray II,Clear,Angle,no,no,no,no,no,False
102525373,METROPOLITAN NASHVILLE POLICE DEPT,20190721864,Davidson,Nashville,9/30/2019 6:01:00 PM,2,0,0,36.115310,-86.719480,EAST THOMPSON LN,,,,0.00,Feet,East,GLENROSE AV,,,,0.00,N,Not at Intersection, ,,None,,,         ,Rachel,Susee,,,no,no,no,no,no,False
102525375,METROPOLITAN NASHVILLE POLICE DEPT,20190721819,Davidson,Nashville,9/30/2019 5:21:00 PM,2,0,0,36.146270,-86.809790,WEST END AV,,,,0.00,,,NATCHEZ TRC,,,,0.00,Y,Four-Way, ,Intersection-Related,None,,,         ,John,Roberson,Clear,Front to Rear,no,no,no,no,no,Campus
102525378,METROPOLITAN NASHVILLE POLICE DEPT,20190721999,Davidson,Nashville,9/30/2019 7:05:00 PM,2,0,0,36.073910,-86.769130,I 65,,,,0.00,,,,,,,77.20,N,Not at Intersection, ,,None,,,         ,Heather,Fox,,,no,no,no,no,no,False
102525379,METROPOLITAN NASHVILLE POLICE DEPT,20190721930,Davidson,Nashville,9/30/2019 12:00:00 PM,1,1,0,36.159560,-86.774640,3RD AVS,,,,0.00,,,DEMONBREUN ST,,,,0.00,Y,Four-Way,N,Intersection,None,,,         ,Brian,DeMarce,Clear,Not Collision with Motor Vehicle in Transport,yes,no,no,no,yes,False
102525384,METROPOLITAN NASHVILLE POLICE DEPT,20190721553,Davidson,Nashville,9/30/2019 2:25:00 PM,2,0,0,36.128430,-86.851470,SAINT MARYS CAMPUS PVTDR,,,,116.00,Feet,South,POST PL,,,,0.00,N,Not at Intersection,N,Non-Junction,None,,,         ,Walter,Gray II,Clear,Angle,no,no,no,yes,yes,False
102525391,METROPOLITAN NASHVILLE POLICE DEPT,20190722006,Davidson,Nashville,9/30/2019 7:06:00 PM,2,0,0,36.152240,-86.625070,BELL RD,,,,0.00,,,STEWARTS FERRY PKE,,,,0.00,Y,Four-Way, ,Intersection-Related,None,,,         ,Steven,Powers,Clear,Angle,no,no,no,no,no,False
102525392,METROPOLITAN NASHVILLE POLICE DEPT,20190721761,Davidson,Nashville,9/30/2019 5:08:00 PM,4,0,0,36.043000,-86.654750,I 24,,,,0.00,,,,,,,59.70,N,Not at Intersection,N,Non-Junction,None,,,         ,Marcus,Darden,Clear,"Sideswipe, Same Direction",no,no,no,no,no,False
102525393,METROPOLITAN NASHVILLE POLICE DEPT,20190722066,Davidson,Nashville,9/30/2019 7:01:00 PM,2,0,0,36.061360,-86.675570,ANTIOCH PKE,,,,635.00,Feet,West,MILL CREEK BLUE HOLE GRNWY,,,,0.00,N,Not at Intersection, ,,None,,,         ,William,Cleveland,,,no,no,no,no,no,False
102525395,METROPOLITAN NASHVILLE POLICE DEPT,20190721674,Davidson,Nashville,9/30/2019 3:41:00 PM,2,0,0,36.098010,-86.709800,I 24,,,,0.00,,,,,,,54.70,N,Not at Intersection,N,Non-Junction,None,,,         ,Patrick,Martin,Clear,Front to Rear,no,no,no,no,no,False
102525398,METROPOLITAN NASHVILLE POLICE DEPT,20190722023,Davidson,Nashville,9/30/2019 12:00:00 AM,2,0,0,36.090740,-86.650970,MURFREESBORO PKE,,,,87.00,Feet,South,BOROWOOD DR,,,,0.00,N,Not at Intersection,N,Non-Junction,None,,,         ,Rachel,Susee,Clear,Front to Rear,no,no,no,no,yes,False
102525399,METROPOLITAN NASHVILLE POLICE DEPT,20190722047,Davidson,Goodlettsville,9/30/2019 7:35:00 PM,2,0,0,36.296910,-86.699160,GALLATIN PKEN,,,,0.00,,,RIVERGATE PKWY,,,,0.00,Y,Four-Way, ,Intersection,None,,,         ,Christopher,Littles,Clear,"Sideswipe, Same Direction",no,no,no,no,no,False
102525428,METROPOLITAN NASHVILLE POLICE DEPT,20190721856,Davidson,Nashville,9/30/2019 5:56:00 PM,4,0,0,36.069230,-86.689440,I 24,,,,0.00,,,,,,,57.00,N,Not at Intersection,N,Non-Junction,None,,,         ,Patrick,Martin,Clear,Angle,no,no,no,no,no,False
102525429,METROPOLITAN NASHVILLE POLICE DEPT,20190722101,Davidson,Nashville,9/30/2019 8:06:00 PM,2,2,0,36.176620,-86.755520,MAIN ST,,,,0.00,Feet,South,MCFERRIN AV,,,,0.00,N,Not at Intersection, ,Non-Junction,None,,,         ,Marc,Kozen,Clear,HeadOn,no,no,no,no,no,False
102525430,METROPOLITAN NASHVILLE POLICE DEPT,20190722036,Davidson,Nashville,9/30/2019 7:32:00 PM,1,1,0,36.071540,-86.685160,HAYSTACK LN,,,,308.00,Feet,West,ANTIOCH PKE,,,,0.00,N,Not at Intersection,N,Non-Junction,None,,,         ,Marcus,Darden,Clear,Not Collision with Motor Vehicle in Transport,yes,no,no,no,yes,False
102525462,METROPOLITAN NASHVILLE POLICE DEPT,20190722124,Davidson,Nashville,9/30/2019 12:00:00 AM,2,0,0,36.205980,-86.769780,W TRINITY LN,,,,350.00,Feet,West,E TRINITY LN,,,,0.00,N,Not at Intersection,N,Non-Junction,None,,,         ,John,Braun,Clear,"Sideswipe, Same Direction",no,no,no,no,yes,False
102525481,METROPOLITAN NASHVILLE POLICE DEPT,20190722215,Davidson,Not in City Limit,9/30/2019 9:15:00 PM,2,0,0,36.264070,-86.690290,STATE RT 45,,,,0.00,,,MYATT DR,,,,0.00,Y,Four-Way,N,Intersection,None,,,         ,Christopher,Littles,Clear,Angle,no,no,no,no,yes,False
102525515,METROPOLITAN NASHVILLE POLICE DEPT,20190722027,Davidson,Nashville,9/30/2019 7:25:00 PM,2,0,0,36.202500,-86.820490,BUENA VISTA PKE,,,,3.00,Feet,West,W TRINITY LN,,,,0.00,N,Not at Intersection, ,Non-Junction,None,,,         ,Justin,Vaughn,Clear,Angle,no,no,no,no,yes,False
102525518,METROPOLITAN NASHVILLE POLICE DEPT,20190721977,Davidson,Nashville,9/30/2019 6:38:00 PM,2,0,0,36.130480,-86.713820,MILLWOOD DR,,,,444.00,Feet,North,MURFREESBORO PKE,,,,0.00,N,Not at Intersection,N,"Driveway, Alley Access, etc",None,,,         ,Dontaveous,Eubanks,Clear,Front to Rear,no,no,no,no,no,False
102525519,METROPOLITAN NASHVILLE POLICE DEPT,20190722229,Davidson,Nashville,9/30/2019 9:20:00 PM,2,0,0,36.208500,-86.735400,GALLATIN PKE,,,,162.00,Feet,West,W KIRKLAND AV,,,,0.00,N,Not at Intersection,N,Non-Junction,None,,,         ,Chad,Connors,Clear,Angle,no,no,no,yes,yes,False
102525533,METROPOLITAN NASHVILLE POLICE DEPT,20190722145,Davidson,Not in City Limit,9/30/2019 8:30:00 PM,2,0,0,36.318380,-86.836660,I 24,,,,0.00,,,,,,,36.90,N,Not at Intersection,N,Non-Junction,Work Zone,Laneclosure,Transition Area,         ,Peter,Kinsey,Clear,Front to Rear,no,no,no,no,no,False
102525548,METROPOLITAN NASHVILLE POLICE DEPT,20190722281,Davidson,Goodlettsville,9/30/2019 9:58:00 PM,1,0,0,36.323710,-86.763090,DRY CREEK RD,,,,1733.00,Feet,East,BRICK CHURCH PKE,,,,0.00,N,Not at Intersection, ,Non-Junction,None,,,         ,Rodney,Phipps,Clear,Not Collision with Motor Vehicle in Transport,no,no,no,no,no,False
102525556,METROPOLITAN NASHVILLE POLICE DEPT,20190722357,Davidson,Nashville,9/30/2019 8:00:00 PM,2,0,0,36.201230,-86.762790,MARSHALL ST,,,,249.00,Feet,West,LISCHEY AV,,,,0.00,N,Not at Intersection,N,Non-Junction,None,,,         ,Douglas,Smith,Clear,Unknown,no,no,no,no,yes,False
102525575,METROPOLITAN NASHVILLE POLICE DEPT,20190722335,Davidson,Nashville,9/30/2019 10:24:00 PM,2,1,0,36.154160,-86.822550,I 440,,,,0.00,,,,,,,1.75,N,Not at Intersection,Y,Entrance/Exit Ramp Related,Construction Zone,Work On Shoulder Or Median,Activity Area,         ,Brandon,Simpkins,Clear,"Sideswipe, Same Direction",no,no,no,no,no,False
102525580,METROPOLITAN NASHVILLE POLICE DEPT,20190722449,Davidson,Not in City Limit,9/30/2019 12:00:00 AM,1,0,0,36.012470,-86.703370,NOLENSVILLE PKE,,,,0.00,,,,,,,0.00,,,N,Non-Junction,None,,,         ,Brandon,Rardin,Clear,Not Collision with Motor Vehicle in Transport,no,no,no,no,no,False
102525592,METROPOLITAN NASHVILLE POLICE DEPT,20190722333,Davidson,Nashville,9/30/2019 12:00:00 AM,1,1,0,36.143660,-86.776860,I 65,,,,0.00,,,,,,,82.05,N,Not at Intersection,N,Non-Junction,None,,,         ,Jeremy,Spears,Clear,Not Collision with Motor Vehicle in Transport,no,no,no,no,no,False
102525593,METROPOLITAN NASHVILLE POLICE DEPT,20190718404,Davidson,Nashville,9/29/2019 12:40:00 AM,1,0,0,36.231830,-86.813770,WHITES CREEK PKE,,,,561.00,Feet,South,BRILEY PKWY E ENT RAMP,,,,0.00,N,Not at Intersection,N,Non-Junction,None,,,         ,Joseph,Gawlowski,Clear,Not Collision with Motor Vehicle in Transport,no,no,no,no,no,False
102525594,METROPOLITAN NASHVILLE POLICE DEPT,20190722377,Davidson,Nashville,9/30/2019 8:11:00 PM,2,0,0,36.177700,-86.800990,I 65,,,,0.00,,,,,,,84.85,N,Not at Intersection, ,Non-Junction,None,,,         ,Joel,Bennett,Clear,Angle,no,no,no,no,no,False
102525653,METROPOLITAN NASHVILLE POLICE DEPT,20190722332,Davidson,Madison,9/30/2019 10:08:00 PM,1,0,0,36.257870,-86.733170,S GRAYCROFT AV,,,,40.00,Feet,South,VANTREASE RD,,,,0.00,N,Not at Intersection,N,Non-Junction,None,,,         ,Brandon,Wood,Clear,Not Collision with Motor Vehicle in Transport,no,no,no,no,no,False
102525696,METROPOLITAN NASHVILLE POLICE DEPT,2019-0712361,Davidson,Nashville,9/30/2019 12:45:00 PM,2,0,0,36.241440,-86.757220,DICKERSON PKE,,,,3.00,Feet,North,BRILEY PKWY W ENT RAMP,,,,0.00,N,Not at Intersection, ,Non-Junction,None,,,         ,Arthur,Hipp,Clear,Not Collision with Motor Vehicle in Transport,no,no,no,no,yes,False
102525781,BELLE MEADE POLICE DEPT,19-0274,Davidson,Belle Meade,9/30/2019 9:30:00 AM,2,0,0,36.109370,-86.865190,HARDING PKE,,,,1564.00,Feet,South,JACKSON BLVD,,,,0.00,N,Not at Intersection, ,Non-Junction,None,,,         ,Wes,Bowker,Clear,"Sideswipe, Same Direction",no,no,no,no,no,False
102525783,METROPOLITAN NASHVILLE POLICE DEPT,20190721936,Davidson,Nashville,9/30/2019 6:38:00 PM,2,0,0,36.153160,-86.842260,46TH AVN,,,,50.00,Feet,South,I40 E ENT RAMP,,,,0.00,N,Not at Intersection, ,Non-Junction,None,,,         ,Walter,Gray II,Clear,Front to Rear,no,no,no,no,no,False
102525802,BELLE MEADE POLICE DEPT,19-0275,Davidson,Belle Meade,9/30/2019 12:55:00 PM,2,0,0,36.122440,-86.851630,HILLWOOD BLVD,,,,90.00,Feet,West,HARDING PKE,,,,0.00,N,Not at Intersection, ,Non-Junction,None,,,         ,Wes,Bowker,Clear,Front to Rear,no,no,no,no,no,False
102525833,THP District 9 - Administrative,319063758,Davidson,Nashville,9/30/2019 1:45:00 PM,2,0,0,36.195100,-86.817690,MAINSTREAM DR,,,,0.00,,,,,,,0.00,,Not at Intersection, ,Non-Junction,None,,,         ,Shane,Moore,Clear,Angle,no,no,no,yes,no,False
102525978,VANDERBILT UNIVERSITY POLICE,20190720749,Davidson,Nashville,9/30/2019 7:35:00 AM,2,0,0,36.146070,-86.799550,SCARRITT PL,,,,0.00,,,21ST AVS,,,,0.00,Y,T-Intersection,N,Intersection,None,,,         ,Eugene,Kessler,Clear,Front to Rear,no,no,no,no,no,Campus
102526715,METROPOLITAN NASHVILLE POLICE DEPT,20190725910,Davidson,Nashville,9/30/2019 12:00:00 AM,2,0,0,36.175800,-86.810940,21ST AVN,,,,370.00,Feet,North,FORMOSA ST,,,,0.00,N,Not at Intersection,N,Non-Junction,None,,,         ,Brian,Mclarty,Unknown,"Sideswipe, Same Direction",no,no,no,no,yes,False
102527097,Nashville Airport Police,2019-04182,Davidson,Nashville,9/30/2019 1:05:00 PM,2,0,0,36.131960,-86.665350,TERMINAL DR,,,,536.00,Feet,South,BNA DR,,,,0.00,N,Not at Intersection, ,Non-Junction,None,,,         ,Christopher,Swisher,Clear,"Sideswipe, Same Direction",no,no,no,no,no,False
102528065,THP District 9 - Administrative,319063771,Davidson,Nashville,9/30/2019 2:25:00 PM,2,0,0,36.198040,-86.794050,GREAT CIRCLE RD,,,,867.00,Feet,South,METRO CENTER LEVEE GRNWY,,,,0.00,N,Not at Intersection, ,Non-Junction,None,,,         ,Shane,Moore,Clear,Angle,no,no,no,yes,no,False
102528261,VANDERBILT UNIVERSITY POLICE,20190722068,Davidson,Nashville,9/30/2019 12:00:00 AM,2,0,0,36.140340,-86.800930,21ST AVS,,,,0.00,,,,,,,0.00,,, ,Non-Junction,None,,,         ,Edwin,Melgar,Clear,Unknown,no,no,no,yes,yes,Campus
102528870,METROPOLITAN NASHVILLE POLICE DEPT,20190719235,Davidson,Nashville,9/29/2019 12:30:00 PM,2,1,0,36.153960,-86.762070,CARROLL ST,,,,107.00,Feet,West,OLD HERMITAGE AV,,,,0.00,N,Not at Intersection,N,Non-Junction,None,,,         ,Zachary,Scott,Clear,Angle,no,no,no,no,no,False
102531365,METROPOLITAN NASHVILLE POLICE DEPT,2019719020,Davidson,Nashville,9/29/2019 9:27:00 AM,2,0,0,36.152710,-86.754990,I 40,,,,0.00,,,,,,,211.30,N,Not at Intersection, ,Non-Junction,None,,,         ,Cory,West,Clear,"Sideswipe, Same Direction",no,no,no,no,yes,False
102534026,Long Hunter State Park,3271207000,Davidson,Not in City Limit,9/28/2019 5:00:00 PM,2,0,0,36.080260,-86.629140,HOBSON PIKE,PIKE,SR171,,0.00,,,HOBSON,PIKE,SR171,,0.00,Y,OTHER, ,OtherLocation,None,,,         ,Jeffrey,Sweeney,Clear,Unknown,no,no,no,yes,yes,False
102546751,METROPOLITAN NASHVILLE POLICE DEPT,20190721677,Davidson,Nashville,9/30/2019 3:41:00 PM,2,0,0,36.111000,-86.745250,NOLENSVILLE PKE,,,,0.00,,,THOMPSON LN,,,,0.00,Y,Four-Way, ,Intersection-Related,None,,,         ,FELIKS,ABRAHAMYAN,Clear,"Sideswipe, Same Direction",no,no,no,no,no,False
102551425,METROPOLITAN NASHVILLE POLICE DEPT,20190713385,Davidson,Nashville,9/26/2019 12:00:00 AM,2,0,0,36.206740,-86.780210,W TRINITY LN,,,,235.00,Feet,East,SCRUGGS LN,,,,0.00,N,Not at Intersection, ,Non-Junction,None,,,         ,John,Petriello,Clear,"Sideswipe, Same Direction",no,no,no,no,no,False
102554131,METROPOLITAN NASHVILLE POLICE DEPT,20190793388,Davidson,Antioch,9/23/2019 1:00:00 AM,1,0,0,36.081380,-86.593650,SMITH SPRINGS RD,,,,0.00,,,SCENIC LAKE CT,,,,0.00,Y,T-Intersection, ,Non-Junction,None,,,         ,Steven,Williams,Clear,Not Collision with Motor Vehicle in Transport,no,no,no,no,yes,False
102562663,TENNESSEE STATE UNIVERSITY ,24990,Davidson,Nashville,9/25/2019 12:00:00 AM,2,0,0,36.165540,-86.826580,33RD AVN,,,,257.00,Feet,South,CLOVER ST,,,,0.00,N,Not at Intersection, ,Non-Junction,None,,,         ,Inice,Wagner,Clear,Front to Rear,no,no,no,yes,no,False